ID,Food Name,Category,Match Type,Requires Custom Manual Match,Confidence Score,Current Verified Image URL,Attribution,Google Images Search Link,Excel HYPERLINK Formula
"mango_alphonso","Alphonso Mango","fruits","CURATED_KEYWORD_MATCH","NO - Curated","99%","https://images.unsplash.com/photo-1553279768-865429fa0078?auto=format&fit=crop&w=800&q=80","Unsplash / Golden Ripe Mango","https://www.google.com/search?q=Alphonso%20Mango%20food&tbm=isch","=HYPERLINK(""https://www.google.com/search?q=Alphonso%20Mango%20food&tbm=isch"", ""View Image"")"
"avocado","Avocado","fruits","CURATED_KEYWORD_MATCH","NO - Curated","99%","https://images.unsplash.com/photo-1523049673857-eb18f1d7b578?auto=format&fit=crop&w=800&q=80","Unsplash / Fresh Hass Avocado Slices","https://www.google.com/search?q=Avocado%20food&tbm=isch","=HYPERLINK(""https://www.google.com/search?q=Avocado%20food&tbm=isch"", ""View Image"")"
"turmeric","Turmeric","spices","CURATED_KEYWORD_MATCH","NO - Curated","99%","https://images.unsplash.com/photo-1615485500704-8e505ecbe124?auto=format&fit=crop&w=800&q=80","Unsplash / Pure Ground & Raw Turmeric","https://www.google.com/search?q=Turmeric%20food&tbm=isch","=HYPERLINK(""https://www.google.com/search?q=Turmeric%20food&tbm=isch"", ""View Image"")"
"quinoa","Quinoa","grains","CURATED_KEYWORD_MATCH","NO - Curated","99%","https://images.unsplash.com/photo-1595661677316-e5ece76be7c0?auto=format&fit=crop&w=800&q=80","Unsplash / Organic Golden Quinoa Grain","https://www.google.com/search?q=Quinoa%20food&tbm=isch","=HYPERLINK(""https://www.google.com/search?q=Quinoa%20food&tbm=isch"", ""View Image"")"
"amla","Indian Gooseberry (Amla)","fruits","CURATED_KEYWORD_MATCH","NO - Curated","99%","https://images.unsplash.com/photo-1601055283742-8b27e81b5553?auto=format&fit=crop&w=800&q=80","Wikimedia Commons / Fresh Indian Gooseberry (Amla)","https://www.google.com/search?q=Indian%20Gooseberry%20(Amla)%20food&tbm=isch","=HYPERLINK(""https://www.google.com/search?q=Indian%20Gooseberry%20(Amla)%20food&tbm=isch"", ""View Image"")"
"kale","Kale","vegetables","CURATED_KEYWORD_MATCH","NO - Curated","99%","https://images.unsplash.com/photo-1524179091875-bf99a9a6af57?auto=format&fit=crop&w=800&q=80","Unsplash / Fresh Crisp Kale","https://www.google.com/search?q=Kale%20food&tbm=isch","=HYPERLINK(""https://www.google.com/search?q=Kale%20food&tbm=isch"", ""View Image"")"
"salmon","Atlantic Salmon","seafood","CURATED_KEYWORD_MATCH","NO - Curated","99%","https://images.unsplash.com/photo-1519708227418-c8fd9a32b7a2?auto=format&fit=crop&w=800&q=80","Unsplash / Fresh Wild Salmon Fillet","https://www.google.com/search?q=Atlantic%20Salmon%20food&tbm=isch","=HYPERLINK(""https://www.google.com/search?q=Atlantic%20Salmon%20food&tbm=isch"", ""View Image"")"
"jackfruit","Jackfruit","fruits","CURATED_KEYWORD_MATCH","NO - Curated","99%","https://images.unsplash.com/photo-1591068243886-d8bea9f5c491?auto=format&fit=crop&w=800&q=80","Unsplash / Fresh Jackfruit Bulbs","https://www.google.com/search?q=Jackfruit%20food&tbm=isch","=HYPERLINK(""https://www.google.com/search?q=Jackfruit%20food&tbm=isch"", ""View Image"")"
"spinach","Spinach","vegetables","CURATED_KEYWORD_MATCH","NO - Curated","99%","https://images.unsplash.com/photo-1576045057995-568f588f82fb?auto=format&fit=crop&w=800&q=80","Unsplash / Fresh Organic Spinach","https://www.google.com/search?q=Spinach%20food&tbm=isch","=HYPERLINK(""https://www.google.com/search?q=Spinach%20food&tbm=isch"", ""View Image"")"
"almonds","Almonds","nuts","CURATED_KEYWORD_MATCH","NO - Curated","99%","https://images.unsplash.com/photo-1567007601203-767b7dcfcf10?auto=format&fit=crop&w=800&q=80","Unsplash / Raw Whole California & Mamra Almonds","https://www.google.com/search?q=Almonds%20food&tbm=isch","=HYPERLINK(""https://www.google.com/search?q=Almonds%20food&tbm=isch"", ""View Image"")"
"millet","Millet","grains","CURATED_KEYWORD_MATCH","NO - Curated","99%","https://images.unsplash.com/photo-1622542086073-346a41ce35fe?auto=format&fit=crop&w=800&q=80","Wikimedia / Ancient Organic Pearl Millets & Grains","https://www.google.com/search?q=Millet%20food&tbm=isch","=HYPERLINK(""https://www.google.com/search?q=Millet%20food&tbm=isch"", ""View Image"")"
"paneer","Paneer","dairy","CURATED_KEYWORD_MATCH","NO - Curated","99%","https://images.unsplash.com/photo-1631452180519-c014fe946bc7?auto=format&fit=crop&w=800&q=80","Unsplash / Fresh Indian Cottage Cheese (Paneer)","https://www.google.com/search?q=Paneer%20food&tbm=isch","=HYPERLINK(""https://www.google.com/search?q=Paneer%20food&tbm=isch"", ""View Image"")"
"lentils_red","Red Lentils","legumes","CURATED_KEYWORD_MATCH","NO - Curated","99%","https://images.unsplash.com/photo-1612257999756-9d63c78eee46?auto=format&fit=crop&w=800&q=80","Unsplash / High-Protein Traditional Lentils (Dal)","https://www.google.com/search?q=Red%20Lentils%20food&tbm=isch","=HYPERLINK(""https://www.google.com/search?q=Red%20Lentils%20food&tbm=isch"", ""View Image"")"
"cinnamon","Cinnamon","spices","CURATED_KEYWORD_MATCH","NO - Curated","99%","https://images.unsplash.com/photo-1614326005381-344425877e0a?auto=format&fit=crop&w=800&q=80","Unsplash / Organic Ceylon Cinnamon Sticks","https://www.google.com/search?q=Cinnamon%20food&tbm=isch","=HYPERLINK(""https://www.google.com/search?q=Cinnamon%20food&tbm=isch"", ""View Image"")"
"sweet_potato","Sweet Potato","vegetables","CURATED_KEYWORD_MATCH","NO - Curated","99%","https://images.unsplash.com/photo-1596620740331-304a92a7948f?auto=format&fit=crop&w=800&q=80","Unsplash / Roasted & Fresh Sweet Potatoes","https://www.google.com/search?q=Sweet%20Potato%20food&tbm=isch","=HYPERLINK(""https://www.google.com/search?q=Sweet%20Potato%20food&tbm=isch"", ""View Image"")"
"flaxseeds","Flaxseeds","seeds","CURATED_KEYWORD_MATCH","NO - Curated","99%","https://images.unsplash.com/photo-1541083039736-fb320dec4509?auto=format&fit=crop&w=800&q=80","Unsplash / Nutrient-Packed Superfood Seeds","https://www.google.com/search?q=Flaxseeds%20food&tbm=isch","=HYPERLINK(""https://www.google.com/search?q=Flaxseeds%20food&tbm=isch"", ""View Image"")"
"greek_yogurt","Greek Yogurt","dairy","CURATED_KEYWORD_MATCH","NO - Curated","99%","https://images.unsplash.com/photo-1563636619-e9143da7973b?auto=format&fit=crop&w=800&q=80","Unsplash / Fresh Farm Dairy & Artisanal Cheese","https://www.google.com/search?q=Greek%20Yogurt%20food&tbm=isch","=HYPERLINK(""https://www.google.com/search?q=Greek%20Yogurt%20food&tbm=isch"", ""View Image"")"
"blueberries","Blueberries","fruits","CURATED_KEYWORD_MATCH","NO - Curated","99%","https://images.unsplash.com/photo-1502741224143-90386d7f8c82?auto=format&fit=crop&w=800&q=80","Unsplash / Fresh Wild Blueberries","https://www.google.com/search?q=Blueberries%20food&tbm=isch","=HYPERLINK(""https://www.google.com/search?q=Blueberries%20food&tbm=isch"", ""View Image"")"
"chickpeas","Chickpeas","legumes","CURATED_KEYWORD_MATCH","NO - Curated","99%","https://images.unsplash.com/photo-1587735243615-c03f25aaff15?auto=format&fit=crop&w=800&q=80","Unsplash / Sweet Tender Green Garden Peas","https://www.google.com/search?q=Chickpeas%20food&tbm=isch","=HYPERLINK(""https://www.google.com/search?q=Chickpeas%20food&tbm=isch"", ""View Image"")"
"olive_oil_extra_virgin","Extra Virgin Olive Oil","oils","CURATED_KEYWORD_MATCH","NO - Curated","99%","https://images.unsplash.com/photo-1474979266404-7eaacbcd87c5?auto=format&fit=crop&w=800&q=80","Unsplash / Extra Virgin Cold-Pressed Olive Oil","https://www.google.com/search?q=Extra%20Virgin%20Olive%20Oil%20food&tbm=isch","=HYPERLINK(""https://www.google.com/search?q=Extra%20Virgin%20Olive%20Oil%20food&tbm=isch"", ""View Image"")"
"oats","Rolled Oats","grains","CURATED_KEYWORD_MATCH","NO - Curated","99%","https://images.unsplash.com/photo-1471193945509-9ad0617afabf?auto=format&fit=crop&w=800&q=80","Unsplash / Organic Rolled Oats Bowl","https://www.google.com/search?q=Rolled%20Oats%20food&tbm=isch","=HYPERLINK(""https://www.google.com/search?q=Rolled%20Oats%20food&tbm=isch"", ""View Image"")"
"garlic","Garlic","spices","CURATED_KEYWORD_MATCH","NO - Curated","99%","https://images.unsplash.com/photo-1615475689030-8c9f177d5e37?auto=format&fit=crop&w=800&q=80","Unsplash / Fresh Garlic Bulbs & Cloves","https://www.google.com/search?q=Garlic%20food&tbm=isch","=HYPERLINK(""https://www.google.com/search?q=Garlic%20food&tbm=isch"", ""View Image"")"
"chicken_breast","Chicken Breast","poultry","CURATED_KEYWORD_MATCH","NO - Curated","99%","https://images.unsplash.com/photo-1604503468506-a8da13d82791?auto=format&fit=crop&w=800&q=80","Unsplash / Lean Organic Chicken Breast","https://www.google.com/search?q=Chicken%20Breast%20food&tbm=isch","=HYPERLINK(""https://www.google.com/search?q=Chicken%20Breast%20food&tbm=isch"", ""View Image"")"
"chicken_thighs","Chicken Thighs","poultry","CURATED_KEYWORD_MATCH","NO - Curated","99%","https://images.unsplash.com/photo-1604503468506-a8da13d82791?auto=format&fit=crop&w=800&q=80","Unsplash / Lean Organic Chicken Breast","https://www.google.com/search?q=Chicken%20Thighs%20food&tbm=isch","=HYPERLINK(""https://www.google.com/search?q=Chicken%20Thighs%20food&tbm=isch"", ""View Image"")"
"crab","Blue Crab","seafood","CURATED_KEYWORD_MATCH","NO - Curated","99%","https://images.unsplash.com/photo-1565333280022-9b7f020c67e3?auto=format&fit=crop&w=800&q=80","Unsplash / Fresh Whole Crab & Shellfish","https://www.google.com/search?q=Blue%20Crab%20food&tbm=isch","=HYPERLINK(""https://www.google.com/search?q=Blue%20Crab%20food&tbm=isch"", ""View Image"")"
"river_prawns","Freshwater Prawns","seafood","CURATED_KEYWORD_MATCH","NO - Curated","99%","https://images.unsplash.com/photo-1559737558-2f5a35f4523b?auto=format&fit=crop&w=800&q=80","Unsplash / Fresh Wild Caught Prawns","https://www.google.com/search?q=Freshwater%20Prawns%20food&tbm=isch","=HYPERLINK(""https://www.google.com/search?q=Freshwater%20Prawns%20food&tbm=isch"", ""View Image"")"
"rice_basmati","Basmati Rice","grains","CURATED_KEYWORD_MATCH","NO - Curated","99%","https://images.unsplash.com/photo-1586201375761-83865001e8ac?auto=format&fit=crop&w=800&q=80","Unsplash / Long-Grain Aged Basmati Rice","https://www.google.com/search?q=Basmati%20Rice%20food&tbm=isch","=HYPERLINK(""https://www.google.com/search?q=Basmati%20Rice%20food&tbm=isch"", ""View Image"")"
"eggs","Eggs","protein","CURATED_KEYWORD_MATCH","NO - Curated","99%","https://images.unsplash.com/photo-1506976785307-8732e854ad03?auto=format&fit=crop&w=800&q=80","Unsplash / Farm Fresh Organic Eggs","https://www.google.com/search?q=Eggs%20food&tbm=isch","=HYPERLINK(""https://www.google.com/search?q=Eggs%20food&tbm=isch"", ""View Image"")"
"milk","Whole Milk","dairy","CURATED_KEYWORD_MATCH","NO - Curated","99%","https://images.unsplash.com/photo-1563636619-e9143da7973b?auto=format&fit=crop&w=800&q=80","Unsplash / Fresh Farm Dairy & Artisanal Cheese","https://www.google.com/search?q=Whole%20Milk%20food&tbm=isch","=HYPERLINK(""https://www.google.com/search?q=Whole%20Milk%20food&tbm=isch"", ""View Image"")"
"tomatoes","Tomatoes","vegetables","CURATED_KEYWORD_MATCH","NO - Curated","99%","https://images.unsplash.com/photo-1561136594-7f68413baa99?auto=format&fit=crop&w=800&q=80","Unsplash / Vine-Ripe Red Tomatoes","https://www.google.com/search?q=Tomatoes%20food&tbm=isch","=HYPERLINK(""https://www.google.com/search?q=Tomatoes%20food&tbm=isch"", ""View Image"")"
"ginger","Ginger","spices","CURATED_KEYWORD_MATCH","NO - Curated","99%","https://images.unsplash.com/photo-1615485290382-441e4d049cb5?auto=format&fit=crop&w=800&q=80","Unsplash / Fresh Aromatic Ginger Root","https://www.google.com/search?q=Ginger%20food&tbm=isch","=HYPERLINK(""https://www.google.com/search?q=Ginger%20food&tbm=isch"", ""View Image"")"
"cucumber","Cucumber","vegetables","CURATED_KEYWORD_MATCH","NO - Curated","99%","https://images.unsplash.com/photo-1604977042946-1eecc30f269e?auto=format&fit=crop&w=800&q=80","Unsplash / Crisp Sliced Cucumbers","https://www.google.com/search?q=Cucumber%20food&tbm=isch","=HYPERLINK(""https://www.google.com/search?q=Cucumber%20food&tbm=isch"", ""View Image"")"
"mango_green","Green Mango","fruits","CURATED_KEYWORD_MATCH","NO - Curated","99%","https://images.unsplash.com/photo-1553279768-865429fa0078?auto=format&fit=crop&w=800&q=80","Unsplash / Fresh Tangy Green Raw Mango","https://www.google.com/search?q=Green%20Mango%20food&tbm=isch","=HYPERLINK(""https://www.google.com/search?q=Green%20Mango%20food&tbm=isch"", ""View Image"")"
"cauliflower","Cauliflower","vegetables","CURATED_KEYWORD_MATCH","NO - Curated","99%","https://images.unsplash.com/photo-1568584711075-3d021a7c3ca3?auto=format&fit=crop&w=800&q=80","Unsplash / Fresh White Cauliflower","https://www.google.com/search?q=Cauliflower%20food&tbm=isch","=HYPERLINK(""https://www.google.com/search?q=Cauliflower%20food&tbm=isch"", ""View Image"")"
"ghee","Ghee","dairy","CURATED_KEYWORD_MATCH","NO - Curated","99%","https://images.unsplash.com/photo-1589985270826-4b7bb135bc9d?auto=format&fit=crop&w=800&q=80","Unsplash / Pure Golden Desi Ghee","https://www.google.com/search?q=Ghee%20food&tbm=isch","=HYPERLINK(""https://www.google.com/search?q=Ghee%20food&tbm=isch"", ""View Image"")"
"papaya","Papaya","fruits","CURATED_KEYWORD_MATCH","NO - Curated","99%","https://images.unsplash.com/photo-1517282009859-f000ec3b26fe?auto=format&fit=crop&w=800&q=80","Unsplash / Sweet Tropical Asian Specialty Papaya","https://www.google.com/search?q=Papaya%20food&tbm=isch","=HYPERLINK(""https://www.google.com/search?q=Papaya%20food&tbm=isch"", ""View Image"")"
"tilapia","Tilapia","seafood","CURATED_KEYWORD_MATCH","NO - Curated","99%","https://images.unsplash.com/photo-1534604973900-c43ab4c2e0ab?auto=format&fit=crop&w=800&q=80","Unsplash / Fresh Caught Seafood & Fish","https://www.google.com/search?q=Tilapia%20food&tbm=isch","=HYPERLINK(""https://www.google.com/search?q=Tilapia%20food&tbm=isch"", ""View Image"")"
"watermelon","Watermelon","fruits","CURATED_KEYWORD_MATCH","NO - Curated","99%","https://images.unsplash.com/photo-1587049352846-4a222e784d38?auto=format&fit=crop&w=800&q=80","Unsplash / Sweet Juicy Watermelon","https://www.google.com/search?q=Watermelon%20food&tbm=isch","=HYPERLINK(""https://www.google.com/search?q=Watermelon%20food&tbm=isch"", ""View Image"")"
"beef_steak","Beef Steak","meat","CURATED_KEYWORD_MATCH","NO - Curated","99%","https://images.unsplash.com/photo-1603048588665-791ca8aea617?auto=format&fit=crop&w=800&q=80","Unsplash / Grass-Fed Beef Steak","https://www.google.com/search?q=Beef%20Steak%20food&tbm=isch","=HYPERLINK(""https://www.google.com/search?q=Beef%20Steak%20food&tbm=isch"", ""View Image"")"
"pineapple","Pineapple","fruits","CURATED_KEYWORD_MATCH","NO - Curated","99%","https://images.unsplash.com/photo-1560806887-1e4cd0b6cbd6?auto=format&fit=crop&w=800&q=80","Unsplash / Fresh Crisp Apple","https://www.google.com/search?q=Pineapple%20food&tbm=isch","=HYPERLINK(""https://www.google.com/search?q=Pineapple%20food&tbm=isch"", ""View Image"")"
"broccoli","Broccoli","vegetables","CURATED_KEYWORD_MATCH","NO - Curated","99%","https://images.unsplash.com/photo-1584270354949-c26b0d5b4a0c?auto=format&fit=crop&w=800&q=80","Unsplash / Fresh Green Broccoli Crowns","https://www.google.com/search?q=Broccoli%20food&tbm=isch","=HYPERLINK(""https://www.google.com/search?q=Broccoli%20food&tbm=isch"", ""View Image"")"
"shrimp","Shrimp","seafood","CURATED_KEYWORD_MATCH","NO - Curated","99%","https://images.unsplash.com/photo-1559737558-2f5a35f4523b?auto=format&fit=crop&w=800&q=80","Unsplash / Fresh Wild Caught Prawns","https://www.google.com/search?q=Shrimp%20food&tbm=isch","=HYPERLINK(""https://www.google.com/search?q=Shrimp%20food&tbm=isch"", ""View Image"")"
"bell_pepper","Bell Pepper","vegetables","CURATED_KEYWORD_MATCH","NO - Curated","99%","https://images.unsplash.com/photo-1563565375-f3fdfdbefa83?auto=format&fit=crop&w=800&q=80","Unsplash / Colorful Crisp Red Bell Peppers","https://www.google.com/search?q=Bell%20Pepper%20food&tbm=isch","=HYPERLINK(""https://www.google.com/search?q=Bell%20Pepper%20food&tbm=isch"", ""View Image"")"
"lobster","Lobster","seafood","CURATED_KEYWORD_MATCH","NO - Curated","99%","https://images.unsplash.com/photo-1565333280022-9b7f020c67e3?auto=format&fit=crop&w=800&q=80","Unsplash / Fresh Whole Crab & Shellfish","https://www.google.com/search?q=Lobster%20food&tbm=isch","=HYPERLINK(""https://www.google.com/search?q=Lobster%20food&tbm=isch"", ""View Image"")"
"strawberry","Strawberry","fruits","CURATED_KEYWORD_MATCH","NO - Curated","99%","https://images.unsplash.com/photo-1464965911861-746a04b4bca6?auto=format&fit=crop&w=800&q=80","Unsplash / Fresh Red Strawberries","https://www.google.com/search?q=Strawberry%20food&tbm=isch","=HYPERLINK(""https://www.google.com/search?q=Strawberry%20food&tbm=isch"", ""View Image"")"
"pork_chops","Pork Chops","meat","CURATED_KEYWORD_MATCH","NO - Curated","99%","https://images.unsplash.com/photo-1602470520998-f4a52199a3d6?auto=format&fit=crop&w=800&q=80","Unsplash / Premium Tender Lamb & Mutton Cuts","https://www.google.com/search?q=Pork%20Chops%20food&tbm=isch","=HYPERLINK(""https://www.google.com/search?q=Pork%20Chops%20food&tbm=isch"", ""View Image"")"
"lamb_leg","Lamb Leg","meat","CURATED_KEYWORD_MATCH","NO - Curated","99%","https://images.unsplash.com/photo-1602470520998-f4a52199a3d6?auto=format&fit=crop&w=800&q=80","Unsplash / Premium Tender Lamb & Mutton Cuts","https://www.google.com/search?q=Lamb%20Leg%20food&tbm=isch","=HYPERLINK(""https://www.google.com/search?q=Lamb%20Leg%20food&tbm=isch"", ""View Image"")"
"carrot","Carrot","vegetables","CURATED_KEYWORD_MATCH","NO - Curated","99%","https://images.unsplash.com/photo-1598170845058-128a2b64a275?auto=format&fit=crop&w=800&q=80","Unsplash / Crisp Organic Carrots","https://www.google.com/search?q=Carrot%20food&tbm=isch","=HYPERLINK(""https://www.google.com/search?q=Carrot%20food&tbm=isch"", ""View Image"")"
"mango","Mango","fruits","CURATED_KEYWORD_MATCH","NO - Curated","99%","https://images.unsplash.com/photo-1553279768-865429fa0078?auto=format&fit=crop&w=800&q=80","Unsplash / Golden Ripe Mango","https://www.google.com/search?q=Mango%20food&tbm=isch","=HYPERLINK(""https://www.google.com/search?q=Mango%20food&tbm=isch"", ""View Image"")"
"kiwi","Kiwi Fruit","fruits","CURATED_KEYWORD_MATCH","NO - Curated","99%","https://images.unsplash.com/photo-1585059819970-313686321946?auto=format&fit=crop&w=800&q=80","Unsplash / Fresh Green Kiwi Slices","https://www.google.com/search?q=Kiwi%20Fruit%20food&tbm=isch","=HYPERLINK(""https://www.google.com/search?q=Kiwi%20Fruit%20food&tbm=isch"", ""View Image"")"
"pomegranate","Pomegranate","fruits","CURATED_KEYWORD_MATCH","NO - Curated","99%","https://images.unsplash.com/photo-1615485290382-441e4d049cb5?auto=format&fit=crop&w=800&q=80","Unsplash / Fresh Ruby Pomegranate Arils","https://www.google.com/search?q=Pomegranate%20food&tbm=isch","=HYPERLINK(""https://www.google.com/search?q=Pomegranate%20food&tbm=isch"", ""View Image"")"
"spinach_baby","Baby Spinach","vegetables","CURATED_KEYWORD_MATCH","NO - Curated","99%","https://images.unsplash.com/photo-1576045057995-568f588f82fb?auto=format&fit=crop&w=800&q=80","Unsplash / Fresh Organic Spinach","https://www.google.com/search?q=Baby%20Spinach%20food&tbm=isch","=HYPERLINK(""https://www.google.com/search?q=Baby%20Spinach%20food&tbm=isch"", ""View Image"")"
"cauliflower_organic","Organic Cauliflower","vegetables","CURATED_KEYWORD_MATCH","NO - Curated","99%","https://images.unsplash.com/photo-1568584711075-3d021a7c3ca3?auto=format&fit=crop&w=800&q=80","Unsplash / Fresh White Cauliflower","https://www.google.com/search?q=Organic%20Cauliflower%20food&tbm=isch","=HYPERLINK(""https://www.google.com/search?q=Organic%20Cauliflower%20food&tbm=isch"", ""View Image"")"
"eggplant","Eggplant","vegetables","CURATED_KEYWORD_MATCH","NO - Curated","99%","https://images.unsplash.com/photo-1613743983387-03f4a86f9909?auto=format&fit=crop&w=800&q=80","Unsplash / Glossy Fresh Eggplant","https://www.google.com/search?q=Eggplant%20food&tbm=isch","=HYPERLINK(""https://www.google.com/search?q=Eggplant%20food&tbm=isch"", ""View Image"")"
"salmon_wild","Wild-Caught Salmon","seafood","CURATED_KEYWORD_MATCH","NO - Curated","99%","https://images.unsplash.com/photo-1519708227418-c8fd9a32b7a2?auto=format&fit=crop&w=800&q=80","Unsplash / Fresh Wild Salmon Fillet","https://www.google.com/search?q=Wild-Caught%20Salmon%20food&tbm=isch","=HYPERLINK(""https://www.google.com/search?q=Wild-Caught%20Salmon%20food&tbm=isch"", ""View Image"")"
"chicken_breast_boneless","Boneless Chicken Breast","meat","CURATED_KEYWORD_MATCH","NO - Curated","99%","https://images.unsplash.com/photo-1604503468506-a8da13d82791?auto=format&fit=crop&w=800&q=80","Unsplash / Lean Organic Chicken Breast","https://www.google.com/search?q=Boneless%20Chicken%20Breast%20food&tbm=isch","=HYPERLINK(""https://www.google.com/search?q=Boneless%20Chicken%20Breast%20food&tbm=isch"", ""View Image"")"
"eggs_free_range","Free-Range Eggs","protein","CURATED_KEYWORD_MATCH","NO - Curated","99%","https://images.unsplash.com/photo-1506976785307-8732e854ad03?auto=format&fit=crop&w=800&q=80","Unsplash / Farm Fresh Organic Eggs","https://www.google.com/search?q=Free-Range%20Eggs%20food&tbm=isch","=HYPERLINK(""https://www.google.com/search?q=Free-Range%20Eggs%20food&tbm=isch"", ""View Image"")"
"quinoa_organic","Organic Quinoa","grains","CURATED_KEYWORD_MATCH","NO - Curated","99%","https://images.unsplash.com/photo-1595661677316-e5ece76be7c0?auto=format&fit=crop&w=800&q=80","Unsplash / Organic Golden Quinoa Grain","https://www.google.com/search?q=Organic%20Quinoa%20food&tbm=isch","=HYPERLINK(""https://www.google.com/search?q=Organic%20Quinoa%20food&tbm=isch"", ""View Image"")"
"lentils","Lentils","legumes","CURATED_KEYWORD_MATCH","NO - Curated","99%","https://images.unsplash.com/photo-1612257999756-9d63c78eee46?auto=format&fit=crop&w=800&q=80","Unsplash / High-Protein Traditional Lentils (Dal)","https://www.google.com/search?q=Lentils%20food&tbm=isch","=HYPERLINK(""https://www.google.com/search?q=Lentils%20food&tbm=isch"", ""View Image"")"
"olive_oil","Olive Oil","oils","CURATED_KEYWORD_MATCH","NO - Curated","99%","https://images.unsplash.com/photo-1474979266404-7eaacbcd87c5?auto=format&fit=crop&w=800&q=80","Unsplash / Extra Virgin Cold-Pressed Olive Oil","https://www.google.com/search?q=Olive%20Oil%20food&tbm=isch","=HYPERLINK(""https://www.google.com/search?q=Olive%20Oil%20food&tbm=isch"", ""View Image"")"
"asparagus","Asparagus","vegetables","CURATED_KEYWORD_MATCH","NO - Curated","99%","https://images.unsplash.com/photo-1515471209610-e3f15d785718?auto=format&fit=crop&w=800&q=80","Unsplash / Fresh Green Asparagus Spears","https://www.google.com/search?q=Asparagus%20food&tbm=isch","=HYPERLINK(""https://www.google.com/search?q=Asparagus%20food&tbm=isch"", ""View Image"")"
"avocado_hass","Hass Avocado","fruits","CURATED_KEYWORD_MATCH","NO - Curated","99%","https://images.unsplash.com/photo-1523049673857-eb18f1d7b578?auto=format&fit=crop&w=800&q=80","Unsplash / Fresh Hass Avocado Slices","https://www.google.com/search?q=Hass%20Avocado%20food&tbm=isch","=HYPERLINK(""https://www.google.com/search?q=Hass%20Avocado%20food&tbm=isch"", ""View Image"")"
"kale_fresh","Fresh Kale","vegetables","CURATED_KEYWORD_MATCH","NO - Curated","99%","https://images.unsplash.com/photo-1524179091875-bf99a9a6af57?auto=format&fit=crop&w=800&q=80","Unsplash / Fresh Crisp Kale","https://www.google.com/search?q=Fresh%20Kale%20food&tbm=isch","=HYPERLINK(""https://www.google.com/search?q=Fresh%20Kale%20food&tbm=isch"", ""View Image"")"
"blueberry","Blueberry","fruits","CURATED_KEYWORD_MATCH","NO - Curated","99%","https://images.unsplash.com/photo-1502741224143-90386d7f8c82?auto=format&fit=crop&w=800&q=80","Unsplash / Fresh Wild Blueberries","https://www.google.com/search?q=Blueberry%20food&tbm=isch","=HYPERLINK(""https://www.google.com/search?q=Blueberry%20food&tbm=isch"", ""View Image"")"
"orange","Orange","fruits","CURATED_KEYWORD_MATCH","NO - Curated","99%","https://images.unsplash.com/photo-1611080626919-7cf5a9dbab5b?auto=format&fit=crop&w=800&q=80","Unsplash / Juicy Citrus Oranges","https://www.google.com/search?q=Orange%20food&tbm=isch","=HYPERLINK(""https://www.google.com/search?q=Orange%20food&tbm=isch"", ""View Image"")"
"tuna","Tuna","seafood","CURATED_KEYWORD_MATCH","NO - Curated","99%","https://images.unsplash.com/photo-1534604973900-c43ab4c2e0ab?auto=format&fit=crop&w=800&q=80","Unsplash / Fresh Caught Seafood & Fish","https://www.google.com/search?q=Tuna%20food&tbm=isch","=HYPERLINK(""https://www.google.com/search?q=Tuna%20food&tbm=isch"", ""View Image"")"
"lamb_chops","Lamb Chops","meat","CURATED_KEYWORD_MATCH","NO - Curated","99%","https://images.unsplash.com/photo-1602470520998-f4a52199a3d6?auto=format&fit=crop&w=800&q=80","Unsplash / Premium Tender Lamb & Mutton Cuts","https://www.google.com/search?q=Lamb%20Chops%20food&tbm=isch","=HYPERLINK(""https://www.google.com/search?q=Lamb%20Chops%20food&tbm=isch"", ""View Image"")"
"almonds_raw","Raw Almonds","nuts","CURATED_KEYWORD_MATCH","NO - Curated","99%","https://images.unsplash.com/photo-1567007601203-767b7dcfcf10?auto=format&fit=crop&w=800&q=80","Unsplash / Raw Whole California & Mamra Almonds","https://www.google.com/search?q=Raw%20Almonds%20food&tbm=isch","=HYPERLINK(""https://www.google.com/search?q=Raw%20Almonds%20food&tbm=isch"", ""View Image"")"
"greek_yogurt_nonfat","Non-Fat Greek Yogurt","dairy","CURATED_KEYWORD_MATCH","NO - Curated","99%","https://images.unsplash.com/photo-1563636619-e9143da7973b?auto=format&fit=crop&w=800&q=80","Unsplash / Fresh Farm Dairy & Artisanal Cheese","https://www.google.com/search?q=Non-Fat%20Greek%20Yogurt%20food&tbm=isch","=HYPERLINK(""https://www.google.com/search?q=Non-Fat%20Greek%20Yogurt%20food&tbm=isch"", ""View Image"")"
"honey","Honey","sweeteners","CURATED_KEYWORD_MATCH","NO - Curated","99%","https://cdn.pixabay.com/photo/2015/11/07/11/55/honey-1031057_640.jpg","Pixabay / Pure Wildflower Honey Jar","https://www.google.com/search?q=Honey%20food&tbm=isch","=HYPERLINK(""https://www.google.com/search?q=Honey%20food&tbm=isch"", ""View Image"")"
"lemon","Lemon","fruits","CURATED_KEYWORD_MATCH","NO - Curated","99%","https://images.unsplash.com/photo-1534531141161-e41d133a897d?auto=format&fit=crop&w=800&q=80","Unsplash / Fresh Organic Lemons","https://www.google.com/search?q=Lemon%20food&tbm=isch","=HYPERLINK(""https://www.google.com/search?q=Lemon%20food&tbm=isch"", ""View Image"")"
"lime","Lime","fruits","CURATED_KEYWORD_MATCH","NO - Curated","99%","https://images.unsplash.com/photo-1594282481517-764f3d39378a?auto=format&fit=crop&w=800&q=80","Unsplash / Fresh Green Limes","https://www.google.com/search?q=Lime%20food&tbm=isch","=HYPERLINK(""https://www.google.com/search?q=Lime%20food&tbm=isch"", ""View Image"")"
"grapefruit","Grapefruit","fruits","CURATED_KEYWORD_MATCH","NO - Curated","99%","https://images.unsplash.com/photo-1528825871115-3581a5387919?auto=format&fit=crop&w=800&q=80","Unsplash / Pink Grapefruit","https://www.google.com/search?q=Grapefruit%20food&tbm=isch","=HYPERLINK(""https://www.google.com/search?q=Grapefruit%20food&tbm=isch"", ""View Image"")"
"pomelo","Pomelo","fruits","CURATED_KEYWORD_MATCH","NO - Curated","99%","https://images.unsplash.com/photo-1582979512210-99b6a53386f9?auto=format&fit=crop&w=800&q=80","Unsplash / Large Fresh Citrus Pomelo","https://www.google.com/search?q=Pomelo%20food&tbm=isch","=HYPERLINK(""https://www.google.com/search?q=Pomelo%20food&tbm=isch"", ""View Image"")"
"tangerine","Tangerine","fruits","CURATED_KEYWORD_MATCH","NO - Curated","99%","https://images.unsplash.com/photo-1611080626919-7cf5a9dbab5b?auto=format&fit=crop&w=800&q=80","Unsplash / Juicy Citrus Oranges","https://www.google.com/search?q=Tangerine%20food&tbm=isch","=HYPERLINK(""https://www.google.com/search?q=Tangerine%20food&tbm=isch"", ""View Image"")"
"swiss_chard","Swiss Chard","vegetables","CURATED_KEYWORD_MATCH","NO - Curated","99%","https://images.unsplash.com/photo-1759579719674-22b27ba1b8b0?auto=format&fit=crop&w=800&q=80","Unsplash / Anna Kharkivska — Close-up of vibrant red chard leaves","https://www.google.com/search?q=Swiss%20Chard%20food&tbm=isch","=HYPERLINK(""https://www.google.com/search?q=Swiss%20Chard%20food&tbm=isch"", ""View Image"")"
"collard_greens","Collard Greens","vegetables","CURATED_KEYWORD_MATCH","NO - Curated","99%","https://images.unsplash.com/photo-1576045057995-568f588f82fb?auto=format&fit=crop&w=800&q=80","Unsplash / Fresh Organic Spinach","https://www.google.com/search?q=Collard%20Greens%20food&tbm=isch","=HYPERLINK(""https://www.google.com/search?q=Collard%20Greens%20food&tbm=isch"", ""View Image"")"
"arugula","Arugula (Rocket)","vegetables","CURATED_KEYWORD_MATCH","NO - Curated","99%","https://images.unsplash.com/photo-1556801712-76c8eb07bbc9?auto=format&fit=crop&w=800&q=80","Unsplash / Fresh Crisp Lettuce Leaves","https://www.google.com/search?q=Arugula%20(Rocket)%20food&tbm=isch","=HYPERLINK(""https://www.google.com/search?q=Arugula%20(Rocket)%20food&tbm=isch"", ""View Image"")"
"brussels_sprouts","Brussels Sprouts","vegetables","CURATED_KEYWORD_MATCH","NO - Curated","99%","https://images.unsplash.com/photo-1584270354949-c26b0d5b4a0c?auto=format&fit=crop&w=800&q=80","Unsplash / Fresh Brussels Sprouts","https://www.google.com/search?q=Brussels%20Sprouts%20food&tbm=isch","=HYPERLINK(""https://www.google.com/search?q=Brussels%20Sprouts%20food&tbm=isch"", ""View Image"")"
"kohlrabi","Kohlrabi","vegetables","CURATED_KEYWORD_MATCH","NO - Curated","99%","https://images.unsplash.com/photo-1554107716-ec43584a2e9a?auto=format&fit=crop&w=800&q=80","Unsplash / Monika Grabkowska — Fresh kohlrabi bulb","https://www.google.com/search?q=Kohlrabi%20food&tbm=isch","=HYPERLINK(""https://www.google.com/search?q=Kohlrabi%20food&tbm=isch"", ""View Image"")"
"fuji_apple","Fuji Apple","fruits","CURATED_KEYWORD_MATCH","NO - Curated","99%","https://images.unsplash.com/photo-1568702846914-96b305d2aaeb?auto=format&fit=crop&w=800&q=80","Unsplash / High-res Fuji Apple Photography","https://www.google.com/search?q=Fuji%20Apple%20food&tbm=isch","=HYPERLINK(""https://www.google.com/search?q=Fuji%20Apple%20food&tbm=isch"", ""View Image"")"
"fuji_apple_var_1001","Fresh Organic Fuji Apple","fruits","CURATED_KEYWORD_MATCH","NO - Curated","99%","https://images.unsplash.com/photo-1568702846914-96b305d2aaeb?auto=format&fit=crop&w=800&q=80","Unsplash / High-res Fuji Apple Photography","https://www.google.com/search?q=Fresh%20Organic%20Fuji%20Apple%20food&tbm=isch","=HYPERLINK(""https://www.google.com/search?q=Fresh%20Organic%20Fuji%20Apple%20food&tbm=isch"", ""View Image"")"
"fuji_apple_var_1002","Sun-Dried Fuji Apple (Dried)","fruits","CURATED_KEYWORD_MATCH","NO - Curated","99%","https://images.unsplash.com/photo-1568702846914-96b305d2aaeb?auto=format&fit=crop&w=800&q=80","Unsplash / High-res Fuji Apple Photography","https://www.google.com/search?q=Sun-Dried%20Fuji%20Apple%20(Dried)%20food&tbm=isch","=HYPERLINK(""https://www.google.com/search?q=Sun-Dried%20Fuji%20Apple%20(Dried)%20food&tbm=isch"", ""View Image"")"
"fuji_apple_var_1003","Himalayan Grade Fuji Apple (Special)","fruits","CURATED_KEYWORD_MATCH","NO - Curated","99%","https://images.unsplash.com/photo-1568702846914-96b305d2aaeb?auto=format&fit=crop&w=800&q=80","Unsplash / High-res Fuji Apple Photography","https://www.google.com/search?q=Himalayan%20Grade%20Fuji%20Apple%20(Special)%20food&tbm=isch","=HYPERLINK(""https://www.google.com/search?q=Himalayan%20Grade%20Fuji%20Apple%20(Special)%20food&tbm=isch"", ""View Image"")"
"fuji_apple_var_1004","South Indian Fuji Apple (Traditional)","fruits","CURATED_KEYWORD_MATCH","NO - Curated","99%","https://images.unsplash.com/photo-1568702846914-96b305d2aaeb?auto=format&fit=crop&w=800&q=80","Unsplash / High-res Fuji Apple Photography","https://www.google.com/search?q=South%20Indian%20Fuji%20Apple%20(Traditional)%20food&tbm=isch","=HYPERLINK(""https://www.google.com/search?q=South%20Indian%20Fuji%20Apple%20(Traditional)%20food&tbm=isch"", ""View Image"")"
"fuji_apple_var_1005","North Indian Style Fuji Apple (Spiced)","fruits","CURATED_KEYWORD_MATCH","NO - Curated","99%","https://images.unsplash.com/photo-1568702846914-96b305d2aaeb?auto=format&fit=crop&w=800&q=80","Unsplash / High-res Fuji Apple Photography","https://www.google.com/search?q=North%20Indian%20Style%20Fuji%20Apple%20(Spiced)%20food&tbm=isch","=HYPERLINK(""https://www.google.com/search?q=North%20Indian%20Style%20Fuji%20Apple%20(Spiced)%20food&tbm=isch"", ""View Image"")"
"fuji_apple_var_1006","Mediterranean Classic Fuji Apple (Imported)","fruits","CURATED_KEYWORD_MATCH","NO - Curated","99%","https://images.unsplash.com/photo-1568702846914-96b305d2aaeb?auto=format&fit=crop&w=800&q=80","Unsplash / High-res Fuji Apple Photography","https://www.google.com/search?q=Mediterranean%20Classic%20Fuji%20Apple%20(Imported)%20food&tbm=isch","=HYPERLINK(""https://www.google.com/search?q=Mediterranean%20Classic%20Fuji%20Apple%20(Imported)%20food&tbm=isch"", ""View Image"")"
"fuji_apple_var_1007","Asian Specialty Fuji Apple (Select)","fruits","CURATED_KEYWORD_MATCH","NO - Curated","99%","https://images.unsplash.com/photo-1568702846914-96b305d2aaeb?auto=format&fit=crop&w=800&q=80","Unsplash / High-res Fuji Apple Photography","https://www.google.com/search?q=Asian%20Specialty%20Fuji%20Apple%20(Select)%20food&tbm=isch","=HYPERLINK(""https://www.google.com/search?q=Asian%20Specialty%20Fuji%20Apple%20(Select)%20food&tbm=isch"", ""View Image"")"
"fuji_apple_var_1008","European Heirloom Fuji Apple (Artisanal)","fruits","CURATED_KEYWORD_MATCH","NO - Curated","99%","https://images.unsplash.com/photo-1568702846914-96b305d2aaeb?auto=format&fit=crop&w=800&q=80","Unsplash / High-res Fuji Apple Photography","https://www.google.com/search?q=European%20Heirloom%20Fuji%20Apple%20(Artisanal)%20food&tbm=isch","=HYPERLINK(""https://www.google.com/search?q=European%20Heirloom%20Fuji%20Apple%20(Artisanal)%20food&tbm=isch"", ""View Image"")"
"fuji_apple_var_1009","Farm-Fresh Premium Fuji Apple (A-Grade)","fruits","CURATED_KEYWORD_MATCH","NO - Curated","99%","https://images.unsplash.com/photo-1568702846914-96b305d2aaeb?auto=format&fit=crop&w=800&q=80","Unsplash / High-res Fuji Apple Photography","https://www.google.com/search?q=Farm-Fresh%20Premium%20Fuji%20Apple%20(A-Grade)%20food&tbm=isch","=HYPERLINK(""https://www.google.com/search?q=Farm-Fresh%20Premium%20Fuji%20Apple%20(A-Grade)%20food&tbm=isch"", ""View Image"")"
"fuji_apple_var_1010","Wild-Harvested Fuji Apple (Pure)","fruits","CURATED_KEYWORD_MATCH","NO - Curated","99%","https://images.unsplash.com/photo-1568702846914-96b305d2aaeb?auto=format&fit=crop&w=800&q=80","Unsplash / High-res Fuji Apple Photography","https://www.google.com/search?q=Wild-Harvested%20Fuji%20Apple%20(Pure)%20food&tbm=isch","=HYPERLINK(""https://www.google.com/search?q=Wild-Harvested%20Fuji%20Apple%20(Pure)%20food&tbm=isch"", ""View Image"")"
"gala_apple","Gala Apple","fruits","CURATED_KEYWORD_MATCH","NO - Curated","99%","https://images.unsplash.com/photo-1570913149827-d2ac84ab3f9a?auto=format&fit=crop&w=800&q=80","Unsplash / Gala Apple Studio Photo","https://www.google.com/search?q=Gala%20Apple%20food&tbm=isch","=HYPERLINK(""https://www.google.com/search?q=Gala%20Apple%20food&tbm=isch"", ""View Image"")"
"gala_apple_var_1011","Fresh Organic Gala Apple","fruits","CURATED_KEYWORD_MATCH","NO - Curated","99%","https://images.unsplash.com/photo-1570913149827-d2ac84ab3f9a?auto=format&fit=crop&w=800&q=80","Unsplash / Gala Apple Studio Photo","https://www.google.com/search?q=Fresh%20Organic%20Gala%20Apple%20food&tbm=isch","=HYPERLINK(""https://www.google.com/search?q=Fresh%20Organic%20Gala%20Apple%20food&tbm=isch"", ""View Image"")"
"gala_apple_var_1012","Sun-Dried Gala Apple (Dried)","fruits","CURATED_KEYWORD_MATCH","NO - Curated","99%","https://images.unsplash.com/photo-1570913149827-d2ac84ab3f9a?auto=format&fit=crop&w=800&q=80","Unsplash / Gala Apple Studio Photo","https://www.google.com/search?q=Sun-Dried%20Gala%20Apple%20(Dried)%20food&tbm=isch","=HYPERLINK(""https://www.google.com/search?q=Sun-Dried%20Gala%20Apple%20(Dried)%20food&tbm=isch"", ""View Image"")"
"gala_apple_var_1013","Himalayan Grade Gala Apple (Special)","fruits","CURATED_KEYWORD_MATCH","NO - Curated","99%","https://images.unsplash.com/photo-1570913149827-d2ac84ab3f9a?auto=format&fit=crop&w=800&q=80","Unsplash / Gala Apple Studio Photo","https://www.google.com/search?q=Himalayan%20Grade%20Gala%20Apple%20(Special)%20food&tbm=isch","=HYPERLINK(""https://www.google.com/search?q=Himalayan%20Grade%20Gala%20Apple%20(Special)%20food&tbm=isch"", ""View Image"")"
"gala_apple_var_1014","South Indian Gala Apple (Traditional)","fruits","CURATED_KEYWORD_MATCH","NO - Curated","99%","https://images.unsplash.com/photo-1570913149827-d2ac84ab3f9a?auto=format&fit=crop&w=800&q=80","Unsplash / Gala Apple Studio Photo","https://www.google.com/search?q=South%20Indian%20Gala%20Apple%20(Traditional)%20food&tbm=isch","=HYPERLINK(""https://www.google.com/search?q=South%20Indian%20Gala%20Apple%20(Traditional)%20food&tbm=isch"", ""View Image"")"
"gala_apple_var_1015","North Indian Style Gala Apple (Spiced)","fruits","CURATED_KEYWORD_MATCH","NO - Curated","99%","https://images.unsplash.com/photo-1570913149827-d2ac84ab3f9a?auto=format&fit=crop&w=800&q=80","Unsplash / Gala Apple Studio Photo","https://www.google.com/search?q=North%20Indian%20Style%20Gala%20Apple%20(Spiced)%20food&tbm=isch","=HYPERLINK(""https://www.google.com/search?q=North%20Indian%20Style%20Gala%20Apple%20(Spiced)%20food&tbm=isch"", ""View Image"")"
"gala_apple_var_1016","Mediterranean Classic Gala Apple (Imported)","fruits","CURATED_KEYWORD_MATCH","NO - Curated","99%","https://images.unsplash.com/photo-1570913149827-d2ac84ab3f9a?auto=format&fit=crop&w=800&q=80","Unsplash / Gala Apple Studio Photo","https://www.google.com/search?q=Mediterranean%20Classic%20Gala%20Apple%20(Imported)%20food&tbm=isch","=HYPERLINK(""https://www.google.com/search?q=Mediterranean%20Classic%20Gala%20Apple%20(Imported)%20food&tbm=isch"", ""View Image"")"
"gala_apple_var_1017","Asian Specialty Gala Apple (Select)","fruits","CURATED_KEYWORD_MATCH","NO - Curated","99%","https://images.unsplash.com/photo-1570913149827-d2ac84ab3f9a?auto=format&fit=crop&w=800&q=80","Unsplash / Gala Apple Studio Photo","https://www.google.com/search?q=Asian%20Specialty%20Gala%20Apple%20(Select)%20food&tbm=isch","=HYPERLINK(""https://www.google.com/search?q=Asian%20Specialty%20Gala%20Apple%20(Select)%20food&tbm=isch"", ""View Image"")"
"gala_apple_var_1018","European Heirloom Gala Apple (Artisanal)","fruits","CURATED_KEYWORD_MATCH","NO - Curated","99%","https://images.unsplash.com/photo-1570913149827-d2ac84ab3f9a?auto=format&fit=crop&w=800&q=80","Unsplash / Gala Apple Studio Photo","https://www.google.com/search?q=European%20Heirloom%20Gala%20Apple%20(Artisanal)%20food&tbm=isch","=HYPERLINK(""https://www.google.com/search?q=European%20Heirloom%20Gala%20Apple%20(Artisanal)%20food&tbm=isch"", ""View Image"")"
"gala_apple_var_1019","Farm-Fresh Premium Gala Apple (A-Grade)","fruits","CURATED_KEYWORD_MATCH","NO - Curated","99%","https://images.unsplash.com/photo-1570913149827-d2ac84ab3f9a?auto=format&fit=crop&w=800&q=80","Unsplash / Gala Apple Studio Photo","https://www.google.com/search?q=Farm-Fresh%20Premium%20Gala%20Apple%20(A-Grade)%20food&tbm=isch","=HYPERLINK(""https://www.google.com/search?q=Farm-Fresh%20Premium%20Gala%20Apple%20(A-Grade)%20food&tbm=isch"", ""View Image"")"
"gala_apple_var_1020","Wild-Harvested Gala Apple (Pure)","fruits","CURATED_KEYWORD_MATCH","NO - Curated","99%","https://images.unsplash.com/photo-1570913149827-d2ac84ab3f9a?auto=format&fit=crop&w=800&q=80","Unsplash / Gala Apple Studio Photo","https://www.google.com/search?q=Wild-Harvested%20Gala%20Apple%20(Pure)%20food&tbm=isch","=HYPERLINK(""https://www.google.com/search?q=Wild-Harvested%20Gala%20Apple%20(Pure)%20food&tbm=isch"", ""View Image"")"
"granny_smith_apple","Granny Smith Apple","fruits","CURATED_KEYWORD_MATCH","NO - Curated","99%","https://images.unsplash.com/photo-1619546813926-a78fa6372cd2?auto=format&fit=crop&w=800&q=80","Unsplash / Crisp Green Apple","https://www.google.com/search?q=Granny%20Smith%20Apple%20food&tbm=isch","=HYPERLINK(""https://www.google.com/search?q=Granny%20Smith%20Apple%20food&tbm=isch"", ""View Image"")"
"granny_smith_apple_var_1021","Fresh Organic Granny Smith Apple","fruits","CURATED_KEYWORD_MATCH","NO - Curated","99%","https://images.unsplash.com/photo-1619546813926-a78fa6372cd2?auto=format&fit=crop&w=800&q=80","Unsplash / Crisp Green Apple","https://www.google.com/search?q=Fresh%20Organic%20Granny%20Smith%20Apple%20food&tbm=isch","=HYPERLINK(""https://www.google.com/search?q=Fresh%20Organic%20Granny%20Smith%20Apple%20food&tbm=isch"", ""View Image"")"
"granny_smith_apple_var_1022","Sun-Dried Granny Smith Apple (Dried)","fruits","CURATED_KEYWORD_MATCH","NO - Curated","99%","https://images.unsplash.com/photo-1619546813926-a78fa6372cd2?auto=format&fit=crop&w=800&q=80","Unsplash / Crisp Green Apple","https://www.google.com/search?q=Sun-Dried%20Granny%20Smith%20Apple%20(Dried)%20food&tbm=isch","=HYPERLINK(""https://www.google.com/search?q=Sun-Dried%20Granny%20Smith%20Apple%20(Dried)%20food&tbm=isch"", ""View Image"")"
"granny_smith_apple_var_1023","Himalayan Grade Granny Smith Apple (Special)","fruits","CURATED_KEYWORD_MATCH","NO - Curated","99%","https://images.unsplash.com/photo-1619546813926-a78fa6372cd2?auto=format&fit=crop&w=800&q=80","Unsplash / Crisp Green Apple","https://www.google.com/search?q=Himalayan%20Grade%20Granny%20Smith%20Apple%20(Special)%20food&tbm=isch","=HYPERLINK(""https://www.google.com/search?q=Himalayan%20Grade%20Granny%20Smith%20Apple%20(Special)%20food&tbm=isch"", ""View Image"")"
"granny_smith_apple_var_1024","South Indian Granny Smith Apple (Traditional)","fruits","CURATED_KEYWORD_MATCH","NO - Curated","99%","https://images.unsplash.com/photo-1619546813926-a78fa6372cd2?auto=format&fit=crop&w=800&q=80","Unsplash / Crisp Green Apple","https://www.google.com/search?q=South%20Indian%20Granny%20Smith%20Apple%20(Traditional)%20food&tbm=isch","=HYPERLINK(""https://www.google.com/search?q=South%20Indian%20Granny%20Smith%20Apple%20(Traditional)%20food&tbm=isch"", ""View Image"")"
"granny_smith_apple_var_1025","North Indian Style Granny Smith Apple (Spiced)","fruits","CURATED_KEYWORD_MATCH","NO - Curated","99%","https://images.unsplash.com/photo-1619546813926-a78fa6372cd2?auto=format&fit=crop&w=800&q=80","Unsplash / Crisp Green Apple","https://www.google.com/search?q=North%20Indian%20Style%20Granny%20Smith%20Apple%20(Spiced)%20food&tbm=isch","=HYPERLINK(""https://www.google.com/search?q=North%20Indian%20Style%20Granny%20Smith%20Apple%20(Spiced)%20food&tbm=isch"", ""View Image"")"
"granny_smith_apple_var_1026","Mediterranean Classic Granny Smith Apple (Imported)","fruits","CURATED_KEYWORD_MATCH","NO - Curated","99%","https://images.unsplash.com/photo-1619546813926-a78fa6372cd2?auto=format&fit=crop&w=800&q=80","Unsplash / Crisp Green Apple","https://www.google.com/search?q=Mediterranean%20Classic%20Granny%20Smith%20Apple%20(Imported)%20food&tbm=isch","=HYPERLINK(""https://www.google.com/search?q=Mediterranean%20Classic%20Granny%20Smith%20Apple%20(Imported)%20food&tbm=isch"", ""View Image"")"
"granny_smith_apple_var_1027","Asian Specialty Granny Smith Apple (Select)","fruits","CURATED_KEYWORD_MATCH","NO - Curated","99%","https://images.unsplash.com/photo-1619546813926-a78fa6372cd2?auto=format&fit=crop&w=800&q=80","Unsplash / Crisp Green Apple","https://www.google.com/search?q=Asian%20Specialty%20Granny%20Smith%20Apple%20(Select)%20food&tbm=isch","=HYPERLINK(""https://www.google.com/search?q=Asian%20Specialty%20Granny%20Smith%20Apple%20(Select)%20food&tbm=isch"", ""View Image"")"
"granny_smith_apple_var_1028","European Heirloom Granny Smith Apple (Artisanal)","fruits","CURATED_KEYWORD_MATCH","NO - Curated","99%","https://images.unsplash.com/photo-1619546813926-a78fa6372cd2?auto=format&fit=crop&w=800&q=80","Unsplash / Crisp Green Apple","https://www.google.com/search?q=European%20Heirloom%20Granny%20Smith%20Apple%20(Artisanal)%20food&tbm=isch","=HYPERLINK(""https://www.google.com/search?q=European%20Heirloom%20Granny%20Smith%20Apple%20(Artisanal)%20food&tbm=isch"", ""View Image"")"
"granny_smith_apple_var_1029","Farm-Fresh Premium Granny Smith Apple (A-Grade)","fruits","CURATED_KEYWORD_MATCH","NO - Curated","99%","https://images.unsplash.com/photo-1619546813926-a78fa6372cd2?auto=format&fit=crop&w=800&q=80","Unsplash / Crisp Green Apple","https://www.google.com/search?q=Farm-Fresh%20Premium%20Granny%20Smith%20Apple%20(A-Grade)%20food&tbm=isch","=HYPERLINK(""https://www.google.com/search?q=Farm-Fresh%20Premium%20Granny%20Smith%20Apple%20(A-Grade)%20food&tbm=isch"", ""View Image"")"
"granny_smith_apple_var_1030","Wild-Harvested Granny Smith Apple (Pure)","fruits","CURATED_KEYWORD_MATCH","NO - Curated","99%","https://images.unsplash.com/photo-1619546813926-a78fa6372cd2?auto=format&fit=crop&w=800&q=80","Unsplash / Crisp Green Apple","https://www.google.com/search?q=Wild-Harvested%20Granny%20Smith%20Apple%20(Pure)%20food&tbm=isch","=HYPERLINK(""https://www.google.com/search?q=Wild-Harvested%20Granny%20Smith%20Apple%20(Pure)%20food&tbm=isch"", ""View Image"")"
"honeycrisp_apple","Honeycrisp Apple","fruits","CURATED_KEYWORD_MATCH","NO - Curated","99%","https://images.unsplash.com/photo-1560806887-1e4cd0b6cbd6?auto=format&fit=crop&w=800&q=80","Unsplash / Fresh Crisp Apple","https://www.google.com/search?q=Honeycrisp%20Apple%20food&tbm=isch","=HYPERLINK(""https://www.google.com/search?q=Honeycrisp%20Apple%20food&tbm=isch"", ""View Image"")"
"honeycrisp_apple_var_1031","Fresh Organic Honeycrisp Apple","fruits","CURATED_KEYWORD_MATCH","NO - Curated","99%","https://images.unsplash.com/photo-1560806887-1e4cd0b6cbd6?auto=format&fit=crop&w=800&q=80","Unsplash / Fresh Crisp Apple","https://www.google.com/search?q=Fresh%20Organic%20Honeycrisp%20Apple%20food&tbm=isch","=HYPERLINK(""https://www.google.com/search?q=Fresh%20Organic%20Honeycrisp%20Apple%20food&tbm=isch"", ""View Image"")"
"honeycrisp_apple_var_1032","Sun-Dried Honeycrisp Apple (Dried)","fruits","CURATED_KEYWORD_MATCH","NO - Curated","99%","https://images.unsplash.com/photo-1560806887-1e4cd0b6cbd6?auto=format&fit=crop&w=800&q=80","Unsplash / Fresh Crisp Apple","https://www.google.com/search?q=Sun-Dried%20Honeycrisp%20Apple%20(Dried)%20food&tbm=isch","=HYPERLINK(""https://www.google.com/search?q=Sun-Dried%20Honeycrisp%20Apple%20(Dried)%20food&tbm=isch"", ""View Image"")"
"honeycrisp_apple_var_1033","Himalayan Grade Honeycrisp Apple (Special)","fruits","CURATED_KEYWORD_MATCH","NO - Curated","99%","https://images.unsplash.com/photo-1560806887-1e4cd0b6cbd6?auto=format&fit=crop&w=800&q=80","Unsplash / Fresh Crisp Apple","https://www.google.com/search?q=Himalayan%20Grade%20Honeycrisp%20Apple%20(Special)%20food&tbm=isch","=HYPERLINK(""https://www.google.com/search?q=Himalayan%20Grade%20Honeycrisp%20Apple%20(Special)%20food&tbm=isch"", ""View Image"")"
"honeycrisp_apple_var_1034","South Indian Honeycrisp Apple (Traditional)","fruits","CURATED_KEYWORD_MATCH","NO - Curated","99%","https://images.unsplash.com/photo-1560806887-1e4cd0b6cbd6?auto=format&fit=crop&w=800&q=80","Unsplash / Fresh Crisp Apple","https://www.google.com/search?q=South%20Indian%20Honeycrisp%20Apple%20(Traditional)%20food&tbm=isch","=HYPERLINK(""https://www.google.com/search?q=South%20Indian%20Honeycrisp%20Apple%20(Traditional)%20food&tbm=isch"", ""View Image"")"
"honeycrisp_apple_var_1035","North Indian Style Honeycrisp Apple (Spiced)","fruits","CURATED_KEYWORD_MATCH","NO - Curated","99%","https://images.unsplash.com/photo-1560806887-1e4cd0b6cbd6?auto=format&fit=crop&w=800&q=80","Unsplash / Fresh Crisp Apple","https://www.google.com/search?q=North%20Indian%20Style%20Honeycrisp%20Apple%20(Spiced)%20food&tbm=isch","=HYPERLINK(""https://www.google.com/search?q=North%20Indian%20Style%20Honeycrisp%20Apple%20(Spiced)%20food&tbm=isch"", ""View Image"")"
"honeycrisp_apple_var_1036","Mediterranean Classic Honeycrisp Apple (Imported)","fruits","CURATED_KEYWORD_MATCH","NO - Curated","99%","https://images.unsplash.com/photo-1560806887-1e4cd0b6cbd6?auto=format&fit=crop&w=800&q=80","Unsplash / Fresh Crisp Apple","https://www.google.com/search?q=Mediterranean%20Classic%20Honeycrisp%20Apple%20(Imported)%20food&tbm=isch","=HYPERLINK(""https://www.google.com/search?q=Mediterranean%20Classic%20Honeycrisp%20Apple%20(Imported)%20food&tbm=isch"", ""View Image"")"
"honeycrisp_apple_var_1037","Asian Specialty Honeycrisp Apple (Select)","fruits","CURATED_KEYWORD_MATCH","NO - Curated","99%","https://images.unsplash.com/photo-1560806887-1e4cd0b6cbd6?auto=format&fit=crop&w=800&q=80","Unsplash / Fresh Crisp Apple","https://www.google.com/search?q=Asian%20Specialty%20Honeycrisp%20Apple%20(Select)%20food&tbm=isch","=HYPERLINK(""https://www.google.com/search?q=Asian%20Specialty%20Honeycrisp%20Apple%20(Select)%20food&tbm=isch"", ""View Image"")"
"honeycrisp_apple_var_1038","European Heirloom Honeycrisp Apple (Artisanal)","fruits","CURATED_KEYWORD_MATCH","NO - Curated","99%","https://images.unsplash.com/photo-1560806887-1e4cd0b6cbd6?auto=format&fit=crop&w=800&q=80","Unsplash / Fresh Crisp Apple","https://www.google.com/search?q=European%20Heirloom%20Honeycrisp%20Apple%20(Artisanal)%20food&tbm=isch","=HYPERLINK(""https://www.google.com/search?q=European%20Heirloom%20Honeycrisp%20Apple%20(Artisanal)%20food&tbm=isch"", ""View Image"")"
"honeycrisp_apple_var_1039","Farm-Fresh Premium Honeycrisp Apple (A-Grade)","fruits","CURATED_KEYWORD_MATCH","NO - Curated","99%","https://images.unsplash.com/photo-1560806887-1e4cd0b6cbd6?auto=format&fit=crop&w=800&q=80","Unsplash / Fresh Crisp Apple","https://www.google.com/search?q=Farm-Fresh%20Premium%20Honeycrisp%20Apple%20(A-Grade)%20food&tbm=isch","=HYPERLINK(""https://www.google.com/search?q=Farm-Fresh%20Premium%20Honeycrisp%20Apple%20(A-Grade)%20food&tbm=isch"", ""View Image"")"
"honeycrisp_apple_var_1040","Wild-Harvested Honeycrisp Apple (Pure)","fruits","CURATED_KEYWORD_MATCH","NO - Curated","99%","https://images.unsplash.com/photo-1560806887-1e4cd0b6cbd6?auto=format&fit=crop&w=800&q=80","Unsplash / Fresh Crisp Apple","https://www.google.com/search?q=Wild-Harvested%20Honeycrisp%20Apple%20(Pure)%20food&tbm=isch","=HYPERLINK(""https://www.google.com/search?q=Wild-Harvested%20Honeycrisp%20Apple%20(Pure)%20food&tbm=isch"", ""View Image"")"
"pink_lady_apple","Pink Lady Apple","fruits","CURATED_KEYWORD_MATCH","NO - Curated","99%","https://images.unsplash.com/photo-1560806887-1e4cd0b6cbd6?auto=format&fit=crop&w=800&q=80","Unsplash / Crisp Pink Lady Apple","https://www.google.com/search?q=Pink%20Lady%20Apple%20food&tbm=isch","=HYPERLINK(""https://www.google.com/search?q=Pink%20Lady%20Apple%20food&tbm=isch"", ""View Image"")"
"pink_lady_apple_var_1041","Fresh Organic Pink Lady Apple","fruits","CURATED_KEYWORD_MATCH","NO - Curated","99%","https://images.unsplash.com/photo-1560806887-1e4cd0b6cbd6?auto=format&fit=crop&w=800&q=80","Unsplash / Crisp Pink Lady Apple","https://www.google.com/search?q=Fresh%20Organic%20Pink%20Lady%20Apple%20food&tbm=isch","=HYPERLINK(""https://www.google.com/search?q=Fresh%20Organic%20Pink%20Lady%20Apple%20food&tbm=isch"", ""View Image"")"
"pink_lady_apple_var_1042","Sun-Dried Pink Lady Apple (Dried)","fruits","CURATED_KEYWORD_MATCH","NO - Curated","99%","https://images.unsplash.com/photo-1560806887-1e4cd0b6cbd6?auto=format&fit=crop&w=800&q=80","Unsplash / Crisp Pink Lady Apple","https://www.google.com/search?q=Sun-Dried%20Pink%20Lady%20Apple%20(Dried)%20food&tbm=isch","=HYPERLINK(""https://www.google.com/search?q=Sun-Dried%20Pink%20Lady%20Apple%20(Dried)%20food&tbm=isch"", ""View Image"")"
"pink_lady_apple_var_1043","Himalayan Grade Pink Lady Apple (Special)","fruits","CURATED_KEYWORD_MATCH","NO - Curated","99%","https://images.unsplash.com/photo-1560806887-1e4cd0b6cbd6?auto=format&fit=crop&w=800&q=80","Unsplash / Crisp Pink Lady Apple","https://www.google.com/search?q=Himalayan%20Grade%20Pink%20Lady%20Apple%20(Special)%20food&tbm=isch","=HYPERLINK(""https://www.google.com/search?q=Himalayan%20Grade%20Pink%20Lady%20Apple%20(Special)%20food&tbm=isch"", ""View Image"")"
"pink_lady_apple_var_1044","South Indian Pink Lady Apple (Traditional)","fruits","CURATED_KEYWORD_MATCH","NO - Curated","99%","https://images.unsplash.com/photo-1560806887-1e4cd0b6cbd6?auto=format&fit=crop&w=800&q=80","Unsplash / Crisp Pink Lady Apple","https://www.google.com/search?q=South%20Indian%20Pink%20Lady%20Apple%20(Traditional)%20food&tbm=isch","=HYPERLINK(""https://www.google.com/search?q=South%20Indian%20Pink%20Lady%20Apple%20(Traditional)%20food&tbm=isch"", ""View Image"")"
"pink_lady_apple_var_1045","North Indian Style Pink Lady Apple (Spiced)","fruits","CURATED_KEYWORD_MATCH","NO - Curated","99%","https://images.unsplash.com/photo-1560806887-1e4cd0b6cbd6?auto=format&fit=crop&w=800&q=80","Unsplash / Crisp Pink Lady Apple","https://www.google.com/search?q=North%20Indian%20Style%20Pink%20Lady%20Apple%20(Spiced)%20food&tbm=isch","=HYPERLINK(""https://www.google.com/search?q=North%20Indian%20Style%20Pink%20Lady%20Apple%20(Spiced)%20food&tbm=isch"", ""View Image"")"
"pink_lady_apple_var_1046","Mediterranean Classic Pink Lady Apple (Imported)","fruits","CURATED_KEYWORD_MATCH","NO - Curated","99%","https://images.unsplash.com/photo-1560806887-1e4cd0b6cbd6?auto=format&fit=crop&w=800&q=80","Unsplash / Crisp Pink Lady Apple","https://www.google.com/search?q=Mediterranean%20Classic%20Pink%20Lady%20Apple%20(Imported)%20food&tbm=isch","=HYPERLINK(""https://www.google.com/search?q=Mediterranean%20Classic%20Pink%20Lady%20Apple%20(Imported)%20food&tbm=isch"", ""View Image"")"
"pink_lady_apple_var_1047","Asian Specialty Pink Lady Apple (Select)","fruits","CURATED_KEYWORD_MATCH","NO - Curated","99%","https://images.unsplash.com/photo-1560806887-1e4cd0b6cbd6?auto=format&fit=crop&w=800&q=80","Unsplash / Crisp Pink Lady Apple","https://www.google.com/search?q=Asian%20Specialty%20Pink%20Lady%20Apple%20(Select)%20food&tbm=isch","=HYPERLINK(""https://www.google.com/search?q=Asian%20Specialty%20Pink%20Lady%20Apple%20(Select)%20food&tbm=isch"", ""View Image"")"
"pink_lady_apple_var_1048","European Heirloom Pink Lady Apple (Artisanal)","fruits","CURATED_KEYWORD_MATCH","NO - Curated","99%","https://images.unsplash.com/photo-1560806887-1e4cd0b6cbd6?auto=format&fit=crop&w=800&q=80","Unsplash / Crisp Pink Lady Apple","https://www.google.com/search?q=European%20Heirloom%20Pink%20Lady%20Apple%20(Artisanal)%20food&tbm=isch","=HYPERLINK(""https://www.google.com/search?q=European%20Heirloom%20Pink%20Lady%20Apple%20(Artisanal)%20food&tbm=isch"", ""View Image"")"
"pink_lady_apple_var_1049","Farm-Fresh Premium Pink Lady Apple (A-Grade)","fruits","CURATED_KEYWORD_MATCH","NO - Curated","99%","https://images.unsplash.com/photo-1560806887-1e4cd0b6cbd6?auto=format&fit=crop&w=800&q=80","Unsplash / Crisp Pink Lady Apple","https://www.google.com/search?q=Farm-Fresh%20Premium%20Pink%20Lady%20Apple%20(A-Grade)%20food&tbm=isch","=HYPERLINK(""https://www.google.com/search?q=Farm-Fresh%20Premium%20Pink%20Lady%20Apple%20(A-Grade)%20food&tbm=isch"", ""View Image"")"
"pink_lady_apple_var_1050","Wild-Harvested Pink Lady Apple (Pure)","fruits","CURATED_KEYWORD_MATCH","NO - Curated","99%","https://images.unsplash.com/photo-1560806887-1e4cd0b6cbd6?auto=format&fit=crop&w=800&q=80","Unsplash / Crisp Pink Lady Apple","https://www.google.com/search?q=Wild-Harvested%20Pink%20Lady%20Apple%20(Pure)%20food&tbm=isch","=HYPERLINK(""https://www.google.com/search?q=Wild-Harvested%20Pink%20Lady%20Apple%20(Pure)%20food&tbm=isch"", ""View Image"")"
"cavendish_banana","Cavendish Banana","fruits","CURATED_KEYWORD_MATCH","NO - Curated","99%","https://images.unsplash.com/photo-1528825871115-3581a5387919?auto=format&fit=crop&w=800&q=80","Unsplash / Fresh Banana Bunch","https://www.google.com/search?q=Cavendish%20Banana%20food&tbm=isch","=HYPERLINK(""https://www.google.com/search?q=Cavendish%20Banana%20food&tbm=isch"", ""View Image"")"
"cavendish_banana_var_1051","Fresh Organic Cavendish Banana","fruits","CURATED_KEYWORD_MATCH","NO - Curated","99%","https://images.unsplash.com/photo-1528825871115-3581a5387919?auto=format&fit=crop&w=800&q=80","Unsplash / Fresh Banana Bunch","https://www.google.com/search?q=Fresh%20Organic%20Cavendish%20Banana%20food&tbm=isch","=HYPERLINK(""https://www.google.com/search?q=Fresh%20Organic%20Cavendish%20Banana%20food&tbm=isch"", ""View Image"")"
"cavendish_banana_var_1052","Sun-Dried Cavendish Banana (Dried)","fruits","CURATED_KEYWORD_MATCH","NO - Curated","99%","https://images.unsplash.com/photo-1528825871115-3581a5387919?auto=format&fit=crop&w=800&q=80","Unsplash / Fresh Banana Bunch","https://www.google.com/search?q=Sun-Dried%20Cavendish%20Banana%20(Dried)%20food&tbm=isch","=HYPERLINK(""https://www.google.com/search?q=Sun-Dried%20Cavendish%20Banana%20(Dried)%20food&tbm=isch"", ""View Image"")"
"cavendish_banana_var_1053","Himalayan Grade Cavendish Banana (Special)","fruits","CURATED_KEYWORD_MATCH","NO - Curated","99%","https://images.unsplash.com/photo-1528825871115-3581a5387919?auto=format&fit=crop&w=800&q=80","Unsplash / Fresh Banana Bunch","https://www.google.com/search?q=Himalayan%20Grade%20Cavendish%20Banana%20(Special)%20food&tbm=isch","=HYPERLINK(""https://www.google.com/search?q=Himalayan%20Grade%20Cavendish%20Banana%20(Special)%20food&tbm=isch"", ""View Image"")"
"cavendish_banana_var_1054","South Indian Cavendish Banana (Traditional)","fruits","CURATED_KEYWORD_MATCH","NO - Curated","99%","https://images.unsplash.com/photo-1528825871115-3581a5387919?auto=format&fit=crop&w=800&q=80","Unsplash / Fresh Banana Bunch","https://www.google.com/search?q=South%20Indian%20Cavendish%20Banana%20(Traditional)%20food&tbm=isch","=HYPERLINK(""https://www.google.com/search?q=South%20Indian%20Cavendish%20Banana%20(Traditional)%20food&tbm=isch"", ""View Image"")"
"cavendish_banana_var_1055","North Indian Style Cavendish Banana (Spiced)","fruits","CURATED_KEYWORD_MATCH","NO - Curated","99%","https://images.unsplash.com/photo-1528825871115-3581a5387919?auto=format&fit=crop&w=800&q=80","Unsplash / Fresh Banana Bunch","https://www.google.com/search?q=North%20Indian%20Style%20Cavendish%20Banana%20(Spiced)%20food&tbm=isch","=HYPERLINK(""https://www.google.com/search?q=North%20Indian%20Style%20Cavendish%20Banana%20(Spiced)%20food&tbm=isch"", ""View Image"")"
"cavendish_banana_var_1056","Mediterranean Classic Cavendish Banana (Imported)","fruits","CURATED_KEYWORD_MATCH","NO - Curated","99%","https://images.unsplash.com/photo-1528825871115-3581a5387919?auto=format&fit=crop&w=800&q=80","Unsplash / Fresh Banana Bunch","https://www.google.com/search?q=Mediterranean%20Classic%20Cavendish%20Banana%20(Imported)%20food&tbm=isch","=HYPERLINK(""https://www.google.com/search?q=Mediterranean%20Classic%20Cavendish%20Banana%20(Imported)%20food&tbm=isch"", ""View Image"")"
"cavendish_banana_var_1057","Asian Specialty Cavendish Banana (Select)","fruits","CURATED_KEYWORD_MATCH","NO - Curated","99%","https://images.unsplash.com/photo-1528825871115-3581a5387919?auto=format&fit=crop&w=800&q=80","Unsplash / Fresh Banana Bunch","https://www.google.com/search?q=Asian%20Specialty%20Cavendish%20Banana%20(Select)%20food&tbm=isch","=HYPERLINK(""https://www.google.com/search?q=Asian%20Specialty%20Cavendish%20Banana%20(Select)%20food&tbm=isch"", ""View Image"")"
"cavendish_banana_var_1058","European Heirloom Cavendish Banana (Artisanal)","fruits","CURATED_KEYWORD_MATCH","NO - Curated","99%","https://images.unsplash.com/photo-1528825871115-3581a5387919?auto=format&fit=crop&w=800&q=80","Unsplash / Fresh Banana Bunch","https://www.google.com/search?q=European%20Heirloom%20Cavendish%20Banana%20(Artisanal)%20food&tbm=isch","=HYPERLINK(""https://www.google.com/search?q=European%20Heirloom%20Cavendish%20Banana%20(Artisanal)%20food&tbm=isch"", ""View Image"")"
"cavendish_banana_var_1059","Farm-Fresh Premium Cavendish Banana (A-Grade)","fruits","CURATED_KEYWORD_MATCH","NO - Curated","99%","https://images.unsplash.com/photo-1528825871115-3581a5387919?auto=format&fit=crop&w=800&q=80","Unsplash / Fresh Banana Bunch","https://www.google.com/search?q=Farm-Fresh%20Premium%20Cavendish%20Banana%20(A-Grade)%20food&tbm=isch","=HYPERLINK(""https://www.google.com/search?q=Farm-Fresh%20Premium%20Cavendish%20Banana%20(A-Grade)%20food&tbm=isch"", ""View Image"")"
"cavendish_banana_var_1060","Wild-Harvested Cavendish Banana (Pure)","fruits","CURATED_KEYWORD_MATCH","NO - Curated","99%","https://images.unsplash.com/photo-1528825871115-3581a5387919?auto=format&fit=crop&w=800&q=80","Unsplash / Fresh Banana Bunch","https://www.google.com/search?q=Wild-Harvested%20Cavendish%20Banana%20(Pure)%20food&tbm=isch","=HYPERLINK(""https://www.google.com/search?q=Wild-Harvested%20Cavendish%20Banana%20(Pure)%20food&tbm=isch"", ""View Image"")"
"red_dacca_banana","Red Dacca Banana","fruits","CURATED_KEYWORD_MATCH","NO - Curated","99%","https://images.unsplash.com/photo-1528825871115-3581a5387919?auto=format&fit=crop&w=800&q=80","Unsplash / Exotic Sweet Red Dacca Bananas","https://www.google.com/search?q=Red%20Dacca%20Banana%20food&tbm=isch","=HYPERLINK(""https://www.google.com/search?q=Red%20Dacca%20Banana%20food&tbm=isch"", ""View Image"")"
"red_dacca_banana_var_1061","Fresh Organic Red Dacca Banana","fruits","CURATED_KEYWORD_MATCH","NO - Curated","99%","https://images.unsplash.com/photo-1528825871115-3581a5387919?auto=format&fit=crop&w=800&q=80","Unsplash / Exotic Sweet Red Dacca Bananas","https://www.google.com/search?q=Fresh%20Organic%20Red%20Dacca%20Banana%20food&tbm=isch","=HYPERLINK(""https://www.google.com/search?q=Fresh%20Organic%20Red%20Dacca%20Banana%20food&tbm=isch"", ""View Image"")"
"red_dacca_banana_var_1062","Sun-Dried Red Dacca Banana (Dried)","fruits","CURATED_KEYWORD_MATCH","NO - Curated","99%","https://images.unsplash.com/photo-1528825871115-3581a5387919?auto=format&fit=crop&w=800&q=80","Unsplash / Exotic Sweet Red Dacca Bananas","https://www.google.com/search?q=Sun-Dried%20Red%20Dacca%20Banana%20(Dried)%20food&tbm=isch","=HYPERLINK(""https://www.google.com/search?q=Sun-Dried%20Red%20Dacca%20Banana%20(Dried)%20food&tbm=isch"", ""View Image"")"
"red_dacca_banana_var_1063","Himalayan Grade Red Dacca Banana (Special)","fruits","CURATED_KEYWORD_MATCH","NO - Curated","99%","https://images.unsplash.com/photo-1528825871115-3581a5387919?auto=format&fit=crop&w=800&q=80","Unsplash / Exotic Sweet Red Dacca Bananas","https://www.google.com/search?q=Himalayan%20Grade%20Red%20Dacca%20Banana%20(Special)%20food&tbm=isch","=HYPERLINK(""https://www.google.com/search?q=Himalayan%20Grade%20Red%20Dacca%20Banana%20(Special)%20food&tbm=isch"", ""View Image"")"
"red_dacca_banana_var_1064","South Indian Red Dacca Banana (Traditional)","fruits","CURATED_KEYWORD_MATCH","NO - Curated","99%","https://images.unsplash.com/photo-1528825871115-3581a5387919?auto=format&fit=crop&w=800&q=80","Unsplash / Exotic Sweet Red Dacca Bananas","https://www.google.com/search?q=South%20Indian%20Red%20Dacca%20Banana%20(Traditional)%20food&tbm=isch","=HYPERLINK(""https://www.google.com/search?q=South%20Indian%20Red%20Dacca%20Banana%20(Traditional)%20food&tbm=isch"", ""View Image"")"
"red_dacca_banana_var_1065","North Indian Style Red Dacca Banana (Spiced)","fruits","CURATED_KEYWORD_MATCH","NO - Curated","99%","https://images.unsplash.com/photo-1528825871115-3581a5387919?auto=format&fit=crop&w=800&q=80","Unsplash / Exotic Sweet Red Dacca Bananas","https://www.google.com/search?q=North%20Indian%20Style%20Red%20Dacca%20Banana%20(Spiced)%20food&tbm=isch","=HYPERLINK(""https://www.google.com/search?q=North%20Indian%20Style%20Red%20Dacca%20Banana%20(Spiced)%20food&tbm=isch"", ""View Image"")"
"red_dacca_banana_var_1066","Mediterranean Classic Red Dacca Banana (Imported)","fruits","CURATED_KEYWORD_MATCH","NO - Curated","99%","https://images.unsplash.com/photo-1528825871115-3581a5387919?auto=format&fit=crop&w=800&q=80","Unsplash / Exotic Sweet Red Dacca Bananas","https://www.google.com/search?q=Mediterranean%20Classic%20Red%20Dacca%20Banana%20(Imported)%20food&tbm=isch","=HYPERLINK(""https://www.google.com/search?q=Mediterranean%20Classic%20Red%20Dacca%20Banana%20(Imported)%20food&tbm=isch"", ""View Image"")"
"red_dacca_banana_var_1067","Asian Specialty Red Dacca Banana (Select)","fruits","CURATED_KEYWORD_MATCH","NO - Curated","99%","https://images.unsplash.com/photo-1528825871115-3581a5387919?auto=format&fit=crop&w=800&q=80","Unsplash / Exotic Sweet Red Dacca Bananas","https://www.google.com/search?q=Asian%20Specialty%20Red%20Dacca%20Banana%20(Select)%20food&tbm=isch","=HYPERLINK(""https://www.google.com/search?q=Asian%20Specialty%20Red%20Dacca%20Banana%20(Select)%20food&tbm=isch"", ""View Image"")"
"red_dacca_banana_var_1068","European Heirloom Red Dacca Banana (Artisanal)","fruits","CURATED_KEYWORD_MATCH","NO - Curated","99%","https://images.unsplash.com/photo-1528825871115-3581a5387919?auto=format&fit=crop&w=800&q=80","Unsplash / Exotic Sweet Red Dacca Bananas","https://www.google.com/search?q=European%20Heirloom%20Red%20Dacca%20Banana%20(Artisanal)%20food&tbm=isch","=HYPERLINK(""https://www.google.com/search?q=European%20Heirloom%20Red%20Dacca%20Banana%20(Artisanal)%20food&tbm=isch"", ""View Image"")"
"red_dacca_banana_var_1069","Farm-Fresh Premium Red Dacca Banana (A-Grade)","fruits","CURATED_KEYWORD_MATCH","NO - Curated","99%","https://images.unsplash.com/photo-1528825871115-3581a5387919?auto=format&fit=crop&w=800&q=80","Unsplash / Exotic Sweet Red Dacca Bananas","https://www.google.com/search?q=Farm-Fresh%20Premium%20Red%20Dacca%20Banana%20(A-Grade)%20food&tbm=isch","=HYPERLINK(""https://www.google.com/search?q=Farm-Fresh%20Premium%20Red%20Dacca%20Banana%20(A-Grade)%20food&tbm=isch"", ""View Image"")"
"red_dacca_banana_var_1070","Wild-Harvested Red Dacca Banana (Pure)","fruits","CURATED_KEYWORD_MATCH","NO - Curated","99%","https://images.unsplash.com/photo-1528825871115-3581a5387919?auto=format&fit=crop&w=800&q=80","Unsplash / Exotic Sweet Red Dacca Bananas","https://www.google.com/search?q=Wild-Harvested%20Red%20Dacca%20Banana%20(Pure)%20food&tbm=isch","=HYPERLINK(""https://www.google.com/search?q=Wild-Harvested%20Red%20Dacca%20Banana%20(Pure)%20food&tbm=isch"", ""View Image"")"
"robusta_banana","Robusta Banana","fruits","CURATED_KEYWORD_MATCH","NO - Curated","99%","https://images.unsplash.com/photo-1528825871115-3581a5387919?auto=format&fit=crop&w=800&q=80","Unsplash / Fresh Banana Bunch","https://www.google.com/search?q=Robusta%20Banana%20food&tbm=isch","=HYPERLINK(""https://www.google.com/search?q=Robusta%20Banana%20food&tbm=isch"", ""View Image"")"
"robusta_banana_var_1071","Fresh Organic Robusta Banana","fruits","CURATED_KEYWORD_MATCH","NO - Curated","99%","https://images.unsplash.com/photo-1528825871115-3581a5387919?auto=format&fit=crop&w=800&q=80","Unsplash / Fresh Banana Bunch","https://www.google.com/search?q=Fresh%20Organic%20Robusta%20Banana%20food&tbm=isch","=HYPERLINK(""https://www.google.com/search?q=Fresh%20Organic%20Robusta%20Banana%20food&tbm=isch"", ""View Image"")"
"robusta_banana_var_1072","Sun-Dried Robusta Banana (Dried)","fruits","CURATED_KEYWORD_MATCH","NO - Curated","99%","https://images.unsplash.com/photo-1528825871115-3581a5387919?auto=format&fit=crop&w=800&q=80","Unsplash / Fresh Banana Bunch","https://www.google.com/search?q=Sun-Dried%20Robusta%20Banana%20(Dried)%20food&tbm=isch","=HYPERLINK(""https://www.google.com/search?q=Sun-Dried%20Robusta%20Banana%20(Dried)%20food&tbm=isch"", ""View Image"")"
"robusta_banana_var_1073","Himalayan Grade Robusta Banana (Special)","fruits","CURATED_KEYWORD_MATCH","NO - Curated","99%","https://images.unsplash.com/photo-1528825871115-3581a5387919?auto=format&fit=crop&w=800&q=80","Unsplash / Fresh Banana Bunch","https://www.google.com/search?q=Himalayan%20Grade%20Robusta%20Banana%20(Special)%20food&tbm=isch","=HYPERLINK(""https://www.google.com/search?q=Himalayan%20Grade%20Robusta%20Banana%20(Special)%20food&tbm=isch"", ""View Image"")"
"robusta_banana_var_1074","South Indian Robusta Banana (Traditional)","fruits","CURATED_KEYWORD_MATCH","NO - Curated","99%","https://images.unsplash.com/photo-1528825871115-3581a5387919?auto=format&fit=crop&w=800&q=80","Unsplash / Fresh Banana Bunch","https://www.google.com/search?q=South%20Indian%20Robusta%20Banana%20(Traditional)%20food&tbm=isch","=HYPERLINK(""https://www.google.com/search?q=South%20Indian%20Robusta%20Banana%20(Traditional)%20food&tbm=isch"", ""View Image"")"
"robusta_banana_var_1075","North Indian Style Robusta Banana (Spiced)","fruits","CURATED_KEYWORD_MATCH","NO - Curated","99%","https://images.unsplash.com/photo-1528825871115-3581a5387919?auto=format&fit=crop&w=800&q=80","Unsplash / Fresh Banana Bunch","https://www.google.com/search?q=North%20Indian%20Style%20Robusta%20Banana%20(Spiced)%20food&tbm=isch","=HYPERLINK(""https://www.google.com/search?q=North%20Indian%20Style%20Robusta%20Banana%20(Spiced)%20food&tbm=isch"", ""View Image"")"
"robusta_banana_var_1076","Mediterranean Classic Robusta Banana (Imported)","fruits","CURATED_KEYWORD_MATCH","NO - Curated","99%","https://images.unsplash.com/photo-1528825871115-3581a5387919?auto=format&fit=crop&w=800&q=80","Unsplash / Fresh Banana Bunch","https://www.google.com/search?q=Mediterranean%20Classic%20Robusta%20Banana%20(Imported)%20food&tbm=isch","=HYPERLINK(""https://www.google.com/search?q=Mediterranean%20Classic%20Robusta%20Banana%20(Imported)%20food&tbm=isch"", ""View Image"")"
"robusta_banana_var_1077","Asian Specialty Robusta Banana (Select)","fruits","CURATED_KEYWORD_MATCH","NO - Curated","99%","https://images.unsplash.com/photo-1528825871115-3581a5387919?auto=format&fit=crop&w=800&q=80","Unsplash / Fresh Banana Bunch","https://www.google.com/search?q=Asian%20Specialty%20Robusta%20Banana%20(Select)%20food&tbm=isch","=HYPERLINK(""https://www.google.com/search?q=Asian%20Specialty%20Robusta%20Banana%20(Select)%20food&tbm=isch"", ""View Image"")"
"robusta_banana_var_1078","European Heirloom Robusta Banana (Artisanal)","fruits","CURATED_KEYWORD_MATCH","NO - Curated","99%","https://images.unsplash.com/photo-1528825871115-3581a5387919?auto=format&fit=crop&w=800&q=80","Unsplash / Fresh Banana Bunch","https://www.google.com/search?q=European%20Heirloom%20Robusta%20Banana%20(Artisanal)%20food&tbm=isch","=HYPERLINK(""https://www.google.com/search?q=European%20Heirloom%20Robusta%20Banana%20(Artisanal)%20food&tbm=isch"", ""View Image"")"
"robusta_banana_var_1079","Farm-Fresh Premium Robusta Banana (A-Grade)","fruits","CURATED_KEYWORD_MATCH","NO - Curated","99%","https://images.unsplash.com/photo-1528825871115-3581a5387919?auto=format&fit=crop&w=800&q=80","Unsplash / Fresh Banana Bunch","https://www.google.com/search?q=Farm-Fresh%20Premium%20Robusta%20Banana%20(A-Grade)%20food&tbm=isch","=HYPERLINK(""https://www.google.com/search?q=Farm-Fresh%20Premium%20Robusta%20Banana%20(A-Grade)%20food&tbm=isch"", ""View Image"")"
"robusta_banana_var_1080","Wild-Harvested Robusta Banana (Pure)","fruits","CURATED_KEYWORD_MATCH","NO - Curated","99%","https://images.unsplash.com/photo-1528825871115-3581a5387919?auto=format&fit=crop&w=800&q=80","Unsplash / Fresh Banana Bunch","https://www.google.com/search?q=Wild-Harvested%20Robusta%20Banana%20(Pure)%20food&tbm=isch","=HYPERLINK(""https://www.google.com/search?q=Wild-Harvested%20Robusta%20Banana%20(Pure)%20food&tbm=isch"", ""View Image"")"
"alphonso_mango_var_1081","Fresh Organic Alphonso Mango","fruits","CURATED_KEYWORD_MATCH","NO - Curated","99%","https://images.unsplash.com/photo-1553279768-865429fa0078?auto=format&fit=crop&w=800&q=80","Unsplash / Golden Ripe Mango","https://www.google.com/search?q=Fresh%20Organic%20Alphonso%20Mango%20food&tbm=isch","=HYPERLINK(""https://www.google.com/search?q=Fresh%20Organic%20Alphonso%20Mango%20food&tbm=isch"", ""View Image"")"
"alphonso_mango_var_1082","Sun-Dried Alphonso Mango (Dried)","fruits","CURATED_KEYWORD_MATCH","NO - Curated","99%","https://images.unsplash.com/photo-1553279768-865429fa0078?auto=format&fit=crop&w=800&q=80","Unsplash / Golden Ripe Mango","https://www.google.com/search?q=Sun-Dried%20Alphonso%20Mango%20(Dried)%20food&tbm=isch","=HYPERLINK(""https://www.google.com/search?q=Sun-Dried%20Alphonso%20Mango%20(Dried)%20food&tbm=isch"", ""View Image"")"
"alphonso_mango_var_1083","Himalayan Grade Alphonso Mango (Special)","fruits","CURATED_KEYWORD_MATCH","NO - Curated","99%","https://images.unsplash.com/photo-1553279768-865429fa0078?auto=format&fit=crop&w=800&q=80","Unsplash / Golden Ripe Mango","https://www.google.com/search?q=Himalayan%20Grade%20Alphonso%20Mango%20(Special)%20food&tbm=isch","=HYPERLINK(""https://www.google.com/search?q=Himalayan%20Grade%20Alphonso%20Mango%20(Special)%20food&tbm=isch"", ""View Image"")"
"alphonso_mango_var_1084","South Indian Alphonso Mango (Traditional)","fruits","CURATED_KEYWORD_MATCH","NO - Curated","99%","https://images.unsplash.com/photo-1553279768-865429fa0078?auto=format&fit=crop&w=800&q=80","Unsplash / Golden Ripe Mango","https://www.google.com/search?q=South%20Indian%20Alphonso%20Mango%20(Traditional)%20food&tbm=isch","=HYPERLINK(""https://www.google.com/search?q=South%20Indian%20Alphonso%20Mango%20(Traditional)%20food&tbm=isch"", ""View Image"")"
"alphonso_mango_var_1085","North Indian Style Alphonso Mango (Spiced)","fruits","CURATED_KEYWORD_MATCH","NO - Curated","99%","https://images.unsplash.com/photo-1553279768-865429fa0078?auto=format&fit=crop&w=800&q=80","Unsplash / Golden Ripe Mango","https://www.google.com/search?q=North%20Indian%20Style%20Alphonso%20Mango%20(Spiced)%20food&tbm=isch","=HYPERLINK(""https://www.google.com/search?q=North%20Indian%20Style%20Alphonso%20Mango%20(Spiced)%20food&tbm=isch"", ""View Image"")"
"alphonso_mango_var_1086","Mediterranean Classic Alphonso Mango (Imported)","fruits","CURATED_KEYWORD_MATCH","NO - Curated","99%","https://images.unsplash.com/photo-1553279768-865429fa0078?auto=format&fit=crop&w=800&q=80","Unsplash / Golden Ripe Mango","https://www.google.com/search?q=Mediterranean%20Classic%20Alphonso%20Mango%20(Imported)%20food&tbm=isch","=HYPERLINK(""https://www.google.com/search?q=Mediterranean%20Classic%20Alphonso%20Mango%20(Imported)%20food&tbm=isch"", ""View Image"")"
"alphonso_mango_var_1087","Asian Specialty Alphonso Mango (Select)","fruits","CURATED_KEYWORD_MATCH","NO - Curated","99%","https://images.unsplash.com/photo-1553279768-865429fa0078?auto=format&fit=crop&w=800&q=80","Unsplash / Golden Ripe Mango","https://www.google.com/search?q=Asian%20Specialty%20Alphonso%20Mango%20(Select)%20food&tbm=isch","=HYPERLINK(""https://www.google.com/search?q=Asian%20Specialty%20Alphonso%20Mango%20(Select)%20food&tbm=isch"", ""View Image"")"
"alphonso_mango_var_1088","European Heirloom Alphonso Mango (Artisanal)","fruits","CURATED_KEYWORD_MATCH","NO - Curated","99%","https://images.unsplash.com/photo-1553279768-865429fa0078?auto=format&fit=crop&w=800&q=80","Unsplash / Golden Ripe Mango","https://www.google.com/search?q=European%20Heirloom%20Alphonso%20Mango%20(Artisanal)%20food&tbm=isch","=HYPERLINK(""https://www.google.com/search?q=European%20Heirloom%20Alphonso%20Mango%20(Artisanal)%20food&tbm=isch"", ""View Image"")"
"alphonso_mango_var_1089","Farm-Fresh Premium Alphonso Mango (A-Grade)","fruits","CURATED_KEYWORD_MATCH","NO - Curated","99%","https://images.unsplash.com/photo-1553279768-865429fa0078?auto=format&fit=crop&w=800&q=80","Unsplash / Golden Ripe Mango","https://www.google.com/search?q=Farm-Fresh%20Premium%20Alphonso%20Mango%20(A-Grade)%20food&tbm=isch","=HYPERLINK(""https://www.google.com/search?q=Farm-Fresh%20Premium%20Alphonso%20Mango%20(A-Grade)%20food&tbm=isch"", ""View Image"")"
"alphonso_mango_var_1090","Wild-Harvested Alphonso Mango (Pure)","fruits","CURATED_KEYWORD_MATCH","NO - Curated","99%","https://images.unsplash.com/photo-1553279768-865429fa0078?auto=format&fit=crop&w=800&q=80","Unsplash / Golden Ripe Mango","https://www.google.com/search?q=Wild-Harvested%20Alphonso%20Mango%20(Pure)%20food&tbm=isch","=HYPERLINK(""https://www.google.com/search?q=Wild-Harvested%20Alphonso%20Mango%20(Pure)%20food&tbm=isch"", ""View Image"")"
"kesar_mango","Kesar Mango","fruits","CURATED_KEYWORD_MATCH","NO - Curated","99%","https://images.unsplash.com/photo-1553279768-865429fa0078?auto=format&fit=crop&w=800&q=80","Unsplash / Golden Ripe Mango","https://www.google.com/search?q=Kesar%20Mango%20food&tbm=isch","=HYPERLINK(""https://www.google.com/search?q=Kesar%20Mango%20food&tbm=isch"", ""View Image"")"
"kesar_mango_var_1091","Fresh Organic Kesar Mango","fruits","CURATED_KEYWORD_MATCH","NO - Curated","99%","https://images.unsplash.com/photo-1553279768-865429fa0078?auto=format&fit=crop&w=800&q=80","Unsplash / Golden Ripe Mango","https://www.google.com/search?q=Fresh%20Organic%20Kesar%20Mango%20food&tbm=isch","=HYPERLINK(""https://www.google.com/search?q=Fresh%20Organic%20Kesar%20Mango%20food&tbm=isch"", ""View Image"")"
"kesar_mango_var_1092","Sun-Dried Kesar Mango (Dried)","fruits","CURATED_KEYWORD_MATCH","NO - Curated","99%","https://images.unsplash.com/photo-1553279768-865429fa0078?auto=format&fit=crop&w=800&q=80","Unsplash / Golden Ripe Mango","https://www.google.com/search?q=Sun-Dried%20Kesar%20Mango%20(Dried)%20food&tbm=isch","=HYPERLINK(""https://www.google.com/search?q=Sun-Dried%20Kesar%20Mango%20(Dried)%20food&tbm=isch"", ""View Image"")"
"kesar_mango_var_1093","Himalayan Grade Kesar Mango (Special)","fruits","CURATED_KEYWORD_MATCH","NO - Curated","99%","https://images.unsplash.com/photo-1553279768-865429fa0078?auto=format&fit=crop&w=800&q=80","Unsplash / Golden Ripe Mango","https://www.google.com/search?q=Himalayan%20Grade%20Kesar%20Mango%20(Special)%20food&tbm=isch","=HYPERLINK(""https://www.google.com/search?q=Himalayan%20Grade%20Kesar%20Mango%20(Special)%20food&tbm=isch"", ""View Image"")"
"kesar_mango_var_1094","South Indian Kesar Mango (Traditional)","fruits","CURATED_KEYWORD_MATCH","NO - Curated","99%","https://images.unsplash.com/photo-1553279768-865429fa0078?auto=format&fit=crop&w=800&q=80","Unsplash / Golden Ripe Mango","https://www.google.com/search?q=South%20Indian%20Kesar%20Mango%20(Traditional)%20food&tbm=isch","=HYPERLINK(""https://www.google.com/search?q=South%20Indian%20Kesar%20Mango%20(Traditional)%20food&tbm=isch"", ""View Image"")"
"kesar_mango_var_1095","North Indian Style Kesar Mango (Spiced)","fruits","CURATED_KEYWORD_MATCH","NO - Curated","99%","https://images.unsplash.com/photo-1553279768-865429fa0078?auto=format&fit=crop&w=800&q=80","Unsplash / Golden Ripe Mango","https://www.google.com/search?q=North%20Indian%20Style%20Kesar%20Mango%20(Spiced)%20food&tbm=isch","=HYPERLINK(""https://www.google.com/search?q=North%20Indian%20Style%20Kesar%20Mango%20(Spiced)%20food&tbm=isch"", ""View Image"")"
"kesar_mango_var_1096","Mediterranean Classic Kesar Mango (Imported)","fruits","CURATED_KEYWORD_MATCH","NO - Curated","99%","https://images.unsplash.com/photo-1553279768-865429fa0078?auto=format&fit=crop&w=800&q=80","Unsplash / Golden Ripe Mango","https://www.google.com/search?q=Mediterranean%20Classic%20Kesar%20Mango%20(Imported)%20food&tbm=isch","=HYPERLINK(""https://www.google.com/search?q=Mediterranean%20Classic%20Kesar%20Mango%20(Imported)%20food&tbm=isch"", ""View Image"")"
"kesar_mango_var_1097","Asian Specialty Kesar Mango (Select)","fruits","CURATED_KEYWORD_MATCH","NO - Curated","99%","https://images.unsplash.com/photo-1553279768-865429fa0078?auto=format&fit=crop&w=800&q=80","Unsplash / Golden Ripe Mango","https://www.google.com/search?q=Asian%20Specialty%20Kesar%20Mango%20(Select)%20food&tbm=isch","=HYPERLINK(""https://www.google.com/search?q=Asian%20Specialty%20Kesar%20Mango%20(Select)%20food&tbm=isch"", ""View Image"")"
"kesar_mango_var_1098","European Heirloom Kesar Mango (Artisanal)","fruits","CURATED_KEYWORD_MATCH","NO - Curated","99%","https://images.unsplash.com/photo-1553279768-865429fa0078?auto=format&fit=crop&w=800&q=80","Unsplash / Golden Ripe Mango","https://www.google.com/search?q=European%20Heirloom%20Kesar%20Mango%20(Artisanal)%20food&tbm=isch","=HYPERLINK(""https://www.google.com/search?q=European%20Heirloom%20Kesar%20Mango%20(Artisanal)%20food&tbm=isch"", ""View Image"")"
"kesar_mango_var_1099","Farm-Fresh Premium Kesar Mango (A-Grade)","fruits","CURATED_KEYWORD_MATCH","NO - Curated","99%","https://images.unsplash.com/photo-1553279768-865429fa0078?auto=format&fit=crop&w=800&q=80","Unsplash / Golden Ripe Mango","https://www.google.com/search?q=Farm-Fresh%20Premium%20Kesar%20Mango%20(A-Grade)%20food&tbm=isch","=HYPERLINK(""https://www.google.com/search?q=Farm-Fresh%20Premium%20Kesar%20Mango%20(A-Grade)%20food&tbm=isch"", ""View Image"")"
"kesar_mango_var_1100","Wild-Harvested Kesar Mango (Pure)","fruits","CURATED_KEYWORD_MATCH","NO - Curated","99%","https://images.unsplash.com/photo-1553279768-865429fa0078?auto=format&fit=crop&w=800&q=80","Unsplash / Golden Ripe Mango","https://www.google.com/search?q=Wild-Harvested%20Kesar%20Mango%20(Pure)%20food&tbm=isch","=HYPERLINK(""https://www.google.com/search?q=Wild-Harvested%20Kesar%20Mango%20(Pure)%20food&tbm=isch"", ""View Image"")"
"dasheri_mango","Dasheri Mango","fruits","CURATED_KEYWORD_MATCH","NO - Curated","99%","https://images.unsplash.com/photo-1553279768-865429fa0078?auto=format&fit=crop&w=800&q=80","Unsplash / Golden Ripe Mango","https://www.google.com/search?q=Dasheri%20Mango%20food&tbm=isch","=HYPERLINK(""https://www.google.com/search?q=Dasheri%20Mango%20food&tbm=isch"", ""View Image"")"
"dasheri_mango_var_1101","Fresh Organic Dasheri Mango","fruits","CURATED_KEYWORD_MATCH","NO - Curated","99%","https://images.unsplash.com/photo-1553279768-865429fa0078?auto=format&fit=crop&w=800&q=80","Unsplash / Golden Ripe Mango","https://www.google.com/search?q=Fresh%20Organic%20Dasheri%20Mango%20food&tbm=isch","=HYPERLINK(""https://www.google.com/search?q=Fresh%20Organic%20Dasheri%20Mango%20food&tbm=isch"", ""View Image"")"
"dasheri_mango_var_1102","Sun-Dried Dasheri Mango (Dried)","fruits","CURATED_KEYWORD_MATCH","NO - Curated","99%","https://images.unsplash.com/photo-1553279768-865429fa0078?auto=format&fit=crop&w=800&q=80","Unsplash / Golden Ripe Mango","https://www.google.com/search?q=Sun-Dried%20Dasheri%20Mango%20(Dried)%20food&tbm=isch","=HYPERLINK(""https://www.google.com/search?q=Sun-Dried%20Dasheri%20Mango%20(Dried)%20food&tbm=isch"", ""View Image"")"
"dasheri_mango_var_1103","Himalayan Grade Dasheri Mango (Special)","fruits","CURATED_KEYWORD_MATCH","NO - Curated","99%","https://images.unsplash.com/photo-1553279768-865429fa0078?auto=format&fit=crop&w=800&q=80","Unsplash / Golden Ripe Mango","https://www.google.com/search?q=Himalayan%20Grade%20Dasheri%20Mango%20(Special)%20food&tbm=isch","=HYPERLINK(""https://www.google.com/search?q=Himalayan%20Grade%20Dasheri%20Mango%20(Special)%20food&tbm=isch"", ""View Image"")"
"dasheri_mango_var_1104","South Indian Dasheri Mango (Traditional)","fruits","CURATED_KEYWORD_MATCH","NO - Curated","99%","https://images.unsplash.com/photo-1553279768-865429fa0078?auto=format&fit=crop&w=800&q=80","Unsplash / Golden Ripe Mango","https://www.google.com/search?q=South%20Indian%20Dasheri%20Mango%20(Traditional)%20food&tbm=isch","=HYPERLINK(""https://www.google.com/search?q=South%20Indian%20Dasheri%20Mango%20(Traditional)%20food&tbm=isch"", ""View Image"")"
"dasheri_mango_var_1105","North Indian Style Dasheri Mango (Spiced)","fruits","CURATED_KEYWORD_MATCH","NO - Curated","99%","https://images.unsplash.com/photo-1553279768-865429fa0078?auto=format&fit=crop&w=800&q=80","Unsplash / Golden Ripe Mango","https://www.google.com/search?q=North%20Indian%20Style%20Dasheri%20Mango%20(Spiced)%20food&tbm=isch","=HYPERLINK(""https://www.google.com/search?q=North%20Indian%20Style%20Dasheri%20Mango%20(Spiced)%20food&tbm=isch"", ""View Image"")"
"dasheri_mango_var_1106","Mediterranean Classic Dasheri Mango (Imported)","fruits","CURATED_KEYWORD_MATCH","NO - Curated","99%","https://images.unsplash.com/photo-1553279768-865429fa0078?auto=format&fit=crop&w=800&q=80","Unsplash / Golden Ripe Mango","https://www.google.com/search?q=Mediterranean%20Classic%20Dasheri%20Mango%20(Imported)%20food&tbm=isch","=HYPERLINK(""https://www.google.com/search?q=Mediterranean%20Classic%20Dasheri%20Mango%20(Imported)%20food&tbm=isch"", ""View Image"")"
"dasheri_mango_var_1107","Asian Specialty Dasheri Mango (Select)","fruits","CURATED_KEYWORD_MATCH","NO - Curated","99%","https://images.unsplash.com/photo-1553279768-865429fa0078?auto=format&fit=crop&w=800&q=80","Unsplash / Golden Ripe Mango","https://www.google.com/search?q=Asian%20Specialty%20Dasheri%20Mango%20(Select)%20food&tbm=isch","=HYPERLINK(""https://www.google.com/search?q=Asian%20Specialty%20Dasheri%20Mango%20(Select)%20food&tbm=isch"", ""View Image"")"
"dasheri_mango_var_1108","European Heirloom Dasheri Mango (Artisanal)","fruits","CURATED_KEYWORD_MATCH","NO - Curated","99%","https://images.unsplash.com/photo-1553279768-865429fa0078?auto=format&fit=crop&w=800&q=80","Unsplash / Golden Ripe Mango","https://www.google.com/search?q=European%20Heirloom%20Dasheri%20Mango%20(Artisanal)%20food&tbm=isch","=HYPERLINK(""https://www.google.com/search?q=European%20Heirloom%20Dasheri%20Mango%20(Artisanal)%20food&tbm=isch"", ""View Image"")"
"dasheri_mango_var_1109","Farm-Fresh Premium Dasheri Mango (A-Grade)","fruits","CURATED_KEYWORD_MATCH","NO - Curated","99%","https://images.unsplash.com/photo-1553279768-865429fa0078?auto=format&fit=crop&w=800&q=80","Unsplash / Golden Ripe Mango","https://www.google.com/search?q=Farm-Fresh%20Premium%20Dasheri%20Mango%20(A-Grade)%20food&tbm=isch","=HYPERLINK(""https://www.google.com/search?q=Farm-Fresh%20Premium%20Dasheri%20Mango%20(A-Grade)%20food&tbm=isch"", ""View Image"")"
"dasheri_mango_var_1110","Wild-Harvested Dasheri Mango (Pure)","fruits","CURATED_KEYWORD_MATCH","NO - Curated","99%","https://images.unsplash.com/photo-1553279768-865429fa0078?auto=format&fit=crop&w=800&q=80","Unsplash / Golden Ripe Mango","https://www.google.com/search?q=Wild-Harvested%20Dasheri%20Mango%20(Pure)%20food&tbm=isch","=HYPERLINK(""https://www.google.com/search?q=Wild-Harvested%20Dasheri%20Mango%20(Pure)%20food&tbm=isch"", ""View Image"")"
"badami_mango","Badami Mango","fruits","CURATED_KEYWORD_MATCH","NO - Curated","99%","https://images.unsplash.com/photo-1553279768-865429fa0078?auto=format&fit=crop&w=800&q=80","Unsplash / Golden Ripe Mango","https://www.google.com/search?q=Badami%20Mango%20food&tbm=isch","=HYPERLINK(""https://www.google.com/search?q=Badami%20Mango%20food&tbm=isch"", ""View Image"")"
"badami_mango_var_1111","Fresh Organic Badami Mango","fruits","CURATED_KEYWORD_MATCH","NO - Curated","99%","https://images.unsplash.com/photo-1553279768-865429fa0078?auto=format&fit=crop&w=800&q=80","Unsplash / Golden Ripe Mango","https://www.google.com/search?q=Fresh%20Organic%20Badami%20Mango%20food&tbm=isch","=HYPERLINK(""https://www.google.com/search?q=Fresh%20Organic%20Badami%20Mango%20food&tbm=isch"", ""View Image"")"
"badami_mango_var_1112","Sun-Dried Badami Mango (Dried)","fruits","CURATED_KEYWORD_MATCH","NO - Curated","99%","https://images.unsplash.com/photo-1553279768-865429fa0078?auto=format&fit=crop&w=800&q=80","Unsplash / Golden Ripe Mango","https://www.google.com/search?q=Sun-Dried%20Badami%20Mango%20(Dried)%20food&tbm=isch","=HYPERLINK(""https://www.google.com/search?q=Sun-Dried%20Badami%20Mango%20(Dried)%20food&tbm=isch"", ""View Image"")"
"badami_mango_var_1113","Himalayan Grade Badami Mango (Special)","fruits","CURATED_KEYWORD_MATCH","NO - Curated","99%","https://images.unsplash.com/photo-1553279768-865429fa0078?auto=format&fit=crop&w=800&q=80","Unsplash / Golden Ripe Mango","https://www.google.com/search?q=Himalayan%20Grade%20Badami%20Mango%20(Special)%20food&tbm=isch","=HYPERLINK(""https://www.google.com/search?q=Himalayan%20Grade%20Badami%20Mango%20(Special)%20food&tbm=isch"", ""View Image"")"
"badami_mango_var_1114","South Indian Badami Mango (Traditional)","fruits","CURATED_KEYWORD_MATCH","NO - Curated","99%","https://images.unsplash.com/photo-1553279768-865429fa0078?auto=format&fit=crop&w=800&q=80","Unsplash / Golden Ripe Mango","https://www.google.com/search?q=South%20Indian%20Badami%20Mango%20(Traditional)%20food&tbm=isch","=HYPERLINK(""https://www.google.com/search?q=South%20Indian%20Badami%20Mango%20(Traditional)%20food&tbm=isch"", ""View Image"")"
"badami_mango_var_1115","North Indian Style Badami Mango (Spiced)","fruits","CURATED_KEYWORD_MATCH","NO - Curated","99%","https://images.unsplash.com/photo-1553279768-865429fa0078?auto=format&fit=crop&w=800&q=80","Unsplash / Golden Ripe Mango","https://www.google.com/search?q=North%20Indian%20Style%20Badami%20Mango%20(Spiced)%20food&tbm=isch","=HYPERLINK(""https://www.google.com/search?q=North%20Indian%20Style%20Badami%20Mango%20(Spiced)%20food&tbm=isch"", ""View Image"")"
"badami_mango_var_1116","Mediterranean Classic Badami Mango (Imported)","fruits","CURATED_KEYWORD_MATCH","NO - Curated","99%","https://images.unsplash.com/photo-1553279768-865429fa0078?auto=format&fit=crop&w=800&q=80","Unsplash / Golden Ripe Mango","https://www.google.com/search?q=Mediterranean%20Classic%20Badami%20Mango%20(Imported)%20food&tbm=isch","=HYPERLINK(""https://www.google.com/search?q=Mediterranean%20Classic%20Badami%20Mango%20(Imported)%20food&tbm=isch"", ""View Image"")"
"badami_mango_var_1117","Asian Specialty Badami Mango (Select)","fruits","CURATED_KEYWORD_MATCH","NO - Curated","99%","https://images.unsplash.com/photo-1553279768-865429fa0078?auto=format&fit=crop&w=800&q=80","Unsplash / Golden Ripe Mango","https://www.google.com/search?q=Asian%20Specialty%20Badami%20Mango%20(Select)%20food&tbm=isch","=HYPERLINK(""https://www.google.com/search?q=Asian%20Specialty%20Badami%20Mango%20(Select)%20food&tbm=isch"", ""View Image"")"
"badami_mango_var_1118","European Heirloom Badami Mango (Artisanal)","fruits","CURATED_KEYWORD_MATCH","NO - Curated","99%","https://images.unsplash.com/photo-1553279768-865429fa0078?auto=format&fit=crop&w=800&q=80","Unsplash / Golden Ripe Mango","https://www.google.com/search?q=European%20Heirloom%20Badami%20Mango%20(Artisanal)%20food&tbm=isch","=HYPERLINK(""https://www.google.com/search?q=European%20Heirloom%20Badami%20Mango%20(Artisanal)%20food&tbm=isch"", ""View Image"")"
"badami_mango_var_1119","Farm-Fresh Premium Badami Mango (A-Grade)","fruits","CURATED_KEYWORD_MATCH","NO - Curated","99%","https://images.unsplash.com/photo-1553279768-865429fa0078?auto=format&fit=crop&w=800&q=80","Unsplash / Golden Ripe Mango","https://www.google.com/search?q=Farm-Fresh%20Premium%20Badami%20Mango%20(A-Grade)%20food&tbm=isch","=HYPERLINK(""https://www.google.com/search?q=Farm-Fresh%20Premium%20Badami%20Mango%20(A-Grade)%20food&tbm=isch"", ""View Image"")"
"badami_mango_var_1120","Wild-Harvested Badami Mango (Pure)","fruits","CURATED_KEYWORD_MATCH","NO - Curated","99%","https://images.unsplash.com/photo-1553279768-865429fa0078?auto=format&fit=crop&w=800&q=80","Unsplash / Golden Ripe Mango","https://www.google.com/search?q=Wild-Harvested%20Badami%20Mango%20(Pure)%20food&tbm=isch","=HYPERLINK(""https://www.google.com/search?q=Wild-Harvested%20Badami%20Mango%20(Pure)%20food&tbm=isch"", ""View Image"")"
"navel_orange","Navel Orange","fruits","CURATED_KEYWORD_MATCH","NO - Curated","99%","https://images.unsplash.com/photo-1611080626919-7cf5a9dbab5b?auto=format&fit=crop&w=800&q=80","Unsplash / Juicy Citrus Oranges","https://www.google.com/search?q=Navel%20Orange%20food&tbm=isch","=HYPERLINK(""https://www.google.com/search?q=Navel%20Orange%20food&tbm=isch"", ""View Image"")"
"navel_orange_var_1121","Fresh Organic Navel Orange","fruits","CURATED_KEYWORD_MATCH","NO - Curated","99%","https://images.unsplash.com/photo-1611080626919-7cf5a9dbab5b?auto=format&fit=crop&w=800&q=80","Unsplash / Juicy Citrus Oranges","https://www.google.com/search?q=Fresh%20Organic%20Navel%20Orange%20food&tbm=isch","=HYPERLINK(""https://www.google.com/search?q=Fresh%20Organic%20Navel%20Orange%20food&tbm=isch"", ""View Image"")"
"navel_orange_var_1122","Sun-Dried Navel Orange (Dried)","fruits","CURATED_KEYWORD_MATCH","NO - Curated","99%","https://images.unsplash.com/photo-1611080626919-7cf5a9dbab5b?auto=format&fit=crop&w=800&q=80","Unsplash / Juicy Citrus Oranges","https://www.google.com/search?q=Sun-Dried%20Navel%20Orange%20(Dried)%20food&tbm=isch","=HYPERLINK(""https://www.google.com/search?q=Sun-Dried%20Navel%20Orange%20(Dried)%20food&tbm=isch"", ""View Image"")"
"navel_orange_var_1123","Himalayan Grade Navel Orange (Special)","fruits","CURATED_KEYWORD_MATCH","NO - Curated","99%","https://images.unsplash.com/photo-1611080626919-7cf5a9dbab5b?auto=format&fit=crop&w=800&q=80","Unsplash / Juicy Citrus Oranges","https://www.google.com/search?q=Himalayan%20Grade%20Navel%20Orange%20(Special)%20food&tbm=isch","=HYPERLINK(""https://www.google.com/search?q=Himalayan%20Grade%20Navel%20Orange%20(Special)%20food&tbm=isch"", ""View Image"")"
"navel_orange_var_1124","South Indian Navel Orange (Traditional)","fruits","CURATED_KEYWORD_MATCH","NO - Curated","99%","https://images.unsplash.com/photo-1611080626919-7cf5a9dbab5b?auto=format&fit=crop&w=800&q=80","Unsplash / Juicy Citrus Oranges","https://www.google.com/search?q=South%20Indian%20Navel%20Orange%20(Traditional)%20food&tbm=isch","=HYPERLINK(""https://www.google.com/search?q=South%20Indian%20Navel%20Orange%20(Traditional)%20food&tbm=isch"", ""View Image"")"
"navel_orange_var_1125","North Indian Style Navel Orange (Spiced)","fruits","CURATED_KEYWORD_MATCH","NO - Curated","99%","https://images.unsplash.com/photo-1611080626919-7cf5a9dbab5b?auto=format&fit=crop&w=800&q=80","Unsplash / Juicy Citrus Oranges","https://www.google.com/search?q=North%20Indian%20Style%20Navel%20Orange%20(Spiced)%20food&tbm=isch","=HYPERLINK(""https://www.google.com/search?q=North%20Indian%20Style%20Navel%20Orange%20(Spiced)%20food&tbm=isch"", ""View Image"")"
"navel_orange_var_1126","Mediterranean Classic Navel Orange (Imported)","fruits","CURATED_KEYWORD_MATCH","NO - Curated","99%","https://images.unsplash.com/photo-1611080626919-7cf5a9dbab5b?auto=format&fit=crop&w=800&q=80","Unsplash / Juicy Citrus Oranges","https://www.google.com/search?q=Mediterranean%20Classic%20Navel%20Orange%20(Imported)%20food&tbm=isch","=HYPERLINK(""https://www.google.com/search?q=Mediterranean%20Classic%20Navel%20Orange%20(Imported)%20food&tbm=isch"", ""View Image"")"
"navel_orange_var_1127","Asian Specialty Navel Orange (Select)","fruits","CURATED_KEYWORD_MATCH","NO - Curated","99%","https://images.unsplash.com/photo-1611080626919-7cf5a9dbab5b?auto=format&fit=crop&w=800&q=80","Unsplash / Juicy Citrus Oranges","https://www.google.com/search?q=Asian%20Specialty%20Navel%20Orange%20(Select)%20food&tbm=isch","=HYPERLINK(""https://www.google.com/search?q=Asian%20Specialty%20Navel%20Orange%20(Select)%20food&tbm=isch"", ""View Image"")"
"navel_orange_var_1128","European Heirloom Navel Orange (Artisanal)","fruits","CURATED_KEYWORD_MATCH","NO - Curated","99%","https://images.unsplash.com/photo-1611080626919-7cf5a9dbab5b?auto=format&fit=crop&w=800&q=80","Unsplash / Juicy Citrus Oranges","https://www.google.com/search?q=European%20Heirloom%20Navel%20Orange%20(Artisanal)%20food&tbm=isch","=HYPERLINK(""https://www.google.com/search?q=European%20Heirloom%20Navel%20Orange%20(Artisanal)%20food&tbm=isch"", ""View Image"")"
"navel_orange_var_1129","Farm-Fresh Premium Navel Orange (A-Grade)","fruits","CURATED_KEYWORD_MATCH","NO - Curated","99%","https://images.unsplash.com/photo-1611080626919-7cf5a9dbab5b?auto=format&fit=crop&w=800&q=80","Unsplash / Juicy Citrus Oranges","https://www.google.com/search?q=Farm-Fresh%20Premium%20Navel%20Orange%20(A-Grade)%20food&tbm=isch","=HYPERLINK(""https://www.google.com/search?q=Farm-Fresh%20Premium%20Navel%20Orange%20(A-Grade)%20food&tbm=isch"", ""View Image"")"
"navel_orange_var_1130","Wild-Harvested Navel Orange (Pure)","fruits","CURATED_KEYWORD_MATCH","NO - Curated","99%","https://images.unsplash.com/photo-1611080626919-7cf5a9dbab5b?auto=format&fit=crop&w=800&q=80","Unsplash / Juicy Citrus Oranges","https://www.google.com/search?q=Wild-Harvested%20Navel%20Orange%20(Pure)%20food&tbm=isch","=HYPERLINK(""https://www.google.com/search?q=Wild-Harvested%20Navel%20Orange%20(Pure)%20food&tbm=isch"", ""View Image"")"
"blood_orange","Blood Orange","fruits","CURATED_KEYWORD_MATCH","NO - Curated","99%","https://images.unsplash.com/photo-1611080626919-7cf5a9dbab5b?auto=format&fit=crop&w=800&q=80","Unsplash / Juicy Citrus Oranges","https://www.google.com/search?q=Blood%20Orange%20food&tbm=isch","=HYPERLINK(""https://www.google.com/search?q=Blood%20Orange%20food&tbm=isch"", ""View Image"")"
"blood_orange_var_1131","Fresh Organic Blood Orange","fruits","CURATED_KEYWORD_MATCH","NO - Curated","99%","https://images.unsplash.com/photo-1611080626919-7cf5a9dbab5b?auto=format&fit=crop&w=800&q=80","Unsplash / Juicy Citrus Oranges","https://www.google.com/search?q=Fresh%20Organic%20Blood%20Orange%20food&tbm=isch","=HYPERLINK(""https://www.google.com/search?q=Fresh%20Organic%20Blood%20Orange%20food&tbm=isch"", ""View Image"")"
"blood_orange_var_1132","Sun-Dried Blood Orange (Dried)","fruits","CURATED_KEYWORD_MATCH","NO - Curated","99%","https://images.unsplash.com/photo-1611080626919-7cf5a9dbab5b?auto=format&fit=crop&w=800&q=80","Unsplash / Juicy Citrus Oranges","https://www.google.com/search?q=Sun-Dried%20Blood%20Orange%20(Dried)%20food&tbm=isch","=HYPERLINK(""https://www.google.com/search?q=Sun-Dried%20Blood%20Orange%20(Dried)%20food&tbm=isch"", ""View Image"")"
"blood_orange_var_1133","Himalayan Grade Blood Orange (Special)","fruits","CURATED_KEYWORD_MATCH","NO - Curated","99%","https://images.unsplash.com/photo-1611080626919-7cf5a9dbab5b?auto=format&fit=crop&w=800&q=80","Unsplash / Juicy Citrus Oranges","https://www.google.com/search?q=Himalayan%20Grade%20Blood%20Orange%20(Special)%20food&tbm=isch","=HYPERLINK(""https://www.google.com/search?q=Himalayan%20Grade%20Blood%20Orange%20(Special)%20food&tbm=isch"", ""View Image"")"
"blood_orange_var_1134","South Indian Blood Orange (Traditional)","fruits","CURATED_KEYWORD_MATCH","NO - Curated","99%","https://images.unsplash.com/photo-1611080626919-7cf5a9dbab5b?auto=format&fit=crop&w=800&q=80","Unsplash / Juicy Citrus Oranges","https://www.google.com/search?q=South%20Indian%20Blood%20Orange%20(Traditional)%20food&tbm=isch","=HYPERLINK(""https://www.google.com/search?q=South%20Indian%20Blood%20Orange%20(Traditional)%20food&tbm=isch"", ""View Image"")"
"blood_orange_var_1135","North Indian Style Blood Orange (Spiced)","fruits","CURATED_KEYWORD_MATCH","NO - Curated","99%","https://images.unsplash.com/photo-1611080626919-7cf5a9dbab5b?auto=format&fit=crop&w=800&q=80","Unsplash / Juicy Citrus Oranges","https://www.google.com/search?q=North%20Indian%20Style%20Blood%20Orange%20(Spiced)%20food&tbm=isch","=HYPERLINK(""https://www.google.com/search?q=North%20Indian%20Style%20Blood%20Orange%20(Spiced)%20food&tbm=isch"", ""View Image"")"
"blood_orange_var_1136","Mediterranean Classic Blood Orange (Imported)","fruits","CURATED_KEYWORD_MATCH","NO - Curated","99%","https://images.unsplash.com/photo-1611080626919-7cf5a9dbab5b?auto=format&fit=crop&w=800&q=80","Unsplash / Juicy Citrus Oranges","https://www.google.com/search?q=Mediterranean%20Classic%20Blood%20Orange%20(Imported)%20food&tbm=isch","=HYPERLINK(""https://www.google.com/search?q=Mediterranean%20Classic%20Blood%20Orange%20(Imported)%20food&tbm=isch"", ""View Image"")"
"blood_orange_var_1137","Asian Specialty Blood Orange (Select)","fruits","CURATED_KEYWORD_MATCH","NO - Curated","99%","https://images.unsplash.com/photo-1611080626919-7cf5a9dbab5b?auto=format&fit=crop&w=800&q=80","Unsplash / Juicy Citrus Oranges","https://www.google.com/search?q=Asian%20Specialty%20Blood%20Orange%20(Select)%20food&tbm=isch","=HYPERLINK(""https://www.google.com/search?q=Asian%20Specialty%20Blood%20Orange%20(Select)%20food&tbm=isch"", ""View Image"")"
"blood_orange_var_1138","European Heirloom Blood Orange (Artisanal)","fruits","CURATED_KEYWORD_MATCH","NO - Curated","99%","https://images.unsplash.com/photo-1611080626919-7cf5a9dbab5b?auto=format&fit=crop&w=800&q=80","Unsplash / Juicy Citrus Oranges","https://www.google.com/search?q=European%20Heirloom%20Blood%20Orange%20(Artisanal)%20food&tbm=isch","=HYPERLINK(""https://www.google.com/search?q=European%20Heirloom%20Blood%20Orange%20(Artisanal)%20food&tbm=isch"", ""View Image"")"
"blood_orange_var_1139","Farm-Fresh Premium Blood Orange (A-Grade)","fruits","CURATED_KEYWORD_MATCH","NO - Curated","99%","https://images.unsplash.com/photo-1611080626919-7cf5a9dbab5b?auto=format&fit=crop&w=800&q=80","Unsplash / Juicy Citrus Oranges","https://www.google.com/search?q=Farm-Fresh%20Premium%20Blood%20Orange%20(A-Grade)%20food&tbm=isch","=HYPERLINK(""https://www.google.com/search?q=Farm-Fresh%20Premium%20Blood%20Orange%20(A-Grade)%20food&tbm=isch"", ""View Image"")"
"blood_orange_var_1140","Wild-Harvested Blood Orange (Pure)","fruits","CURATED_KEYWORD_MATCH","NO - Curated","99%","https://images.unsplash.com/photo-1611080626919-7cf5a9dbab5b?auto=format&fit=crop&w=800&q=80","Unsplash / Juicy Citrus Oranges","https://www.google.com/search?q=Wild-Harvested%20Blood%20Orange%20(Pure)%20food&tbm=isch","=HYPERLINK(""https://www.google.com/search?q=Wild-Harvested%20Blood%20Orange%20(Pure)%20food&tbm=isch"", ""View Image"")"
"nagpur_mandarin","Nagpur Mandarin","fruits","CURATED_KEYWORD_MATCH","NO - Curated","99%","https://images.unsplash.com/photo-1611080626919-7cf5a9dbab5b?auto=format&fit=crop&w=800&q=80","Unsplash / Juicy Citrus Oranges","https://www.google.com/search?q=Nagpur%20Mandarin%20food&tbm=isch","=HYPERLINK(""https://www.google.com/search?q=Nagpur%20Mandarin%20food&tbm=isch"", ""View Image"")"
"nagpur_mandarin_var_1141","Fresh Organic Nagpur Mandarin","fruits","CURATED_KEYWORD_MATCH","NO - Curated","99%","https://images.unsplash.com/photo-1611080626919-7cf5a9dbab5b?auto=format&fit=crop&w=800&q=80","Unsplash / Juicy Citrus Oranges","https://www.google.com/search?q=Fresh%20Organic%20Nagpur%20Mandarin%20food&tbm=isch","=HYPERLINK(""https://www.google.com/search?q=Fresh%20Organic%20Nagpur%20Mandarin%20food&tbm=isch"", ""View Image"")"
"nagpur_mandarin_var_1142","Sun-Dried Nagpur Mandarin (Dried)","fruits","CURATED_KEYWORD_MATCH","NO - Curated","99%","https://images.unsplash.com/photo-1611080626919-7cf5a9dbab5b?auto=format&fit=crop&w=800&q=80","Unsplash / Juicy Citrus Oranges","https://www.google.com/search?q=Sun-Dried%20Nagpur%20Mandarin%20(Dried)%20food&tbm=isch","=HYPERLINK(""https://www.google.com/search?q=Sun-Dried%20Nagpur%20Mandarin%20(Dried)%20food&tbm=isch"", ""View Image"")"
"nagpur_mandarin_var_1143","Himalayan Grade Nagpur Mandarin (Special)","fruits","CURATED_KEYWORD_MATCH","NO - Curated","99%","https://images.unsplash.com/photo-1611080626919-7cf5a9dbab5b?auto=format&fit=crop&w=800&q=80","Unsplash / Juicy Citrus Oranges","https://www.google.com/search?q=Himalayan%20Grade%20Nagpur%20Mandarin%20(Special)%20food&tbm=isch","=HYPERLINK(""https://www.google.com/search?q=Himalayan%20Grade%20Nagpur%20Mandarin%20(Special)%20food&tbm=isch"", ""View Image"")"
"nagpur_mandarin_var_1144","South Indian Nagpur Mandarin (Traditional)","fruits","CURATED_KEYWORD_MATCH","NO - Curated","99%","https://images.unsplash.com/photo-1611080626919-7cf5a9dbab5b?auto=format&fit=crop&w=800&q=80","Unsplash / Juicy Citrus Oranges","https://www.google.com/search?q=South%20Indian%20Nagpur%20Mandarin%20(Traditional)%20food&tbm=isch","=HYPERLINK(""https://www.google.com/search?q=South%20Indian%20Nagpur%20Mandarin%20(Traditional)%20food&tbm=isch"", ""View Image"")"
"nagpur_mandarin_var_1145","North Indian Style Nagpur Mandarin (Spiced)","fruits","CURATED_KEYWORD_MATCH","NO - Curated","99%","https://images.unsplash.com/photo-1611080626919-7cf5a9dbab5b?auto=format&fit=crop&w=800&q=80","Unsplash / Juicy Citrus Oranges","https://www.google.com/search?q=North%20Indian%20Style%20Nagpur%20Mandarin%20(Spiced)%20food&tbm=isch","=HYPERLINK(""https://www.google.com/search?q=North%20Indian%20Style%20Nagpur%20Mandarin%20(Spiced)%20food&tbm=isch"", ""View Image"")"
"nagpur_mandarin_var_1146","Mediterranean Classic Nagpur Mandarin (Imported)","fruits","CURATED_KEYWORD_MATCH","NO - Curated","99%","https://images.unsplash.com/photo-1611080626919-7cf5a9dbab5b?auto=format&fit=crop&w=800&q=80","Unsplash / Juicy Citrus Oranges","https://www.google.com/search?q=Mediterranean%20Classic%20Nagpur%20Mandarin%20(Imported)%20food&tbm=isch","=HYPERLINK(""https://www.google.com/search?q=Mediterranean%20Classic%20Nagpur%20Mandarin%20(Imported)%20food&tbm=isch"", ""View Image"")"
"nagpur_mandarin_var_1147","Asian Specialty Nagpur Mandarin (Select)","fruits","CURATED_KEYWORD_MATCH","NO - Curated","99%","https://images.unsplash.com/photo-1611080626919-7cf5a9dbab5b?auto=format&fit=crop&w=800&q=80","Unsplash / Juicy Citrus Oranges","https://www.google.com/search?q=Asian%20Specialty%20Nagpur%20Mandarin%20(Select)%20food&tbm=isch","=HYPERLINK(""https://www.google.com/search?q=Asian%20Specialty%20Nagpur%20Mandarin%20(Select)%20food&tbm=isch"", ""View Image"")"
"nagpur_mandarin_var_1148","European Heirloom Nagpur Mandarin (Artisanal)","fruits","CURATED_KEYWORD_MATCH","NO - Curated","99%","https://images.unsplash.com/photo-1611080626919-7cf5a9dbab5b?auto=format&fit=crop&w=800&q=80","Unsplash / Juicy Citrus Oranges","https://www.google.com/search?q=European%20Heirloom%20Nagpur%20Mandarin%20(Artisanal)%20food&tbm=isch","=HYPERLINK(""https://www.google.com/search?q=European%20Heirloom%20Nagpur%20Mandarin%20(Artisanal)%20food&tbm=isch"", ""View Image"")"
"nagpur_mandarin_var_1149","Farm-Fresh Premium Nagpur Mandarin (A-Grade)","fruits","CURATED_KEYWORD_MATCH","NO - Curated","99%","https://images.unsplash.com/photo-1611080626919-7cf5a9dbab5b?auto=format&fit=crop&w=800&q=80","Unsplash / Juicy Citrus Oranges","https://www.google.com/search?q=Farm-Fresh%20Premium%20Nagpur%20Mandarin%20(A-Grade)%20food&tbm=isch","=HYPERLINK(""https://www.google.com/search?q=Farm-Fresh%20Premium%20Nagpur%20Mandarin%20(A-Grade)%20food&tbm=isch"", ""View Image"")"
"nagpur_mandarin_var_1150","Wild-Harvested Nagpur Mandarin (Pure)","fruits","CURATED_KEYWORD_MATCH","NO - Curated","99%","https://images.unsplash.com/photo-1611080626919-7cf5a9dbab5b?auto=format&fit=crop&w=800&q=80","Unsplash / Juicy Citrus Oranges","https://www.google.com/search?q=Wild-Harvested%20Nagpur%20Mandarin%20(Pure)%20food&tbm=isch","=HYPERLINK(""https://www.google.com/search?q=Wild-Harvested%20Nagpur%20Mandarin%20(Pure)%20food&tbm=isch"", ""View Image"")"
"valencia_orange","Valencia Orange","fruits","CURATED_KEYWORD_MATCH","NO - Curated","99%","https://images.unsplash.com/photo-1611080626919-7cf5a9dbab5b?auto=format&fit=crop&w=800&q=80","Unsplash / Juicy Citrus Oranges","https://www.google.com/search?q=Valencia%20Orange%20food&tbm=isch","=HYPERLINK(""https://www.google.com/search?q=Valencia%20Orange%20food&tbm=isch"", ""View Image"")"
"valencia_orange_var_1151","Fresh Organic Valencia Orange","fruits","CURATED_KEYWORD_MATCH","NO - Curated","99%","https://images.unsplash.com/photo-1611080626919-7cf5a9dbab5b?auto=format&fit=crop&w=800&q=80","Unsplash / Juicy Citrus Oranges","https://www.google.com/search?q=Fresh%20Organic%20Valencia%20Orange%20food&tbm=isch","=HYPERLINK(""https://www.google.com/search?q=Fresh%20Organic%20Valencia%20Orange%20food&tbm=isch"", ""View Image"")"
"valencia_orange_var_1152","Sun-Dried Valencia Orange (Dried)","fruits","CURATED_KEYWORD_MATCH","NO - Curated","99%","https://images.unsplash.com/photo-1611080626919-7cf5a9dbab5b?auto=format&fit=crop&w=800&q=80","Unsplash / Juicy Citrus Oranges","https://www.google.com/search?q=Sun-Dried%20Valencia%20Orange%20(Dried)%20food&tbm=isch","=HYPERLINK(""https://www.google.com/search?q=Sun-Dried%20Valencia%20Orange%20(Dried)%20food&tbm=isch"", ""View Image"")"
"valencia_orange_var_1153","Himalayan Grade Valencia Orange (Special)","fruits","CURATED_KEYWORD_MATCH","NO - Curated","99%","https://images.unsplash.com/photo-1611080626919-7cf5a9dbab5b?auto=format&fit=crop&w=800&q=80","Unsplash / Juicy Citrus Oranges","https://www.google.com/search?q=Himalayan%20Grade%20Valencia%20Orange%20(Special)%20food&tbm=isch","=HYPERLINK(""https://www.google.com/search?q=Himalayan%20Grade%20Valencia%20Orange%20(Special)%20food&tbm=isch"", ""View Image"")"
"valencia_orange_var_1154","South Indian Valencia Orange (Traditional)","fruits","CURATED_KEYWORD_MATCH","NO - Curated","99%","https://images.unsplash.com/photo-1611080626919-7cf5a9dbab5b?auto=format&fit=crop&w=800&q=80","Unsplash / Juicy Citrus Oranges","https://www.google.com/search?q=South%20Indian%20Valencia%20Orange%20(Traditional)%20food&tbm=isch","=HYPERLINK(""https://www.google.com/search?q=South%20Indian%20Valencia%20Orange%20(Traditional)%20food&tbm=isch"", ""View Image"")"
"valencia_orange_var_1155","North Indian Style Valencia Orange (Spiced)","fruits","CURATED_KEYWORD_MATCH","NO - Curated","99%","https://images.unsplash.com/photo-1611080626919-7cf5a9dbab5b?auto=format&fit=crop&w=800&q=80","Unsplash / Juicy Citrus Oranges","https://www.google.com/search?q=North%20Indian%20Style%20Valencia%20Orange%20(Spiced)%20food&tbm=isch","=HYPERLINK(""https://www.google.com/search?q=North%20Indian%20Style%20Valencia%20Orange%20(Spiced)%20food&tbm=isch"", ""View Image"")"
"valencia_orange_var_1156","Mediterranean Classic Valencia Orange (Imported)","fruits","CURATED_KEYWORD_MATCH","NO - Curated","99%","https://images.unsplash.com/photo-1611080626919-7cf5a9dbab5b?auto=format&fit=crop&w=800&q=80","Unsplash / Juicy Citrus Oranges","https://www.google.com/search?q=Mediterranean%20Classic%20Valencia%20Orange%20(Imported)%20food&tbm=isch","=HYPERLINK(""https://www.google.com/search?q=Mediterranean%20Classic%20Valencia%20Orange%20(Imported)%20food&tbm=isch"", ""View Image"")"
"valencia_orange_var_1157","Asian Specialty Valencia Orange (Select)","fruits","CURATED_KEYWORD_MATCH","NO - Curated","99%","https://images.unsplash.com/photo-1611080626919-7cf5a9dbab5b?auto=format&fit=crop&w=800&q=80","Unsplash / Juicy Citrus Oranges","https://www.google.com/search?q=Asian%20Specialty%20Valencia%20Orange%20(Select)%20food&tbm=isch","=HYPERLINK(""https://www.google.com/search?q=Asian%20Specialty%20Valencia%20Orange%20(Select)%20food&tbm=isch"", ""View Image"")"
"valencia_orange_var_1158","European Heirloom Valencia Orange (Artisanal)","fruits","CURATED_KEYWORD_MATCH","NO - Curated","99%","https://images.unsplash.com/photo-1611080626919-7cf5a9dbab5b?auto=format&fit=crop&w=800&q=80","Unsplash / Juicy Citrus Oranges","https://www.google.com/search?q=European%20Heirloom%20Valencia%20Orange%20(Artisanal)%20food&tbm=isch","=HYPERLINK(""https://www.google.com/search?q=European%20Heirloom%20Valencia%20Orange%20(Artisanal)%20food&tbm=isch"", ""View Image"")"
"valencia_orange_var_1159","Farm-Fresh Premium Valencia Orange (A-Grade)","fruits","CURATED_KEYWORD_MATCH","NO - Curated","99%","https://images.unsplash.com/photo-1611080626919-7cf5a9dbab5b?auto=format&fit=crop&w=800&q=80","Unsplash / Juicy Citrus Oranges","https://www.google.com/search?q=Farm-Fresh%20Premium%20Valencia%20Orange%20(A-Grade)%20food&tbm=isch","=HYPERLINK(""https://www.google.com/search?q=Farm-Fresh%20Premium%20Valencia%20Orange%20(A-Grade)%20food&tbm=isch"", ""View Image"")"
"valencia_orange_var_1160","Wild-Harvested Valencia Orange (Pure)","fruits","CURATED_KEYWORD_MATCH","NO - Curated","99%","https://images.unsplash.com/photo-1611080626919-7cf5a9dbab5b?auto=format&fit=crop&w=800&q=80","Unsplash / Juicy Citrus Oranges","https://www.google.com/search?q=Wild-Harvested%20Valencia%20Orange%20(Pure)%20food&tbm=isch","=HYPERLINK(""https://www.google.com/search?q=Wild-Harvested%20Valencia%20Orange%20(Pure)%20food&tbm=isch"", ""View Image"")"
"hass_avocado_var_1161","Fresh Organic Hass Avocado","fruits","CURATED_KEYWORD_MATCH","NO - Curated","99%","https://images.unsplash.com/photo-1523049673857-eb18f1d7b578?auto=format&fit=crop&w=800&q=80","Unsplash / Fresh Hass Avocado Slices","https://www.google.com/search?q=Fresh%20Organic%20Hass%20Avocado%20food&tbm=isch","=HYPERLINK(""https://www.google.com/search?q=Fresh%20Organic%20Hass%20Avocado%20food&tbm=isch"", ""View Image"")"
"hass_avocado_var_1162","Sun-Dried Hass Avocado (Dried)","fruits","CURATED_KEYWORD_MATCH","NO - Curated","99%","https://images.unsplash.com/photo-1523049673857-eb18f1d7b578?auto=format&fit=crop&w=800&q=80","Unsplash / Fresh Hass Avocado Slices","https://www.google.com/search?q=Sun-Dried%20Hass%20Avocado%20(Dried)%20food&tbm=isch","=HYPERLINK(""https://www.google.com/search?q=Sun-Dried%20Hass%20Avocado%20(Dried)%20food&tbm=isch"", ""View Image"")"
"hass_avocado_var_1163","Himalayan Grade Hass Avocado (Special)","fruits","CURATED_KEYWORD_MATCH","NO - Curated","99%","https://images.unsplash.com/photo-1523049673857-eb18f1d7b578?auto=format&fit=crop&w=800&q=80","Unsplash / Fresh Hass Avocado Slices","https://www.google.com/search?q=Himalayan%20Grade%20Hass%20Avocado%20(Special)%20food&tbm=isch","=HYPERLINK(""https://www.google.com/search?q=Himalayan%20Grade%20Hass%20Avocado%20(Special)%20food&tbm=isch"", ""View Image"")"
"hass_avocado_var_1164","South Indian Hass Avocado (Traditional)","fruits","CURATED_KEYWORD_MATCH","NO - Curated","99%","https://images.unsplash.com/photo-1523049673857-eb18f1d7b578?auto=format&fit=crop&w=800&q=80","Unsplash / Fresh Hass Avocado Slices","https://www.google.com/search?q=South%20Indian%20Hass%20Avocado%20(Traditional)%20food&tbm=isch","=HYPERLINK(""https://www.google.com/search?q=South%20Indian%20Hass%20Avocado%20(Traditional)%20food&tbm=isch"", ""View Image"")"
"hass_avocado_var_1165","North Indian Style Hass Avocado (Spiced)","fruits","CURATED_KEYWORD_MATCH","NO - Curated","99%","https://images.unsplash.com/photo-1523049673857-eb18f1d7b578?auto=format&fit=crop&w=800&q=80","Unsplash / Fresh Hass Avocado Slices","https://www.google.com/search?q=North%20Indian%20Style%20Hass%20Avocado%20(Spiced)%20food&tbm=isch","=HYPERLINK(""https://www.google.com/search?q=North%20Indian%20Style%20Hass%20Avocado%20(Spiced)%20food&tbm=isch"", ""View Image"")"
"hass_avocado_var_1166","Mediterranean Classic Hass Avocado (Imported)","fruits","CURATED_KEYWORD_MATCH","NO - Curated","99%","https://images.unsplash.com/photo-1523049673857-eb18f1d7b578?auto=format&fit=crop&w=800&q=80","Unsplash / Fresh Hass Avocado Slices","https://www.google.com/search?q=Mediterranean%20Classic%20Hass%20Avocado%20(Imported)%20food&tbm=isch","=HYPERLINK(""https://www.google.com/search?q=Mediterranean%20Classic%20Hass%20Avocado%20(Imported)%20food&tbm=isch"", ""View Image"")"
"hass_avocado_var_1167","Asian Specialty Hass Avocado (Select)","fruits","CURATED_KEYWORD_MATCH","NO - Curated","99%","https://images.unsplash.com/photo-1523049673857-eb18f1d7b578?auto=format&fit=crop&w=800&q=80","Unsplash / Fresh Hass Avocado Slices","https://www.google.com/search?q=Asian%20Specialty%20Hass%20Avocado%20(Select)%20food&tbm=isch","=HYPERLINK(""https://www.google.com/search?q=Asian%20Specialty%20Hass%20Avocado%20(Select)%20food&tbm=isch"", ""View Image"")"
"hass_avocado_var_1168","European Heirloom Hass Avocado (Artisanal)","fruits","CURATED_KEYWORD_MATCH","NO - Curated","99%","https://images.unsplash.com/photo-1523049673857-eb18f1d7b578?auto=format&fit=crop&w=800&q=80","Unsplash / Fresh Hass Avocado Slices","https://www.google.com/search?q=European%20Heirloom%20Hass%20Avocado%20(Artisanal)%20food&tbm=isch","=HYPERLINK(""https://www.google.com/search?q=European%20Heirloom%20Hass%20Avocado%20(Artisanal)%20food&tbm=isch"", ""View Image"")"
"hass_avocado_var_1169","Farm-Fresh Premium Hass Avocado (A-Grade)","fruits","CURATED_KEYWORD_MATCH","NO - Curated","99%","https://images.unsplash.com/photo-1523049673857-eb18f1d7b578?auto=format&fit=crop&w=800&q=80","Unsplash / Fresh Hass Avocado Slices","https://www.google.com/search?q=Farm-Fresh%20Premium%20Hass%20Avocado%20(A-Grade)%20food&tbm=isch","=HYPERLINK(""https://www.google.com/search?q=Farm-Fresh%20Premium%20Hass%20Avocado%20(A-Grade)%20food&tbm=isch"", ""View Image"")"
"hass_avocado_var_1170","Wild-Harvested Hass Avocado (Pure)","fruits","CURATED_KEYWORD_MATCH","NO - Curated","99%","https://images.unsplash.com/photo-1523049673857-eb18f1d7b578?auto=format&fit=crop&w=800&q=80","Unsplash / Fresh Hass Avocado Slices","https://www.google.com/search?q=Wild-Harvested%20Hass%20Avocado%20(Pure)%20food&tbm=isch","=HYPERLINK(""https://www.google.com/search?q=Wild-Harvested%20Hass%20Avocado%20(Pure)%20food&tbm=isch"", ""View Image"")"
"reed_avocado","Reed Avocado","fruits","CURATED_KEYWORD_MATCH","NO - Curated","99%","https://images.unsplash.com/photo-1523049673857-eb18f1d7b578?auto=format&fit=crop&w=800&q=80","Unsplash / Fresh Hass Avocado Slices","https://www.google.com/search?q=Reed%20Avocado%20food&tbm=isch","=HYPERLINK(""https://www.google.com/search?q=Reed%20Avocado%20food&tbm=isch"", ""View Image"")"
"reed_avocado_var_1171","Fresh Organic Reed Avocado","fruits","CURATED_KEYWORD_MATCH","NO - Curated","99%","https://images.unsplash.com/photo-1523049673857-eb18f1d7b578?auto=format&fit=crop&w=800&q=80","Unsplash / Fresh Hass Avocado Slices","https://www.google.com/search?q=Fresh%20Organic%20Reed%20Avocado%20food&tbm=isch","=HYPERLINK(""https://www.google.com/search?q=Fresh%20Organic%20Reed%20Avocado%20food&tbm=isch"", ""View Image"")"
"reed_avocado_var_1172","Sun-Dried Reed Avocado (Dried)","fruits","CURATED_KEYWORD_MATCH","NO - Curated","99%","https://images.unsplash.com/photo-1523049673857-eb18f1d7b578?auto=format&fit=crop&w=800&q=80","Unsplash / Fresh Hass Avocado Slices","https://www.google.com/search?q=Sun-Dried%20Reed%20Avocado%20(Dried)%20food&tbm=isch","=HYPERLINK(""https://www.google.com/search?q=Sun-Dried%20Reed%20Avocado%20(Dried)%20food&tbm=isch"", ""View Image"")"
"reed_avocado_var_1173","Himalayan Grade Reed Avocado (Special)","fruits","CURATED_KEYWORD_MATCH","NO - Curated","99%","https://images.unsplash.com/photo-1523049673857-eb18f1d7b578?auto=format&fit=crop&w=800&q=80","Unsplash / Fresh Hass Avocado Slices","https://www.google.com/search?q=Himalayan%20Grade%20Reed%20Avocado%20(Special)%20food&tbm=isch","=HYPERLINK(""https://www.google.com/search?q=Himalayan%20Grade%20Reed%20Avocado%20(Special)%20food&tbm=isch"", ""View Image"")"
"reed_avocado_var_1174","South Indian Reed Avocado (Traditional)","fruits","CURATED_KEYWORD_MATCH","NO - Curated","99%","https://images.unsplash.com/photo-1523049673857-eb18f1d7b578?auto=format&fit=crop&w=800&q=80","Unsplash / Fresh Hass Avocado Slices","https://www.google.com/search?q=South%20Indian%20Reed%20Avocado%20(Traditional)%20food&tbm=isch","=HYPERLINK(""https://www.google.com/search?q=South%20Indian%20Reed%20Avocado%20(Traditional)%20food&tbm=isch"", ""View Image"")"
"reed_avocado_var_1175","North Indian Style Reed Avocado (Spiced)","fruits","CURATED_KEYWORD_MATCH","NO - Curated","99%","https://images.unsplash.com/photo-1523049673857-eb18f1d7b578?auto=format&fit=crop&w=800&q=80","Unsplash / Fresh Hass Avocado Slices","https://www.google.com/search?q=North%20Indian%20Style%20Reed%20Avocado%20(Spiced)%20food&tbm=isch","=HYPERLINK(""https://www.google.com/search?q=North%20Indian%20Style%20Reed%20Avocado%20(Spiced)%20food&tbm=isch"", ""View Image"")"
"reed_avocado_var_1176","Mediterranean Classic Reed Avocado (Imported)","fruits","CURATED_KEYWORD_MATCH","NO - Curated","99%","https://images.unsplash.com/photo-1523049673857-eb18f1d7b578?auto=format&fit=crop&w=800&q=80","Unsplash / Fresh Hass Avocado Slices","https://www.google.com/search?q=Mediterranean%20Classic%20Reed%20Avocado%20(Imported)%20food&tbm=isch","=HYPERLINK(""https://www.google.com/search?q=Mediterranean%20Classic%20Reed%20Avocado%20(Imported)%20food&tbm=isch"", ""View Image"")"
"reed_avocado_var_1177","Asian Specialty Reed Avocado (Select)","fruits","CURATED_KEYWORD_MATCH","NO - Curated","99%","https://images.unsplash.com/photo-1523049673857-eb18f1d7b578?auto=format&fit=crop&w=800&q=80","Unsplash / Fresh Hass Avocado Slices","https://www.google.com/search?q=Asian%20Specialty%20Reed%20Avocado%20(Select)%20food&tbm=isch","=HYPERLINK(""https://www.google.com/search?q=Asian%20Specialty%20Reed%20Avocado%20(Select)%20food&tbm=isch"", ""View Image"")"
"reed_avocado_var_1178","European Heirloom Reed Avocado (Artisanal)","fruits","CURATED_KEYWORD_MATCH","NO - Curated","99%","https://images.unsplash.com/photo-1523049673857-eb18f1d7b578?auto=format&fit=crop&w=800&q=80","Unsplash / Fresh Hass Avocado Slices","https://www.google.com/search?q=European%20Heirloom%20Reed%20Avocado%20(Artisanal)%20food&tbm=isch","=HYPERLINK(""https://www.google.com/search?q=European%20Heirloom%20Reed%20Avocado%20(Artisanal)%20food&tbm=isch"", ""View Image"")"
"reed_avocado_var_1179","Farm-Fresh Premium Reed Avocado (A-Grade)","fruits","CURATED_KEYWORD_MATCH","NO - Curated","99%","https://images.unsplash.com/photo-1523049673857-eb18f1d7b578?auto=format&fit=crop&w=800&q=80","Unsplash / Fresh Hass Avocado Slices","https://www.google.com/search?q=Farm-Fresh%20Premium%20Reed%20Avocado%20(A-Grade)%20food&tbm=isch","=HYPERLINK(""https://www.google.com/search?q=Farm-Fresh%20Premium%20Reed%20Avocado%20(A-Grade)%20food&tbm=isch"", ""View Image"")"
"reed_avocado_var_1180","Wild-Harvested Reed Avocado (Pure)","fruits","CURATED_KEYWORD_MATCH","NO - Curated","99%","https://images.unsplash.com/photo-1523049673857-eb18f1d7b578?auto=format&fit=crop&w=800&q=80","Unsplash / Fresh Hass Avocado Slices","https://www.google.com/search?q=Wild-Harvested%20Reed%20Avocado%20(Pure)%20food&tbm=isch","=HYPERLINK(""https://www.google.com/search?q=Wild-Harvested%20Reed%20Avocado%20(Pure)%20food&tbm=isch"", ""View Image"")"
"sweet_strawberry","Sweet Strawberry","fruits","CURATED_KEYWORD_MATCH","NO - Curated","99%","https://images.unsplash.com/photo-1464965911861-746a04b4bca6?auto=format&fit=crop&w=800&q=80","Unsplash / Fresh Red Strawberries","https://www.google.com/search?q=Sweet%20Strawberry%20food&tbm=isch","=HYPERLINK(""https://www.google.com/search?q=Sweet%20Strawberry%20food&tbm=isch"", ""View Image"")"
"sweet_strawberry_var_1181","Fresh Organic Sweet Strawberry","fruits","CURATED_KEYWORD_MATCH","NO - Curated","99%","https://images.unsplash.com/photo-1464965911861-746a04b4bca6?auto=format&fit=crop&w=800&q=80","Unsplash / Fresh Red Strawberries","https://www.google.com/search?q=Fresh%20Organic%20Sweet%20Strawberry%20food&tbm=isch","=HYPERLINK(""https://www.google.com/search?q=Fresh%20Organic%20Sweet%20Strawberry%20food&tbm=isch"", ""View Image"")"
"sweet_strawberry_var_1182","Sun-Dried Sweet Strawberry (Dried)","fruits","CURATED_KEYWORD_MATCH","NO - Curated","99%","https://images.unsplash.com/photo-1464965911861-746a04b4bca6?auto=format&fit=crop&w=800&q=80","Unsplash / Fresh Red Strawberries","https://www.google.com/search?q=Sun-Dried%20Sweet%20Strawberry%20(Dried)%20food&tbm=isch","=HYPERLINK(""https://www.google.com/search?q=Sun-Dried%20Sweet%20Strawberry%20(Dried)%20food&tbm=isch"", ""View Image"")"
"sweet_strawberry_var_1183","Himalayan Grade Sweet Strawberry (Special)","fruits","CURATED_KEYWORD_MATCH","NO - Curated","99%","https://images.unsplash.com/photo-1464965911861-746a04b4bca6?auto=format&fit=crop&w=800&q=80","Unsplash / Fresh Red Strawberries","https://www.google.com/search?q=Himalayan%20Grade%20Sweet%20Strawberry%20(Special)%20food&tbm=isch","=HYPERLINK(""https://www.google.com/search?q=Himalayan%20Grade%20Sweet%20Strawberry%20(Special)%20food&tbm=isch"", ""View Image"")"
"sweet_strawberry_var_1184","South Indian Sweet Strawberry (Traditional)","fruits","CURATED_KEYWORD_MATCH","NO - Curated","99%","https://images.unsplash.com/photo-1464965911861-746a04b4bca6?auto=format&fit=crop&w=800&q=80","Unsplash / Fresh Red Strawberries","https://www.google.com/search?q=South%20Indian%20Sweet%20Strawberry%20(Traditional)%20food&tbm=isch","=HYPERLINK(""https://www.google.com/search?q=South%20Indian%20Sweet%20Strawberry%20(Traditional)%20food&tbm=isch"", ""View Image"")"
"sweet_strawberry_var_1185","North Indian Style Sweet Strawberry (Spiced)","fruits","CURATED_KEYWORD_MATCH","NO - Curated","99%","https://images.unsplash.com/photo-1464965911861-746a04b4bca6?auto=format&fit=crop&w=800&q=80","Unsplash / Fresh Red Strawberries","https://www.google.com/search?q=North%20Indian%20Style%20Sweet%20Strawberry%20(Spiced)%20food&tbm=isch","=HYPERLINK(""https://www.google.com/search?q=North%20Indian%20Style%20Sweet%20Strawberry%20(Spiced)%20food&tbm=isch"", ""View Image"")"
"sweet_strawberry_var_1186","Mediterranean Classic Sweet Strawberry (Imported)","fruits","CURATED_KEYWORD_MATCH","NO - Curated","99%","https://images.unsplash.com/photo-1464965911861-746a04b4bca6?auto=format&fit=crop&w=800&q=80","Unsplash / Fresh Red Strawberries","https://www.google.com/search?q=Mediterranean%20Classic%20Sweet%20Strawberry%20(Imported)%20food&tbm=isch","=HYPERLINK(""https://www.google.com/search?q=Mediterranean%20Classic%20Sweet%20Strawberry%20(Imported)%20food&tbm=isch"", ""View Image"")"
"sweet_strawberry_var_1187","Asian Specialty Sweet Strawberry (Select)","fruits","CURATED_KEYWORD_MATCH","NO - Curated","99%","https://images.unsplash.com/photo-1464965911861-746a04b4bca6?auto=format&fit=crop&w=800&q=80","Unsplash / Fresh Red Strawberries","https://www.google.com/search?q=Asian%20Specialty%20Sweet%20Strawberry%20(Select)%20food&tbm=isch","=HYPERLINK(""https://www.google.com/search?q=Asian%20Specialty%20Sweet%20Strawberry%20(Select)%20food&tbm=isch"", ""View Image"")"
"sweet_strawberry_var_1188","European Heirloom Sweet Strawberry (Artisanal)","fruits","CURATED_KEYWORD_MATCH","NO - Curated","99%","https://images.unsplash.com/photo-1464965911861-746a04b4bca6?auto=format&fit=crop&w=800&q=80","Unsplash / Fresh Red Strawberries","https://www.google.com/search?q=European%20Heirloom%20Sweet%20Strawberry%20(Artisanal)%20food&tbm=isch","=HYPERLINK(""https://www.google.com/search?q=European%20Heirloom%20Sweet%20Strawberry%20(Artisanal)%20food&tbm=isch"", ""View Image"")"
"sweet_strawberry_var_1189","Farm-Fresh Premium Sweet Strawberry (A-Grade)","fruits","CURATED_KEYWORD_MATCH","NO - Curated","99%","https://images.unsplash.com/photo-1464965911861-746a04b4bca6?auto=format&fit=crop&w=800&q=80","Unsplash / Fresh Red Strawberries","https://www.google.com/search?q=Farm-Fresh%20Premium%20Sweet%20Strawberry%20(A-Grade)%20food&tbm=isch","=HYPERLINK(""https://www.google.com/search?q=Farm-Fresh%20Premium%20Sweet%20Strawberry%20(A-Grade)%20food&tbm=isch"", ""View Image"")"
"sweet_strawberry_var_1190","Wild-Harvested Sweet Strawberry (Pure)","fruits","CURATED_KEYWORD_MATCH","NO - Curated","99%","https://images.unsplash.com/photo-1464965911861-746a04b4bca6?auto=format&fit=crop&w=800&q=80","Unsplash / Fresh Red Strawberries","https://www.google.com/search?q=Wild-Harvested%20Sweet%20Strawberry%20(Pure)%20food&tbm=isch","=HYPERLINK(""https://www.google.com/search?q=Wild-Harvested%20Sweet%20Strawberry%20(Pure)%20food&tbm=isch"", ""View Image"")"
"wild_blueberry","Wild Blueberry","fruits","CURATED_KEYWORD_MATCH","NO - Curated","99%","https://images.unsplash.com/photo-1502741224143-90386d7f8c82?auto=format&fit=crop&w=800&q=80","Unsplash / Fresh Wild Blueberries","https://www.google.com/search?q=Wild%20Blueberry%20food&tbm=isch","=HYPERLINK(""https://www.google.com/search?q=Wild%20Blueberry%20food&tbm=isch"", ""View Image"")"
"wild_blueberry_var_1191","Fresh Organic Wild Blueberry","fruits","CURATED_KEYWORD_MATCH","NO - Curated","99%","https://images.unsplash.com/photo-1502741224143-90386d7f8c82?auto=format&fit=crop&w=800&q=80","Unsplash / Fresh Wild Blueberries","https://www.google.com/search?q=Fresh%20Organic%20Wild%20Blueberry%20food&tbm=isch","=HYPERLINK(""https://www.google.com/search?q=Fresh%20Organic%20Wild%20Blueberry%20food&tbm=isch"", ""View Image"")"
"wild_blueberry_var_1192","Sun-Dried Wild Blueberry (Dried)","fruits","CURATED_KEYWORD_MATCH","NO - Curated","99%","https://images.unsplash.com/photo-1502741224143-90386d7f8c82?auto=format&fit=crop&w=800&q=80","Unsplash / Fresh Wild Blueberries","https://www.google.com/search?q=Sun-Dried%20Wild%20Blueberry%20(Dried)%20food&tbm=isch","=HYPERLINK(""https://www.google.com/search?q=Sun-Dried%20Wild%20Blueberry%20(Dried)%20food&tbm=isch"", ""View Image"")"
"wild_blueberry_var_1193","Himalayan Grade Wild Blueberry (Special)","fruits","CURATED_KEYWORD_MATCH","NO - Curated","99%","https://images.unsplash.com/photo-1502741224143-90386d7f8c82?auto=format&fit=crop&w=800&q=80","Unsplash / Fresh Wild Blueberries","https://www.google.com/search?q=Himalayan%20Grade%20Wild%20Blueberry%20(Special)%20food&tbm=isch","=HYPERLINK(""https://www.google.com/search?q=Himalayan%20Grade%20Wild%20Blueberry%20(Special)%20food&tbm=isch"", ""View Image"")"
"wild_blueberry_var_1194","South Indian Wild Blueberry (Traditional)","fruits","CURATED_KEYWORD_MATCH","NO - Curated","99%","https://images.unsplash.com/photo-1502741224143-90386d7f8c82?auto=format&fit=crop&w=800&q=80","Unsplash / Fresh Wild Blueberries","https://www.google.com/search?q=South%20Indian%20Wild%20Blueberry%20(Traditional)%20food&tbm=isch","=HYPERLINK(""https://www.google.com/search?q=South%20Indian%20Wild%20Blueberry%20(Traditional)%20food&tbm=isch"", ""View Image"")"
"wild_blueberry_var_1195","North Indian Style Wild Blueberry (Spiced)","fruits","CURATED_KEYWORD_MATCH","NO - Curated","99%","https://images.unsplash.com/photo-1502741224143-90386d7f8c82?auto=format&fit=crop&w=800&q=80","Unsplash / Fresh Wild Blueberries","https://www.google.com/search?q=North%20Indian%20Style%20Wild%20Blueberry%20(Spiced)%20food&tbm=isch","=HYPERLINK(""https://www.google.com/search?q=North%20Indian%20Style%20Wild%20Blueberry%20(Spiced)%20food&tbm=isch"", ""View Image"")"
"wild_blueberry_var_1196","Mediterranean Classic Wild Blueberry (Imported)","fruits","CURATED_KEYWORD_MATCH","NO - Curated","99%","https://images.unsplash.com/photo-1502741224143-90386d7f8c82?auto=format&fit=crop&w=800&q=80","Unsplash / Fresh Wild Blueberries","https://www.google.com/search?q=Mediterranean%20Classic%20Wild%20Blueberry%20(Imported)%20food&tbm=isch","=HYPERLINK(""https://www.google.com/search?q=Mediterranean%20Classic%20Wild%20Blueberry%20(Imported)%20food&tbm=isch"", ""View Image"")"
"wild_blueberry_var_1197","Asian Specialty Wild Blueberry (Select)","fruits","CURATED_KEYWORD_MATCH","NO - Curated","99%","https://images.unsplash.com/photo-1502741224143-90386d7f8c82?auto=format&fit=crop&w=800&q=80","Unsplash / Fresh Wild Blueberries","https://www.google.com/search?q=Asian%20Specialty%20Wild%20Blueberry%20(Select)%20food&tbm=isch","=HYPERLINK(""https://www.google.com/search?q=Asian%20Specialty%20Wild%20Blueberry%20(Select)%20food&tbm=isch"", ""View Image"")"
"wild_blueberry_var_1198","European Heirloom Wild Blueberry (Artisanal)","fruits","CURATED_KEYWORD_MATCH","NO - Curated","99%","https://images.unsplash.com/photo-1502741224143-90386d7f8c82?auto=format&fit=crop&w=800&q=80","Unsplash / Fresh Wild Blueberries","https://www.google.com/search?q=European%20Heirloom%20Wild%20Blueberry%20(Artisanal)%20food&tbm=isch","=HYPERLINK(""https://www.google.com/search?q=European%20Heirloom%20Wild%20Blueberry%20(Artisanal)%20food&tbm=isch"", ""View Image"")"
"wild_blueberry_var_1199","Farm-Fresh Premium Wild Blueberry (A-Grade)","fruits","CURATED_KEYWORD_MATCH","NO - Curated","99%","https://images.unsplash.com/photo-1502741224143-90386d7f8c82?auto=format&fit=crop&w=800&q=80","Unsplash / Fresh Wild Blueberries","https://www.google.com/search?q=Farm-Fresh%20Premium%20Wild%20Blueberry%20(A-Grade)%20food&tbm=isch","=HYPERLINK(""https://www.google.com/search?q=Farm-Fresh%20Premium%20Wild%20Blueberry%20(A-Grade)%20food&tbm=isch"", ""View Image"")"
"wild_blueberry_var_1200","Wild-Harvested Wild Blueberry (Pure)","fruits","CURATED_KEYWORD_MATCH","NO - Curated","99%","https://images.unsplash.com/photo-1502741224143-90386d7f8c82?auto=format&fit=crop&w=800&q=80","Unsplash / Fresh Wild Blueberries","https://www.google.com/search?q=Wild-Harvested%20Wild%20Blueberry%20(Pure)%20food&tbm=isch","=HYPERLINK(""https://www.google.com/search?q=Wild-Harvested%20Wild%20Blueberry%20(Pure)%20food&tbm=isch"", ""View Image"")"
"red_raspberry","Red Raspberry","fruits","CURATED_KEYWORD_MATCH","NO - Curated","99%","https://images.unsplash.com/photo-1577069861033-55d04cec4ef5?auto=format&fit=crop&w=800&q=80","Unsplash / Sweet Red Raspberries","https://www.google.com/search?q=Red%20Raspberry%20food&tbm=isch","=HYPERLINK(""https://www.google.com/search?q=Red%20Raspberry%20food&tbm=isch"", ""View Image"")"
"red_raspberry_var_1201","Fresh Organic Red Raspberry","fruits","CURATED_KEYWORD_MATCH","NO - Curated","99%","https://images.unsplash.com/photo-1577069861033-55d04cec4ef5?auto=format&fit=crop&w=800&q=80","Unsplash / Sweet Red Raspberries","https://www.google.com/search?q=Fresh%20Organic%20Red%20Raspberry%20food&tbm=isch","=HYPERLINK(""https://www.google.com/search?q=Fresh%20Organic%20Red%20Raspberry%20food&tbm=isch"", ""View Image"")"
"red_raspberry_var_1202","Sun-Dried Red Raspberry (Dried)","fruits","CURATED_KEYWORD_MATCH","NO - Curated","99%","https://images.unsplash.com/photo-1577069861033-55d04cec4ef5?auto=format&fit=crop&w=800&q=80","Unsplash / Sweet Red Raspberries","https://www.google.com/search?q=Sun-Dried%20Red%20Raspberry%20(Dried)%20food&tbm=isch","=HYPERLINK(""https://www.google.com/search?q=Sun-Dried%20Red%20Raspberry%20(Dried)%20food&tbm=isch"", ""View Image"")"
"red_raspberry_var_1203","Himalayan Grade Red Raspberry (Special)","fruits","CURATED_KEYWORD_MATCH","NO - Curated","99%","https://images.unsplash.com/photo-1577069861033-55d04cec4ef5?auto=format&fit=crop&w=800&q=80","Unsplash / Sweet Red Raspberries","https://www.google.com/search?q=Himalayan%20Grade%20Red%20Raspberry%20(Special)%20food&tbm=isch","=HYPERLINK(""https://www.google.com/search?q=Himalayan%20Grade%20Red%20Raspberry%20(Special)%20food&tbm=isch"", ""View Image"")"
"red_raspberry_var_1204","South Indian Red Raspberry (Traditional)","fruits","CURATED_KEYWORD_MATCH","NO - Curated","99%","https://images.unsplash.com/photo-1577069861033-55d04cec4ef5?auto=format&fit=crop&w=800&q=80","Unsplash / Sweet Red Raspberries","https://www.google.com/search?q=South%20Indian%20Red%20Raspberry%20(Traditional)%20food&tbm=isch","=HYPERLINK(""https://www.google.com/search?q=South%20Indian%20Red%20Raspberry%20(Traditional)%20food&tbm=isch"", ""View Image"")"
"red_raspberry_var_1205","North Indian Style Red Raspberry (Spiced)","fruits","CURATED_KEYWORD_MATCH","NO - Curated","99%","https://images.unsplash.com/photo-1577069861033-55d04cec4ef5?auto=format&fit=crop&w=800&q=80","Unsplash / Sweet Red Raspberries","https://www.google.com/search?q=North%20Indian%20Style%20Red%20Raspberry%20(Spiced)%20food&tbm=isch","=HYPERLINK(""https://www.google.com/search?q=North%20Indian%20Style%20Red%20Raspberry%20(Spiced)%20food&tbm=isch"", ""View Image"")"
"red_raspberry_var_1206","Mediterranean Classic Red Raspberry (Imported)","fruits","CURATED_KEYWORD_MATCH","NO - Curated","99%","https://images.unsplash.com/photo-1577069861033-55d04cec4ef5?auto=format&fit=crop&w=800&q=80","Unsplash / Sweet Red Raspberries","https://www.google.com/search?q=Mediterranean%20Classic%20Red%20Raspberry%20(Imported)%20food&tbm=isch","=HYPERLINK(""https://www.google.com/search?q=Mediterranean%20Classic%20Red%20Raspberry%20(Imported)%20food&tbm=isch"", ""View Image"")"
"red_raspberry_var_1207","Asian Specialty Red Raspberry (Select)","fruits","CURATED_KEYWORD_MATCH","NO - Curated","99%","https://images.unsplash.com/photo-1577069861033-55d04cec4ef5?auto=format&fit=crop&w=800&q=80","Unsplash / Sweet Red Raspberries","https://www.google.com/search?q=Asian%20Specialty%20Red%20Raspberry%20(Select)%20food&tbm=isch","=HYPERLINK(""https://www.google.com/search?q=Asian%20Specialty%20Red%20Raspberry%20(Select)%20food&tbm=isch"", ""View Image"")"
"red_raspberry_var_1208","European Heirloom Red Raspberry (Artisanal)","fruits","CURATED_KEYWORD_MATCH","NO - Curated","99%","https://images.unsplash.com/photo-1577069861033-55d04cec4ef5?auto=format&fit=crop&w=800&q=80","Unsplash / Sweet Red Raspberries","https://www.google.com/search?q=European%20Heirloom%20Red%20Raspberry%20(Artisanal)%20food&tbm=isch","=HYPERLINK(""https://www.google.com/search?q=European%20Heirloom%20Red%20Raspberry%20(Artisanal)%20food&tbm=isch"", ""View Image"")"
"red_raspberry_var_1209","Farm-Fresh Premium Red Raspberry (A-Grade)","fruits","CURATED_KEYWORD_MATCH","NO - Curated","99%","https://images.unsplash.com/photo-1577069861033-55d04cec4ef5?auto=format&fit=crop&w=800&q=80","Unsplash / Sweet Red Raspberries","https://www.google.com/search?q=Farm-Fresh%20Premium%20Red%20Raspberry%20(A-Grade)%20food&tbm=isch","=HYPERLINK(""https://www.google.com/search?q=Farm-Fresh%20Premium%20Red%20Raspberry%20(A-Grade)%20food&tbm=isch"", ""View Image"")"
"red_raspberry_var_1210","Wild-Harvested Red Raspberry (Pure)","fruits","CURATED_KEYWORD_MATCH","NO - Curated","99%","https://images.unsplash.com/photo-1577069861033-55d04cec4ef5?auto=format&fit=crop&w=800&q=80","Unsplash / Sweet Red Raspberries","https://www.google.com/search?q=Wild-Harvested%20Red%20Raspberry%20(Pure)%20food&tbm=isch","=HYPERLINK(""https://www.google.com/search?q=Wild-Harvested%20Red%20Raspberry%20(Pure)%20food&tbm=isch"", ""View Image"")"
"blackberry","Blackberry","fruits","CURATED_KEYWORD_MATCH","NO - Curated","99%","https://images.unsplash.com/photo-1568584711075-3d021a7c3ca3?auto=format&fit=crop&w=800&q=80","Unsplash / Juicy Fresh Blackberries","https://www.google.com/search?q=Blackberry%20food&tbm=isch","=HYPERLINK(""https://www.google.com/search?q=Blackberry%20food&tbm=isch"", ""View Image"")"
"blackberry_var_1211","Fresh Organic Blackberry","fruits","CURATED_KEYWORD_MATCH","NO - Curated","99%","https://images.unsplash.com/photo-1568584711075-3d021a7c3ca3?auto=format&fit=crop&w=800&q=80","Unsplash / Juicy Fresh Blackberries","https://www.google.com/search?q=Fresh%20Organic%20Blackberry%20food&tbm=isch","=HYPERLINK(""https://www.google.com/search?q=Fresh%20Organic%20Blackberry%20food&tbm=isch"", ""View Image"")"
"blackberry_var_1212","Sun-Dried Blackberry (Dried)","fruits","CURATED_KEYWORD_MATCH","NO - Curated","99%","https://images.unsplash.com/photo-1568584711075-3d021a7c3ca3?auto=format&fit=crop&w=800&q=80","Unsplash / Juicy Fresh Blackberries","https://www.google.com/search?q=Sun-Dried%20Blackberry%20(Dried)%20food&tbm=isch","=HYPERLINK(""https://www.google.com/search?q=Sun-Dried%20Blackberry%20(Dried)%20food&tbm=isch"", ""View Image"")"
"blackberry_var_1213","Himalayan Grade Blackberry (Special)","fruits","CURATED_KEYWORD_MATCH","NO - Curated","99%","https://images.unsplash.com/photo-1568584711075-3d021a7c3ca3?auto=format&fit=crop&w=800&q=80","Unsplash / Juicy Fresh Blackberries","https://www.google.com/search?q=Himalayan%20Grade%20Blackberry%20(Special)%20food&tbm=isch","=HYPERLINK(""https://www.google.com/search?q=Himalayan%20Grade%20Blackberry%20(Special)%20food&tbm=isch"", ""View Image"")"
"blackberry_var_1214","South Indian Blackberry (Traditional)","fruits","CURATED_KEYWORD_MATCH","NO - Curated","99%","https://images.unsplash.com/photo-1568584711075-3d021a7c3ca3?auto=format&fit=crop&w=800&q=80","Unsplash / Juicy Fresh Blackberries","https://www.google.com/search?q=South%20Indian%20Blackberry%20(Traditional)%20food&tbm=isch","=HYPERLINK(""https://www.google.com/search?q=South%20Indian%20Blackberry%20(Traditional)%20food&tbm=isch"", ""View Image"")"
"blackberry_var_1215","North Indian Style Blackberry (Spiced)","fruits","CURATED_KEYWORD_MATCH","NO - Curated","99%","https://images.unsplash.com/photo-1568584711075-3d021a7c3ca3?auto=format&fit=crop&w=800&q=80","Unsplash / Juicy Fresh Blackberries","https://www.google.com/search?q=North%20Indian%20Style%20Blackberry%20(Spiced)%20food&tbm=isch","=HYPERLINK(""https://www.google.com/search?q=North%20Indian%20Style%20Blackberry%20(Spiced)%20food&tbm=isch"", ""View Image"")"
"blackberry_var_1216","Mediterranean Classic Blackberry (Imported)","fruits","CURATED_KEYWORD_MATCH","NO - Curated","99%","https://images.unsplash.com/photo-1568584711075-3d021a7c3ca3?auto=format&fit=crop&w=800&q=80","Unsplash / Juicy Fresh Blackberries","https://www.google.com/search?q=Mediterranean%20Classic%20Blackberry%20(Imported)%20food&tbm=isch","=HYPERLINK(""https://www.google.com/search?q=Mediterranean%20Classic%20Blackberry%20(Imported)%20food&tbm=isch"", ""View Image"")"
"blackberry_var_1217","Asian Specialty Blackberry (Select)","fruits","CURATED_KEYWORD_MATCH","NO - Curated","99%","https://images.unsplash.com/photo-1568584711075-3d021a7c3ca3?auto=format&fit=crop&w=800&q=80","Unsplash / Juicy Fresh Blackberries","https://www.google.com/search?q=Asian%20Specialty%20Blackberry%20(Select)%20food&tbm=isch","=HYPERLINK(""https://www.google.com/search?q=Asian%20Specialty%20Blackberry%20(Select)%20food&tbm=isch"", ""View Image"")"
"blackberry_var_1218","European Heirloom Blackberry (Artisanal)","fruits","CURATED_KEYWORD_MATCH","NO - Curated","99%","https://images.unsplash.com/photo-1568584711075-3d021a7c3ca3?auto=format&fit=crop&w=800&q=80","Unsplash / Juicy Fresh Blackberries","https://www.google.com/search?q=European%20Heirloom%20Blackberry%20(Artisanal)%20food&tbm=isch","=HYPERLINK(""https://www.google.com/search?q=European%20Heirloom%20Blackberry%20(Artisanal)%20food&tbm=isch"", ""View Image"")"
"blackberry_var_1219","Farm-Fresh Premium Blackberry (A-Grade)","fruits","CURATED_KEYWORD_MATCH","NO - Curated","99%","https://images.unsplash.com/photo-1568584711075-3d021a7c3ca3?auto=format&fit=crop&w=800&q=80","Unsplash / Juicy Fresh Blackberries","https://www.google.com/search?q=Farm-Fresh%20Premium%20Blackberry%20(A-Grade)%20food&tbm=isch","=HYPERLINK(""https://www.google.com/search?q=Farm-Fresh%20Premium%20Blackberry%20(A-Grade)%20food&tbm=isch"", ""View Image"")"
"blackberry_var_1220","Wild-Harvested Blackberry (Pure)","fruits","CURATED_KEYWORD_MATCH","NO - Curated","99%","https://images.unsplash.com/photo-1568584711075-3d021a7c3ca3?auto=format&fit=crop&w=800&q=80","Unsplash / Juicy Fresh Blackberries","https://www.google.com/search?q=Wild-Harvested%20Blackberry%20(Pure)%20food&tbm=isch","=HYPERLINK(""https://www.google.com/search?q=Wild-Harvested%20Blackberry%20(Pure)%20food&tbm=isch"", ""View Image"")"
"sweet_watermelon","Sweet Watermelon","fruits","CURATED_KEYWORD_MATCH","NO - Curated","99%","https://images.unsplash.com/photo-1587049352846-4a222e784d38?auto=format&fit=crop&w=800&q=80","Unsplash / Sweet Juicy Watermelon","https://www.google.com/search?q=Sweet%20Watermelon%20food&tbm=isch","=HYPERLINK(""https://www.google.com/search?q=Sweet%20Watermelon%20food&tbm=isch"", ""View Image"")"
"sweet_watermelon_var_1221","Fresh Organic Sweet Watermelon","fruits","CURATED_KEYWORD_MATCH","NO - Curated","99%","https://images.unsplash.com/photo-1587049352846-4a222e784d38?auto=format&fit=crop&w=800&q=80","Unsplash / Sweet Juicy Watermelon","https://www.google.com/search?q=Fresh%20Organic%20Sweet%20Watermelon%20food&tbm=isch","=HYPERLINK(""https://www.google.com/search?q=Fresh%20Organic%20Sweet%20Watermelon%20food&tbm=isch"", ""View Image"")"
"sweet_watermelon_var_1222","Sun-Dried Sweet Watermelon (Dried)","fruits","CURATED_KEYWORD_MATCH","NO - Curated","99%","https://images.unsplash.com/photo-1587049352846-4a222e784d38?auto=format&fit=crop&w=800&q=80","Unsplash / Sweet Juicy Watermelon","https://www.google.com/search?q=Sun-Dried%20Sweet%20Watermelon%20(Dried)%20food&tbm=isch","=HYPERLINK(""https://www.google.com/search?q=Sun-Dried%20Sweet%20Watermelon%20(Dried)%20food&tbm=isch"", ""View Image"")"
"sweet_watermelon_var_1223","Himalayan Grade Sweet Watermelon (Special)","fruits","CURATED_KEYWORD_MATCH","NO - Curated","99%","https://images.unsplash.com/photo-1587049352846-4a222e784d38?auto=format&fit=crop&w=800&q=80","Unsplash / Sweet Juicy Watermelon","https://www.google.com/search?q=Himalayan%20Grade%20Sweet%20Watermelon%20(Special)%20food&tbm=isch","=HYPERLINK(""https://www.google.com/search?q=Himalayan%20Grade%20Sweet%20Watermelon%20(Special)%20food&tbm=isch"", ""View Image"")"
"sweet_watermelon_var_1224","South Indian Sweet Watermelon (Traditional)","fruits","CURATED_KEYWORD_MATCH","NO - Curated","99%","https://images.unsplash.com/photo-1587049352846-4a222e784d38?auto=format&fit=crop&w=800&q=80","Unsplash / Sweet Juicy Watermelon","https://www.google.com/search?q=South%20Indian%20Sweet%20Watermelon%20(Traditional)%20food&tbm=isch","=HYPERLINK(""https://www.google.com/search?q=South%20Indian%20Sweet%20Watermelon%20(Traditional)%20food&tbm=isch"", ""View Image"")"
"sweet_watermelon_var_1225","North Indian Style Sweet Watermelon (Spiced)","fruits","CURATED_KEYWORD_MATCH","NO - Curated","99%","https://images.unsplash.com/photo-1587049352846-4a222e784d38?auto=format&fit=crop&w=800&q=80","Unsplash / Sweet Juicy Watermelon","https://www.google.com/search?q=North%20Indian%20Style%20Sweet%20Watermelon%20(Spiced)%20food&tbm=isch","=HYPERLINK(""https://www.google.com/search?q=North%20Indian%20Style%20Sweet%20Watermelon%20(Spiced)%20food&tbm=isch"", ""View Image"")"
"sweet_watermelon_var_1226","Mediterranean Classic Sweet Watermelon (Imported)","fruits","CURATED_KEYWORD_MATCH","NO - Curated","99%","https://images.unsplash.com/photo-1587049352846-4a222e784d38?auto=format&fit=crop&w=800&q=80","Unsplash / Sweet Juicy Watermelon","https://www.google.com/search?q=Mediterranean%20Classic%20Sweet%20Watermelon%20(Imported)%20food&tbm=isch","=HYPERLINK(""https://www.google.com/search?q=Mediterranean%20Classic%20Sweet%20Watermelon%20(Imported)%20food&tbm=isch"", ""View Image"")"
"sweet_watermelon_var_1227","Asian Specialty Sweet Watermelon (Select)","fruits","CURATED_KEYWORD_MATCH","NO - Curated","99%","https://images.unsplash.com/photo-1587049352846-4a222e784d38?auto=format&fit=crop&w=800&q=80","Unsplash / Sweet Juicy Watermelon","https://www.google.com/search?q=Asian%20Specialty%20Sweet%20Watermelon%20(Select)%20food&tbm=isch","=HYPERLINK(""https://www.google.com/search?q=Asian%20Specialty%20Sweet%20Watermelon%20(Select)%20food&tbm=isch"", ""View Image"")"
"sweet_watermelon_var_1228","European Heirloom Sweet Watermelon (Artisanal)","fruits","CURATED_KEYWORD_MATCH","NO - Curated","99%","https://images.unsplash.com/photo-1587049352846-4a222e784d38?auto=format&fit=crop&w=800&q=80","Unsplash / Sweet Juicy Watermelon","https://www.google.com/search?q=European%20Heirloom%20Sweet%20Watermelon%20(Artisanal)%20food&tbm=isch","=HYPERLINK(""https://www.google.com/search?q=European%20Heirloom%20Sweet%20Watermelon%20(Artisanal)%20food&tbm=isch"", ""View Image"")"
"sweet_watermelon_var_1229","Farm-Fresh Premium Sweet Watermelon (A-Grade)","fruits","CURATED_KEYWORD_MATCH","NO - Curated","99%","https://images.unsplash.com/photo-1587049352846-4a222e784d38?auto=format&fit=crop&w=800&q=80","Unsplash / Sweet Juicy Watermelon","https://www.google.com/search?q=Farm-Fresh%20Premium%20Sweet%20Watermelon%20(A-Grade)%20food&tbm=isch","=HYPERLINK(""https://www.google.com/search?q=Farm-Fresh%20Premium%20Sweet%20Watermelon%20(A-Grade)%20food&tbm=isch"", ""View Image"")"
"sweet_watermelon_var_1230","Wild-Harvested Sweet Watermelon (Pure)","fruits","CURATED_KEYWORD_MATCH","NO - Curated","99%","https://images.unsplash.com/photo-1587049352846-4a222e784d38?auto=format&fit=crop&w=800&q=80","Unsplash / Sweet Juicy Watermelon","https://www.google.com/search?q=Wild-Harvested%20Sweet%20Watermelon%20(Pure)%20food&tbm=isch","=HYPERLINK(""https://www.google.com/search?q=Wild-Harvested%20Sweet%20Watermelon%20(Pure)%20food&tbm=isch"", ""View Image"")"
"cantaloupe_melon","Cantaloupe Melon","fruits","CURATED_KEYWORD_MATCH","NO - Curated","99%","https://images.unsplash.com/photo-1595855759920-86582396756a?auto=format&fit=crop&w=800&q=80","Unsplash / Sliced Fresh Cantaloupe Melon","https://www.google.com/search?q=Cantaloupe%20Melon%20food&tbm=isch","=HYPERLINK(""https://www.google.com/search?q=Cantaloupe%20Melon%20food&tbm=isch"", ""View Image"")"
"cantaloupe_melon_var_1231","Fresh Organic Cantaloupe Melon","fruits","CURATED_KEYWORD_MATCH","NO - Curated","99%","https://images.unsplash.com/photo-1595855759920-86582396756a?auto=format&fit=crop&w=800&q=80","Unsplash / Sliced Fresh Cantaloupe Melon","https://www.google.com/search?q=Fresh%20Organic%20Cantaloupe%20Melon%20food&tbm=isch","=HYPERLINK(""https://www.google.com/search?q=Fresh%20Organic%20Cantaloupe%20Melon%20food&tbm=isch"", ""View Image"")"
"cantaloupe_melon_var_1232","Sun-Dried Cantaloupe Melon (Dried)","fruits","CURATED_KEYWORD_MATCH","NO - Curated","99%","https://images.unsplash.com/photo-1595855759920-86582396756a?auto=format&fit=crop&w=800&q=80","Unsplash / Sliced Fresh Cantaloupe Melon","https://www.google.com/search?q=Sun-Dried%20Cantaloupe%20Melon%20(Dried)%20food&tbm=isch","=HYPERLINK(""https://www.google.com/search?q=Sun-Dried%20Cantaloupe%20Melon%20(Dried)%20food&tbm=isch"", ""View Image"")"
"cantaloupe_melon_var_1233","Himalayan Grade Cantaloupe Melon (Special)","fruits","CURATED_KEYWORD_MATCH","NO - Curated","99%","https://images.unsplash.com/photo-1595855759920-86582396756a?auto=format&fit=crop&w=800&q=80","Unsplash / Sliced Fresh Cantaloupe Melon","https://www.google.com/search?q=Himalayan%20Grade%20Cantaloupe%20Melon%20(Special)%20food&tbm=isch","=HYPERLINK(""https://www.google.com/search?q=Himalayan%20Grade%20Cantaloupe%20Melon%20(Special)%20food&tbm=isch"", ""View Image"")"
"cantaloupe_melon_var_1234","South Indian Cantaloupe Melon (Traditional)","fruits","CURATED_KEYWORD_MATCH","NO - Curated","99%","https://images.unsplash.com/photo-1595855759920-86582396756a?auto=format&fit=crop&w=800&q=80","Unsplash / Sliced Fresh Cantaloupe Melon","https://www.google.com/search?q=South%20Indian%20Cantaloupe%20Melon%20(Traditional)%20food&tbm=isch","=HYPERLINK(""https://www.google.com/search?q=South%20Indian%20Cantaloupe%20Melon%20(Traditional)%20food&tbm=isch"", ""View Image"")"
"cantaloupe_melon_var_1235","North Indian Style Cantaloupe Melon (Spiced)","fruits","CURATED_KEYWORD_MATCH","NO - Curated","99%","https://images.unsplash.com/photo-1595855759920-86582396756a?auto=format&fit=crop&w=800&q=80","Unsplash / Sliced Fresh Cantaloupe Melon","https://www.google.com/search?q=North%20Indian%20Style%20Cantaloupe%20Melon%20(Spiced)%20food&tbm=isch","=HYPERLINK(""https://www.google.com/search?q=North%20Indian%20Style%20Cantaloupe%20Melon%20(Spiced)%20food&tbm=isch"", ""View Image"")"
"cantaloupe_melon_var_1236","Mediterranean Classic Cantaloupe Melon (Imported)","fruits","CURATED_KEYWORD_MATCH","NO - Curated","99%","https://images.unsplash.com/photo-1595855759920-86582396756a?auto=format&fit=crop&w=800&q=80","Unsplash / Sliced Fresh Cantaloupe Melon","https://www.google.com/search?q=Mediterranean%20Classic%20Cantaloupe%20Melon%20(Imported)%20food&tbm=isch","=HYPERLINK(""https://www.google.com/search?q=Mediterranean%20Classic%20Cantaloupe%20Melon%20(Imported)%20food&tbm=isch"", ""View Image"")"
"cantaloupe_melon_var_1237","Asian Specialty Cantaloupe Melon (Select)","fruits","CURATED_KEYWORD_MATCH","NO - Curated","99%","https://images.unsplash.com/photo-1595855759920-86582396756a?auto=format&fit=crop&w=800&q=80","Unsplash / Sliced Fresh Cantaloupe Melon","https://www.google.com/search?q=Asian%20Specialty%20Cantaloupe%20Melon%20(Select)%20food&tbm=isch","=HYPERLINK(""https://www.google.com/search?q=Asian%20Specialty%20Cantaloupe%20Melon%20(Select)%20food&tbm=isch"", ""View Image"")"
"cantaloupe_melon_var_1238","European Heirloom Cantaloupe Melon (Artisanal)","fruits","CURATED_KEYWORD_MATCH","NO - Curated","99%","https://images.unsplash.com/photo-1595855759920-86582396756a?auto=format&fit=crop&w=800&q=80","Unsplash / Sliced Fresh Cantaloupe Melon","https://www.google.com/search?q=European%20Heirloom%20Cantaloupe%20Melon%20(Artisanal)%20food&tbm=isch","=HYPERLINK(""https://www.google.com/search?q=European%20Heirloom%20Cantaloupe%20Melon%20(Artisanal)%20food&tbm=isch"", ""View Image"")"
"cantaloupe_melon_var_1239","Farm-Fresh Premium Cantaloupe Melon (A-Grade)","fruits","CURATED_KEYWORD_MATCH","NO - Curated","99%","https://images.unsplash.com/photo-1595855759920-86582396756a?auto=format&fit=crop&w=800&q=80","Unsplash / Sliced Fresh Cantaloupe Melon","https://www.google.com/search?q=Farm-Fresh%20Premium%20Cantaloupe%20Melon%20(A-Grade)%20food&tbm=isch","=HYPERLINK(""https://www.google.com/search?q=Farm-Fresh%20Premium%20Cantaloupe%20Melon%20(A-Grade)%20food&tbm=isch"", ""View Image"")"
"cantaloupe_melon_var_1240","Wild-Harvested Cantaloupe Melon (Pure)","fruits","CURATED_KEYWORD_MATCH","NO - Curated","99%","https://images.unsplash.com/photo-1595855759920-86582396756a?auto=format&fit=crop&w=800&q=80","Unsplash / Sliced Fresh Cantaloupe Melon","https://www.google.com/search?q=Wild-Harvested%20Cantaloupe%20Melon%20(Pure)%20food&tbm=isch","=HYPERLINK(""https://www.google.com/search?q=Wild-Harvested%20Cantaloupe%20Melon%20(Pure)%20food&tbm=isch"", ""View Image"")"
"honeydew_melon","Honeydew Melon","fruits","CURATED_KEYWORD_MATCH","NO - Curated","99%","https://images.unsplash.com/photo-1595855759920-86582396756a?auto=format&fit=crop&w=800&q=80","Unsplash / Sliced Fresh Cantaloupe Melon","https://www.google.com/search?q=Honeydew%20Melon%20food&tbm=isch","=HYPERLINK(""https://www.google.com/search?q=Honeydew%20Melon%20food&tbm=isch"", ""View Image"")"
"honeydew_melon_var_1241","Fresh Organic Honeydew Melon","fruits","CURATED_KEYWORD_MATCH","NO - Curated","99%","https://images.unsplash.com/photo-1595855759920-86582396756a?auto=format&fit=crop&w=800&q=80","Unsplash / Sliced Fresh Cantaloupe Melon","https://www.google.com/search?q=Fresh%20Organic%20Honeydew%20Melon%20food&tbm=isch","=HYPERLINK(""https://www.google.com/search?q=Fresh%20Organic%20Honeydew%20Melon%20food&tbm=isch"", ""View Image"")"
"honeydew_melon_var_1242","Sun-Dried Honeydew Melon (Dried)","fruits","CURATED_KEYWORD_MATCH","NO - Curated","99%","https://images.unsplash.com/photo-1595855759920-86582396756a?auto=format&fit=crop&w=800&q=80","Unsplash / Sliced Fresh Cantaloupe Melon","https://www.google.com/search?q=Sun-Dried%20Honeydew%20Melon%20(Dried)%20food&tbm=isch","=HYPERLINK(""https://www.google.com/search?q=Sun-Dried%20Honeydew%20Melon%20(Dried)%20food&tbm=isch"", ""View Image"")"
"honeydew_melon_var_1243","Himalayan Grade Honeydew Melon (Special)","fruits","CURATED_KEYWORD_MATCH","NO - Curated","99%","https://images.unsplash.com/photo-1595855759920-86582396756a?auto=format&fit=crop&w=800&q=80","Unsplash / Sliced Fresh Cantaloupe Melon","https://www.google.com/search?q=Himalayan%20Grade%20Honeydew%20Melon%20(Special)%20food&tbm=isch","=HYPERLINK(""https://www.google.com/search?q=Himalayan%20Grade%20Honeydew%20Melon%20(Special)%20food&tbm=isch"", ""View Image"")"
"honeydew_melon_var_1244","South Indian Honeydew Melon (Traditional)","fruits","CURATED_KEYWORD_MATCH","NO - Curated","99%","https://images.unsplash.com/photo-1595855759920-86582396756a?auto=format&fit=crop&w=800&q=80","Unsplash / Sliced Fresh Cantaloupe Melon","https://www.google.com/search?q=South%20Indian%20Honeydew%20Melon%20(Traditional)%20food&tbm=isch","=HYPERLINK(""https://www.google.com/search?q=South%20Indian%20Honeydew%20Melon%20(Traditional)%20food&tbm=isch"", ""View Image"")"
"honeydew_melon_var_1245","North Indian Style Honeydew Melon (Spiced)","fruits","CURATED_KEYWORD_MATCH","NO - Curated","99%","https://images.unsplash.com/photo-1595855759920-86582396756a?auto=format&fit=crop&w=800&q=80","Unsplash / Sliced Fresh Cantaloupe Melon","https://www.google.com/search?q=North%20Indian%20Style%20Honeydew%20Melon%20(Spiced)%20food&tbm=isch","=HYPERLINK(""https://www.google.com/search?q=North%20Indian%20Style%20Honeydew%20Melon%20(Spiced)%20food&tbm=isch"", ""View Image"")"
"honeydew_melon_var_1246","Mediterranean Classic Honeydew Melon (Imported)","fruits","CURATED_KEYWORD_MATCH","NO - Curated","99%","https://images.unsplash.com/photo-1595855759920-86582396756a?auto=format&fit=crop&w=800&q=80","Unsplash / Sliced Fresh Cantaloupe Melon","https://www.google.com/search?q=Mediterranean%20Classic%20Honeydew%20Melon%20(Imported)%20food&tbm=isch","=HYPERLINK(""https://www.google.com/search?q=Mediterranean%20Classic%20Honeydew%20Melon%20(Imported)%20food&tbm=isch"", ""View Image"")"
"honeydew_melon_var_1247","Asian Specialty Honeydew Melon (Select)","fruits","CURATED_KEYWORD_MATCH","NO - Curated","99%","https://images.unsplash.com/photo-1595855759920-86582396756a?auto=format&fit=crop&w=800&q=80","Unsplash / Sliced Fresh Cantaloupe Melon","https://www.google.com/search?q=Asian%20Specialty%20Honeydew%20Melon%20(Select)%20food&tbm=isch","=HYPERLINK(""https://www.google.com/search?q=Asian%20Specialty%20Honeydew%20Melon%20(Select)%20food&tbm=isch"", ""View Image"")"
"honeydew_melon_var_1248","European Heirloom Honeydew Melon (Artisanal)","fruits","CURATED_KEYWORD_MATCH","NO - Curated","99%","https://images.unsplash.com/photo-1595855759920-86582396756a?auto=format&fit=crop&w=800&q=80","Unsplash / Sliced Fresh Cantaloupe Melon","https://www.google.com/search?q=European%20Heirloom%20Honeydew%20Melon%20(Artisanal)%20food&tbm=isch","=HYPERLINK(""https://www.google.com/search?q=European%20Heirloom%20Honeydew%20Melon%20(Artisanal)%20food&tbm=isch"", ""View Image"")"
"honeydew_melon_var_1249","Farm-Fresh Premium Honeydew Melon (A-Grade)","fruits","CURATED_KEYWORD_MATCH","NO - Curated","99%","https://images.unsplash.com/photo-1595855759920-86582396756a?auto=format&fit=crop&w=800&q=80","Unsplash / Sliced Fresh Cantaloupe Melon","https://www.google.com/search?q=Farm-Fresh%20Premium%20Honeydew%20Melon%20(A-Grade)%20food&tbm=isch","=HYPERLINK(""https://www.google.com/search?q=Farm-Fresh%20Premium%20Honeydew%20Melon%20(A-Grade)%20food&tbm=isch"", ""View Image"")"
"honeydew_melon_var_1250","Wild-Harvested Honeydew Melon (Pure)","fruits","CURATED_KEYWORD_MATCH","NO - Curated","99%","https://images.unsplash.com/photo-1595855759920-86582396756a?auto=format&fit=crop&w=800&q=80","Unsplash / Sliced Fresh Cantaloupe Melon","https://www.google.com/search?q=Wild-Harvested%20Honeydew%20Melon%20(Pure)%20food&tbm=isch","=HYPERLINK(""https://www.google.com/search?q=Wild-Harvested%20Honeydew%20Melon%20(Pure)%20food&tbm=isch"", ""View Image"")"
"golden_pineapple","Golden Pineapple","fruits","CURATED_KEYWORD_MATCH","NO - Curated","99%","https://images.unsplash.com/photo-1560806887-1e4cd0b6cbd6?auto=format&fit=crop&w=800&q=80","Unsplash / Fresh Crisp Apple","https://www.google.com/search?q=Golden%20Pineapple%20food&tbm=isch","=HYPERLINK(""https://www.google.com/search?q=Golden%20Pineapple%20food&tbm=isch"", ""View Image"")"
"golden_pineapple_var_1251","Fresh Organic Golden Pineapple","fruits","CURATED_KEYWORD_MATCH","NO - Curated","99%","https://images.unsplash.com/photo-1560806887-1e4cd0b6cbd6?auto=format&fit=crop&w=800&q=80","Unsplash / Fresh Crisp Apple","https://www.google.com/search?q=Fresh%20Organic%20Golden%20Pineapple%20food&tbm=isch","=HYPERLINK(""https://www.google.com/search?q=Fresh%20Organic%20Golden%20Pineapple%20food&tbm=isch"", ""View Image"")"
"golden_pineapple_var_1252","Sun-Dried Golden Pineapple (Dried)","fruits","CURATED_KEYWORD_MATCH","NO - Curated","99%","https://images.unsplash.com/photo-1560806887-1e4cd0b6cbd6?auto=format&fit=crop&w=800&q=80","Unsplash / Fresh Crisp Apple","https://www.google.com/search?q=Sun-Dried%20Golden%20Pineapple%20(Dried)%20food&tbm=isch","=HYPERLINK(""https://www.google.com/search?q=Sun-Dried%20Golden%20Pineapple%20(Dried)%20food&tbm=isch"", ""View Image"")"
"golden_pineapple_var_1253","Himalayan Grade Golden Pineapple (Special)","fruits","CURATED_KEYWORD_MATCH","NO - Curated","99%","https://images.unsplash.com/photo-1560806887-1e4cd0b6cbd6?auto=format&fit=crop&w=800&q=80","Unsplash / Fresh Crisp Apple","https://www.google.com/search?q=Himalayan%20Grade%20Golden%20Pineapple%20(Special)%20food&tbm=isch","=HYPERLINK(""https://www.google.com/search?q=Himalayan%20Grade%20Golden%20Pineapple%20(Special)%20food&tbm=isch"", ""View Image"")"
"golden_pineapple_var_1254","South Indian Golden Pineapple (Traditional)","fruits","CURATED_KEYWORD_MATCH","NO - Curated","99%","https://images.unsplash.com/photo-1560806887-1e4cd0b6cbd6?auto=format&fit=crop&w=800&q=80","Unsplash / Fresh Crisp Apple","https://www.google.com/search?q=South%20Indian%20Golden%20Pineapple%20(Traditional)%20food&tbm=isch","=HYPERLINK(""https://www.google.com/search?q=South%20Indian%20Golden%20Pineapple%20(Traditional)%20food&tbm=isch"", ""View Image"")"
"golden_pineapple_var_1255","North Indian Style Golden Pineapple (Spiced)","fruits","CURATED_KEYWORD_MATCH","NO - Curated","99%","https://images.unsplash.com/photo-1560806887-1e4cd0b6cbd6?auto=format&fit=crop&w=800&q=80","Unsplash / Fresh Crisp Apple","https://www.google.com/search?q=North%20Indian%20Style%20Golden%20Pineapple%20(Spiced)%20food&tbm=isch","=HYPERLINK(""https://www.google.com/search?q=North%20Indian%20Style%20Golden%20Pineapple%20(Spiced)%20food&tbm=isch"", ""View Image"")"
"golden_pineapple_var_1256","Mediterranean Classic Golden Pineapple (Imported)","fruits","CURATED_KEYWORD_MATCH","NO - Curated","99%","https://images.unsplash.com/photo-1560806887-1e4cd0b6cbd6?auto=format&fit=crop&w=800&q=80","Unsplash / Fresh Crisp Apple","https://www.google.com/search?q=Mediterranean%20Classic%20Golden%20Pineapple%20(Imported)%20food&tbm=isch","=HYPERLINK(""https://www.google.com/search?q=Mediterranean%20Classic%20Golden%20Pineapple%20(Imported)%20food&tbm=isch"", ""View Image"")"
"golden_pineapple_var_1257","Asian Specialty Golden Pineapple (Select)","fruits","CURATED_KEYWORD_MATCH","NO - Curated","99%","https://images.unsplash.com/photo-1560806887-1e4cd0b6cbd6?auto=format&fit=crop&w=800&q=80","Unsplash / Fresh Crisp Apple","https://www.google.com/search?q=Asian%20Specialty%20Golden%20Pineapple%20(Select)%20food&tbm=isch","=HYPERLINK(""https://www.google.com/search?q=Asian%20Specialty%20Golden%20Pineapple%20(Select)%20food&tbm=isch"", ""View Image"")"
"golden_pineapple_var_1258","European Heirloom Golden Pineapple (Artisanal)","fruits","CURATED_KEYWORD_MATCH","NO - Curated","99%","https://images.unsplash.com/photo-1560806887-1e4cd0b6cbd6?auto=format&fit=crop&w=800&q=80","Unsplash / Fresh Crisp Apple","https://www.google.com/search?q=European%20Heirloom%20Golden%20Pineapple%20(Artisanal)%20food&tbm=isch","=HYPERLINK(""https://www.google.com/search?q=European%20Heirloom%20Golden%20Pineapple%20(Artisanal)%20food&tbm=isch"", ""View Image"")"
"golden_pineapple_var_1259","Farm-Fresh Premium Golden Pineapple (A-Grade)","fruits","CURATED_KEYWORD_MATCH","NO - Curated","99%","https://images.unsplash.com/photo-1560806887-1e4cd0b6cbd6?auto=format&fit=crop&w=800&q=80","Unsplash / Fresh Crisp Apple","https://www.google.com/search?q=Farm-Fresh%20Premium%20Golden%20Pineapple%20(A-Grade)%20food&tbm=isch","=HYPERLINK(""https://www.google.com/search?q=Farm-Fresh%20Premium%20Golden%20Pineapple%20(A-Grade)%20food&tbm=isch"", ""View Image"")"
"golden_pineapple_var_1260","Wild-Harvested Golden Pineapple (Pure)","fruits","CURATED_KEYWORD_MATCH","NO - Curated","99%","https://images.unsplash.com/photo-1560806887-1e4cd0b6cbd6?auto=format&fit=crop&w=800&q=80","Unsplash / Fresh Crisp Apple","https://www.google.com/search?q=Wild-Harvested%20Golden%20Pineapple%20(Pure)%20food&tbm=isch","=HYPERLINK(""https://www.google.com/search?q=Wild-Harvested%20Golden%20Pineapple%20(Pure)%20food&tbm=isch"", ""View Image"")"
"papaya__red_lady__var_1261","Fresh Organic Papaya (Red Lady)","fruits","CURATED_KEYWORD_MATCH","NO - Curated","99%","https://images.unsplash.com/photo-1517282009859-f000ec3b26fe?auto=format&fit=crop&w=800&q=80","Unsplash / Sweet Tropical Asian Specialty Papaya","https://www.google.com/search?q=Fresh%20Organic%20Papaya%20(Red%20Lady)%20food&tbm=isch","=HYPERLINK(""https://www.google.com/search?q=Fresh%20Organic%20Papaya%20(Red%20Lady)%20food&tbm=isch"", ""View Image"")"
"papaya__red_lady__var_1262","Sun-Dried Papaya (Red Lady) (Dried)","fruits","CURATED_KEYWORD_MATCH","NO - Curated","99%","https://images.unsplash.com/photo-1517282009859-f000ec3b26fe?auto=format&fit=crop&w=800&q=80","Unsplash / Sweet Tropical Asian Specialty Papaya","https://www.google.com/search?q=Sun-Dried%20Papaya%20(Red%20Lady)%20(Dried)%20food&tbm=isch","=HYPERLINK(""https://www.google.com/search?q=Sun-Dried%20Papaya%20(Red%20Lady)%20(Dried)%20food&tbm=isch"", ""View Image"")"
"papaya__red_lady__var_1263","Himalayan Grade Papaya (Red Lady) (Special)","fruits","CURATED_KEYWORD_MATCH","NO - Curated","99%","https://images.unsplash.com/photo-1517282009859-f000ec3b26fe?auto=format&fit=crop&w=800&q=80","Unsplash / Sweet Tropical Asian Specialty Papaya","https://www.google.com/search?q=Himalayan%20Grade%20Papaya%20(Red%20Lady)%20(Special)%20food&tbm=isch","=HYPERLINK(""https://www.google.com/search?q=Himalayan%20Grade%20Papaya%20(Red%20Lady)%20(Special)%20food&tbm=isch"", ""View Image"")"
"papaya__red_lady__var_1264","South Indian Papaya (Red Lady) (Traditional)","fruits","CURATED_KEYWORD_MATCH","NO - Curated","99%","https://images.unsplash.com/photo-1517282009859-f000ec3b26fe?auto=format&fit=crop&w=800&q=80","Unsplash / Sweet Tropical Asian Specialty Papaya","https://www.google.com/search?q=South%20Indian%20Papaya%20(Red%20Lady)%20(Traditional)%20food&tbm=isch","=HYPERLINK(""https://www.google.com/search?q=South%20Indian%20Papaya%20(Red%20Lady)%20(Traditional)%20food&tbm=isch"", ""View Image"")"
"papaya__red_lady__var_1265","North Indian Style Papaya (Red Lady) (Spiced)","fruits","CURATED_KEYWORD_MATCH","NO - Curated","99%","https://images.unsplash.com/photo-1517282009859-f000ec3b26fe?auto=format&fit=crop&w=800&q=80","Unsplash / Sweet Tropical Asian Specialty Papaya","https://www.google.com/search?q=North%20Indian%20Style%20Papaya%20(Red%20Lady)%20(Spiced)%20food&tbm=isch","=HYPERLINK(""https://www.google.com/search?q=North%20Indian%20Style%20Papaya%20(Red%20Lady)%20(Spiced)%20food&tbm=isch"", ""View Image"")"
"papaya__red_lady__var_1266","Mediterranean Classic Papaya (Red Lady) (Imported)","fruits","CURATED_KEYWORD_MATCH","NO - Curated","99%","https://images.unsplash.com/photo-1517282009859-f000ec3b26fe?auto=format&fit=crop&w=800&q=80","Unsplash / Sweet Tropical Asian Specialty Papaya","https://www.google.com/search?q=Mediterranean%20Classic%20Papaya%20(Red%20Lady)%20(Imported)%20food&tbm=isch","=HYPERLINK(""https://www.google.com/search?q=Mediterranean%20Classic%20Papaya%20(Red%20Lady)%20(Imported)%20food&tbm=isch"", ""View Image"")"
"papaya__red_lady__var_1267","Asian Specialty Papaya (Red Lady) (Select)","fruits","CURATED_KEYWORD_MATCH","NO - Curated","99%","https://images.unsplash.com/photo-1517282009859-f000ec3b26fe?auto=format&fit=crop&w=800&q=80","Unsplash / Sweet Tropical Asian Specialty Papaya","https://www.google.com/search?q=Asian%20Specialty%20Papaya%20(Red%20Lady)%20(Select)%20food&tbm=isch","=HYPERLINK(""https://www.google.com/search?q=Asian%20Specialty%20Papaya%20(Red%20Lady)%20(Select)%20food&tbm=isch"", ""View Image"")"
"papaya__red_lady__var_1268","European Heirloom Papaya (Red Lady) (Artisanal)","fruits","CURATED_KEYWORD_MATCH","NO - Curated","99%","https://images.unsplash.com/photo-1517282009859-f000ec3b26fe?auto=format&fit=crop&w=800&q=80","Unsplash / Sweet Tropical Asian Specialty Papaya","https://www.google.com/search?q=European%20Heirloom%20Papaya%20(Red%20Lady)%20(Artisanal)%20food&tbm=isch","=HYPERLINK(""https://www.google.com/search?q=European%20Heirloom%20Papaya%20(Red%20Lady)%20(Artisanal)%20food&tbm=isch"", ""View Image"")"
"papaya__red_lady__var_1269","Farm-Fresh Premium Papaya (Red Lady) (A-Grade)","fruits","CURATED_KEYWORD_MATCH","NO - Curated","99%","https://images.unsplash.com/photo-1517282009859-f000ec3b26fe?auto=format&fit=crop&w=800&q=80","Unsplash / Sweet Tropical Asian Specialty Papaya","https://www.google.com/search?q=Farm-Fresh%20Premium%20Papaya%20(Red%20Lady)%20(A-Grade)%20food&tbm=isch","=HYPERLINK(""https://www.google.com/search?q=Farm-Fresh%20Premium%20Papaya%20(Red%20Lady)%20(A-Grade)%20food&tbm=isch"", ""View Image"")"
"papaya__red_lady__var_1270","Wild-Harvested Papaya (Red Lady) (Pure)","fruits","CURATED_KEYWORD_MATCH","NO - Curated","99%","https://images.unsplash.com/photo-1517282009859-f000ec3b26fe?auto=format&fit=crop&w=800&q=80","Unsplash / Sweet Tropical Asian Specialty Papaya","https://www.google.com/search?q=Wild-Harvested%20Papaya%20(Red%20Lady)%20(Pure)%20food&tbm=isch","=HYPERLINK(""https://www.google.com/search?q=Wild-Harvested%20Papaya%20(Red%20Lady)%20(Pure)%20food&tbm=isch"", ""View Image"")"
"dragon_fruit__pitaya_","Dragon Fruit (Pitaya)","fruits","CURATED_KEYWORD_MATCH","NO - Curated","99%","https://images.unsplash.com/photo-1527325678964-54921661f888?auto=format&fit=crop&w=800&q=80","Unsplash / Vibrant Pink Dragon Fruit","https://www.google.com/search?q=Dragon%20Fruit%20(Pitaya)%20food&tbm=isch","=HYPERLINK(""https://www.google.com/search?q=Dragon%20Fruit%20(Pitaya)%20food&tbm=isch"", ""View Image"")"
"dragon_fruit__pitaya__var_1271","Fresh Organic Dragon Fruit (Pitaya)","fruits","CURATED_KEYWORD_MATCH","NO - Curated","99%","https://images.unsplash.com/photo-1527325678964-54921661f888?auto=format&fit=crop&w=800&q=80","Unsplash / Vibrant Pink Dragon Fruit","https://www.google.com/search?q=Fresh%20Organic%20Dragon%20Fruit%20(Pitaya)%20food&tbm=isch","=HYPERLINK(""https://www.google.com/search?q=Fresh%20Organic%20Dragon%20Fruit%20(Pitaya)%20food&tbm=isch"", ""View Image"")"
"dragon_fruit__pitaya__var_1272","Sun-Dried Dragon Fruit (Pitaya) (Dried)","fruits","CURATED_KEYWORD_MATCH","NO - Curated","99%","https://images.unsplash.com/photo-1527325678964-54921661f888?auto=format&fit=crop&w=800&q=80","Unsplash / Vibrant Pink Dragon Fruit","https://www.google.com/search?q=Sun-Dried%20Dragon%20Fruit%20(Pitaya)%20(Dried)%20food&tbm=isch","=HYPERLINK(""https://www.google.com/search?q=Sun-Dried%20Dragon%20Fruit%20(Pitaya)%20(Dried)%20food&tbm=isch"", ""View Image"")"
"dragon_fruit__pitaya__var_1273","Himalayan Grade Dragon Fruit (Pitaya) (Special)","fruits","CURATED_KEYWORD_MATCH","NO - Curated","99%","https://images.unsplash.com/photo-1527325678964-54921661f888?auto=format&fit=crop&w=800&q=80","Unsplash / Vibrant Pink Dragon Fruit","https://www.google.com/search?q=Himalayan%20Grade%20Dragon%20Fruit%20(Pitaya)%20(Special)%20food&tbm=isch","=HYPERLINK(""https://www.google.com/search?q=Himalayan%20Grade%20Dragon%20Fruit%20(Pitaya)%20(Special)%20food&tbm=isch"", ""View Image"")"
"dragon_fruit__pitaya__var_1274","South Indian Dragon Fruit (Pitaya) (Traditional)","fruits","CURATED_KEYWORD_MATCH","NO - Curated","99%","https://images.unsplash.com/photo-1527325678964-54921661f888?auto=format&fit=crop&w=800&q=80","Unsplash / Vibrant Pink Dragon Fruit","https://www.google.com/search?q=South%20Indian%20Dragon%20Fruit%20(Pitaya)%20(Traditional)%20food&tbm=isch","=HYPERLINK(""https://www.google.com/search?q=South%20Indian%20Dragon%20Fruit%20(Pitaya)%20(Traditional)%20food&tbm=isch"", ""View Image"")"
"dragon_fruit__pitaya__var_1275","North Indian Style Dragon Fruit (Pitaya) (Spiced)","fruits","CURATED_KEYWORD_MATCH","NO - Curated","99%","https://images.unsplash.com/photo-1527325678964-54921661f888?auto=format&fit=crop&w=800&q=80","Unsplash / Vibrant Pink Dragon Fruit","https://www.google.com/search?q=North%20Indian%20Style%20Dragon%20Fruit%20(Pitaya)%20(Spiced)%20food&tbm=isch","=HYPERLINK(""https://www.google.com/search?q=North%20Indian%20Style%20Dragon%20Fruit%20(Pitaya)%20(Spiced)%20food&tbm=isch"", ""View Image"")"
"dragon_fruit__pitaya__var_1276","Mediterranean Classic Dragon Fruit (Pitaya) (Imported)","fruits","CURATED_KEYWORD_MATCH","NO - Curated","99%","https://images.unsplash.com/photo-1527325678964-54921661f888?auto=format&fit=crop&w=800&q=80","Unsplash / Vibrant Pink Dragon Fruit","https://www.google.com/search?q=Mediterranean%20Classic%20Dragon%20Fruit%20(Pitaya)%20(Imported)%20food&tbm=isch","=HYPERLINK(""https://www.google.com/search?q=Mediterranean%20Classic%20Dragon%20Fruit%20(Pitaya)%20(Imported)%20food&tbm=isch"", ""View Image"")"
"dragon_fruit__pitaya__var_1277","Asian Specialty Dragon Fruit (Pitaya) (Select)","fruits","CURATED_KEYWORD_MATCH","NO - Curated","99%","https://images.unsplash.com/photo-1527325678964-54921661f888?auto=format&fit=crop&w=800&q=80","Unsplash / Vibrant Pink Dragon Fruit","https://www.google.com/search?q=Asian%20Specialty%20Dragon%20Fruit%20(Pitaya)%20(Select)%20food&tbm=isch","=HYPERLINK(""https://www.google.com/search?q=Asian%20Specialty%20Dragon%20Fruit%20(Pitaya)%20(Select)%20food&tbm=isch"", ""View Image"")"
"dragon_fruit__pitaya__var_1278","European Heirloom Dragon Fruit (Pitaya) (Artisanal)","fruits","CURATED_KEYWORD_MATCH","NO - Curated","99%","https://images.unsplash.com/photo-1527325678964-54921661f888?auto=format&fit=crop&w=800&q=80","Unsplash / Vibrant Pink Dragon Fruit","https://www.google.com/search?q=European%20Heirloom%20Dragon%20Fruit%20(Pitaya)%20(Artisanal)%20food&tbm=isch","=HYPERLINK(""https://www.google.com/search?q=European%20Heirloom%20Dragon%20Fruit%20(Pitaya)%20(Artisanal)%20food&tbm=isch"", ""View Image"")"
"dragon_fruit__pitaya__var_1279","Farm-Fresh Premium Dragon Fruit (Pitaya) (A-Grade)","fruits","CURATED_KEYWORD_MATCH","NO - Curated","99%","https://images.unsplash.com/photo-1527325678964-54921661f888?auto=format&fit=crop&w=800&q=80","Unsplash / Vibrant Pink Dragon Fruit","https://www.google.com/search?q=Farm-Fresh%20Premium%20Dragon%20Fruit%20(Pitaya)%20(A-Grade)%20food&tbm=isch","=HYPERLINK(""https://www.google.com/search?q=Farm-Fresh%20Premium%20Dragon%20Fruit%20(Pitaya)%20(A-Grade)%20food&tbm=isch"", ""View Image"")"
"dragon_fruit__pitaya__var_1280","Wild-Harvested Dragon Fruit (Pitaya) (Pure)","fruits","CURATED_KEYWORD_MATCH","NO - Curated","99%","https://images.unsplash.com/photo-1527325678964-54921661f888?auto=format&fit=crop&w=800&q=80","Unsplash / Vibrant Pink Dragon Fruit","https://www.google.com/search?q=Wild-Harvested%20Dragon%20Fruit%20(Pitaya)%20(Pure)%20food&tbm=isch","=HYPERLINK(""https://www.google.com/search?q=Wild-Harvested%20Dragon%20Fruit%20(Pitaya)%20(Pure)%20food&tbm=isch"", ""View Image"")"
"passion_fruit","Passion Fruit","fruits","CURATED_KEYWORD_MATCH","NO - Curated","99%","https://images.unsplash.com/photo-1534531141161-e41d133a897d?auto=format&fit=crop&w=800&q=80","Unsplash / Fresh Exotic Passion Fruit","https://www.google.com/search?q=Passion%20Fruit%20food&tbm=isch","=HYPERLINK(""https://www.google.com/search?q=Passion%20Fruit%20food&tbm=isch"", ""View Image"")"
"passion_fruit_var_1281","Fresh Organic Passion Fruit","fruits","CURATED_KEYWORD_MATCH","NO - Curated","99%","https://images.unsplash.com/photo-1534531141161-e41d133a897d?auto=format&fit=crop&w=800&q=80","Unsplash / Fresh Exotic Passion Fruit","https://www.google.com/search?q=Fresh%20Organic%20Passion%20Fruit%20food&tbm=isch","=HYPERLINK(""https://www.google.com/search?q=Fresh%20Organic%20Passion%20Fruit%20food&tbm=isch"", ""View Image"")"
"passion_fruit_var_1282","Sun-Dried Passion Fruit (Dried)","fruits","CURATED_KEYWORD_MATCH","NO - Curated","99%","https://images.unsplash.com/photo-1534531141161-e41d133a897d?auto=format&fit=crop&w=800&q=80","Unsplash / Fresh Exotic Passion Fruit","https://www.google.com/search?q=Sun-Dried%20Passion%20Fruit%20(Dried)%20food&tbm=isch","=HYPERLINK(""https://www.google.com/search?q=Sun-Dried%20Passion%20Fruit%20(Dried)%20food&tbm=isch"", ""View Image"")"
"passion_fruit_var_1283","Himalayan Grade Passion Fruit (Special)","fruits","CURATED_KEYWORD_MATCH","NO - Curated","99%","https://images.unsplash.com/photo-1534531141161-e41d133a897d?auto=format&fit=crop&w=800&q=80","Unsplash / Fresh Exotic Passion Fruit","https://www.google.com/search?q=Himalayan%20Grade%20Passion%20Fruit%20(Special)%20food&tbm=isch","=HYPERLINK(""https://www.google.com/search?q=Himalayan%20Grade%20Passion%20Fruit%20(Special)%20food&tbm=isch"", ""View Image"")"
"passion_fruit_var_1284","South Indian Passion Fruit (Traditional)","fruits","CURATED_KEYWORD_MATCH","NO - Curated","99%","https://images.unsplash.com/photo-1534531141161-e41d133a897d?auto=format&fit=crop&w=800&q=80","Unsplash / Fresh Exotic Passion Fruit","https://www.google.com/search?q=South%20Indian%20Passion%20Fruit%20(Traditional)%20food&tbm=isch","=HYPERLINK(""https://www.google.com/search?q=South%20Indian%20Passion%20Fruit%20(Traditional)%20food&tbm=isch"", ""View Image"")"
"passion_fruit_var_1285","North Indian Style Passion Fruit (Spiced)","fruits","CURATED_KEYWORD_MATCH","NO - Curated","99%","https://images.unsplash.com/photo-1534531141161-e41d133a897d?auto=format&fit=crop&w=800&q=80","Unsplash / Fresh Exotic Passion Fruit","https://www.google.com/search?q=North%20Indian%20Style%20Passion%20Fruit%20(Spiced)%20food&tbm=isch","=HYPERLINK(""https://www.google.com/search?q=North%20Indian%20Style%20Passion%20Fruit%20(Spiced)%20food&tbm=isch"", ""View Image"")"
"passion_fruit_var_1286","Mediterranean Classic Passion Fruit (Imported)","fruits","CURATED_KEYWORD_MATCH","NO - Curated","99%","https://images.unsplash.com/photo-1534531141161-e41d133a897d?auto=format&fit=crop&w=800&q=80","Unsplash / Fresh Exotic Passion Fruit","https://www.google.com/search?q=Mediterranean%20Classic%20Passion%20Fruit%20(Imported)%20food&tbm=isch","=HYPERLINK(""https://www.google.com/search?q=Mediterranean%20Classic%20Passion%20Fruit%20(Imported)%20food&tbm=isch"", ""View Image"")"
"passion_fruit_var_1287","Asian Specialty Passion Fruit (Select)","fruits","CURATED_KEYWORD_MATCH","NO - Curated","99%","https://images.unsplash.com/photo-1534531141161-e41d133a897d?auto=format&fit=crop&w=800&q=80","Unsplash / Fresh Exotic Passion Fruit","https://www.google.com/search?q=Asian%20Specialty%20Passion%20Fruit%20(Select)%20food&tbm=isch","=HYPERLINK(""https://www.google.com/search?q=Asian%20Specialty%20Passion%20Fruit%20(Select)%20food&tbm=isch"", ""View Image"")"
"passion_fruit_var_1288","European Heirloom Passion Fruit (Artisanal)","fruits","CURATED_KEYWORD_MATCH","NO - Curated","99%","https://images.unsplash.com/photo-1534531141161-e41d133a897d?auto=format&fit=crop&w=800&q=80","Unsplash / Fresh Exotic Passion Fruit","https://www.google.com/search?q=European%20Heirloom%20Passion%20Fruit%20(Artisanal)%20food&tbm=isch","=HYPERLINK(""https://www.google.com/search?q=European%20Heirloom%20Passion%20Fruit%20(Artisanal)%20food&tbm=isch"", ""View Image"")"
"passion_fruit_var_1289","Farm-Fresh Premium Passion Fruit (A-Grade)","fruits","CURATED_KEYWORD_MATCH","NO - Curated","99%","https://images.unsplash.com/photo-1534531141161-e41d133a897d?auto=format&fit=crop&w=800&q=80","Unsplash / Fresh Exotic Passion Fruit","https://www.google.com/search?q=Farm-Fresh%20Premium%20Passion%20Fruit%20(A-Grade)%20food&tbm=isch","=HYPERLINK(""https://www.google.com/search?q=Farm-Fresh%20Premium%20Passion%20Fruit%20(A-Grade)%20food&tbm=isch"", ""View Image"")"
"passion_fruit_var_1290","Wild-Harvested Passion Fruit (Pure)","fruits","CURATED_KEYWORD_MATCH","NO - Curated","99%","https://images.unsplash.com/photo-1534531141161-e41d133a897d?auto=format&fit=crop&w=800&q=80","Unsplash / Fresh Exotic Passion Fruit","https://www.google.com/search?q=Wild-Harvested%20Passion%20Fruit%20(Pure)%20food&tbm=isch","=HYPERLINK(""https://www.google.com/search?q=Wild-Harvested%20Passion%20Fruit%20(Pure)%20food&tbm=isch"", ""View Image"")"
"rambutan","Rambutan","fruits","CURATED_KEYWORD_MATCH","NO - Curated","99%","https://images.unsplash.com/photo-1591068243886-d8bea9f5c491?auto=format&fit=crop&w=800&q=80","Unsplash / Fresh Tropical Rambutan & Lychee","https://www.google.com/search?q=Rambutan%20food&tbm=isch","=HYPERLINK(""https://www.google.com/search?q=Rambutan%20food&tbm=isch"", ""View Image"")"
"rambutan_var_1291","Fresh Organic Rambutan","fruits","CURATED_KEYWORD_MATCH","NO - Curated","99%","https://images.unsplash.com/photo-1591068243886-d8bea9f5c491?auto=format&fit=crop&w=800&q=80","Unsplash / Fresh Tropical Rambutan & Lychee","https://www.google.com/search?q=Fresh%20Organic%20Rambutan%20food&tbm=isch","=HYPERLINK(""https://www.google.com/search?q=Fresh%20Organic%20Rambutan%20food&tbm=isch"", ""View Image"")"
"rambutan_var_1292","Sun-Dried Rambutan (Dried)","fruits","CURATED_KEYWORD_MATCH","NO - Curated","99%","https://images.unsplash.com/photo-1591068243886-d8bea9f5c491?auto=format&fit=crop&w=800&q=80","Unsplash / Fresh Tropical Rambutan & Lychee","https://www.google.com/search?q=Sun-Dried%20Rambutan%20(Dried)%20food&tbm=isch","=HYPERLINK(""https://www.google.com/search?q=Sun-Dried%20Rambutan%20(Dried)%20food&tbm=isch"", ""View Image"")"
"rambutan_var_1293","Himalayan Grade Rambutan (Special)","fruits","CURATED_KEYWORD_MATCH","NO - Curated","99%","https://images.unsplash.com/photo-1591068243886-d8bea9f5c491?auto=format&fit=crop&w=800&q=80","Unsplash / Fresh Tropical Rambutan & Lychee","https://www.google.com/search?q=Himalayan%20Grade%20Rambutan%20(Special)%20food&tbm=isch","=HYPERLINK(""https://www.google.com/search?q=Himalayan%20Grade%20Rambutan%20(Special)%20food&tbm=isch"", ""View Image"")"
"rambutan_var_1294","South Indian Rambutan (Traditional)","fruits","CURATED_KEYWORD_MATCH","NO - Curated","99%","https://images.unsplash.com/photo-1591068243886-d8bea9f5c491?auto=format&fit=crop&w=800&q=80","Unsplash / Fresh Tropical Rambutan & Lychee","https://www.google.com/search?q=South%20Indian%20Rambutan%20(Traditional)%20food&tbm=isch","=HYPERLINK(""https://www.google.com/search?q=South%20Indian%20Rambutan%20(Traditional)%20food&tbm=isch"", ""View Image"")"
"rambutan_var_1295","North Indian Style Rambutan (Spiced)","fruits","CURATED_KEYWORD_MATCH","NO - Curated","99%","https://images.unsplash.com/photo-1591068243886-d8bea9f5c491?auto=format&fit=crop&w=800&q=80","Unsplash / Fresh Tropical Rambutan & Lychee","https://www.google.com/search?q=North%20Indian%20Style%20Rambutan%20(Spiced)%20food&tbm=isch","=HYPERLINK(""https://www.google.com/search?q=North%20Indian%20Style%20Rambutan%20(Spiced)%20food&tbm=isch"", ""View Image"")"
"rambutan_var_1296","Mediterranean Classic Rambutan (Imported)","fruits","CURATED_KEYWORD_MATCH","NO - Curated","99%","https://images.unsplash.com/photo-1591068243886-d8bea9f5c491?auto=format&fit=crop&w=800&q=80","Unsplash / Fresh Tropical Rambutan & Lychee","https://www.google.com/search?q=Mediterranean%20Classic%20Rambutan%20(Imported)%20food&tbm=isch","=HYPERLINK(""https://www.google.com/search?q=Mediterranean%20Classic%20Rambutan%20(Imported)%20food&tbm=isch"", ""View Image"")"
"rambutan_var_1297","Asian Specialty Rambutan (Select)","fruits","CURATED_KEYWORD_MATCH","NO - Curated","99%","https://images.unsplash.com/photo-1591068243886-d8bea9f5c491?auto=format&fit=crop&w=800&q=80","Unsplash / Fresh Tropical Rambutan & Lychee","https://www.google.com/search?q=Asian%20Specialty%20Rambutan%20(Select)%20food&tbm=isch","=HYPERLINK(""https://www.google.com/search?q=Asian%20Specialty%20Rambutan%20(Select)%20food&tbm=isch"", ""View Image"")"
"rambutan_var_1298","European Heirloom Rambutan (Artisanal)","fruits","CURATED_KEYWORD_MATCH","NO - Curated","99%","https://images.unsplash.com/photo-1591068243886-d8bea9f5c491?auto=format&fit=crop&w=800&q=80","Unsplash / Fresh Tropical Rambutan & Lychee","https://www.google.com/search?q=European%20Heirloom%20Rambutan%20(Artisanal)%20food&tbm=isch","=HYPERLINK(""https://www.google.com/search?q=European%20Heirloom%20Rambutan%20(Artisanal)%20food&tbm=isch"", ""View Image"")"
"rambutan_var_1299","Farm-Fresh Premium Rambutan (A-Grade)","fruits","CURATED_KEYWORD_MATCH","NO - Curated","99%","https://images.unsplash.com/photo-1591068243886-d8bea9f5c491?auto=format&fit=crop&w=800&q=80","Unsplash / Fresh Tropical Rambutan & Lychee","https://www.google.com/search?q=Farm-Fresh%20Premium%20Rambutan%20(A-Grade)%20food&tbm=isch","=HYPERLINK(""https://www.google.com/search?q=Farm-Fresh%20Premium%20Rambutan%20(A-Grade)%20food&tbm=isch"", ""View Image"")"
"rambutan_var_1300","Wild-Harvested Rambutan (Pure)","fruits","CURATED_KEYWORD_MATCH","NO - Curated","99%","https://images.unsplash.com/photo-1591068243886-d8bea9f5c491?auto=format&fit=crop&w=800&q=80","Unsplash / Fresh Tropical Rambutan & Lychee","https://www.google.com/search?q=Wild-Harvested%20Rambutan%20(Pure)%20food&tbm=isch","=HYPERLINK(""https://www.google.com/search?q=Wild-Harvested%20Rambutan%20(Pure)%20food&tbm=isch"", ""View Image"")"
"mangosteen","Mangosteen","fruits","CURATED_KEYWORD_MATCH","NO - Curated","99%","https://images.unsplash.com/photo-1591068243886-d8bea9f5c491?auto=format&fit=crop&w=800&q=80","Unsplash / Fresh Purple Mangosteen Fruit","https://www.google.com/search?q=Mangosteen%20food&tbm=isch","=HYPERLINK(""https://www.google.com/search?q=Mangosteen%20food&tbm=isch"", ""View Image"")"
"mangosteen_var_1301","Fresh Organic Mangosteen","fruits","CURATED_KEYWORD_MATCH","NO - Curated","99%","https://images.unsplash.com/photo-1591068243886-d8bea9f5c491?auto=format&fit=crop&w=800&q=80","Unsplash / Fresh Purple Mangosteen Fruit","https://www.google.com/search?q=Fresh%20Organic%20Mangosteen%20food&tbm=isch","=HYPERLINK(""https://www.google.com/search?q=Fresh%20Organic%20Mangosteen%20food&tbm=isch"", ""View Image"")"
"mangosteen_var_1302","Sun-Dried Mangosteen (Dried)","fruits","CURATED_KEYWORD_MATCH","NO - Curated","99%","https://images.unsplash.com/photo-1591068243886-d8bea9f5c491?auto=format&fit=crop&w=800&q=80","Unsplash / Fresh Purple Mangosteen Fruit","https://www.google.com/search?q=Sun-Dried%20Mangosteen%20(Dried)%20food&tbm=isch","=HYPERLINK(""https://www.google.com/search?q=Sun-Dried%20Mangosteen%20(Dried)%20food&tbm=isch"", ""View Image"")"
"mangosteen_var_1303","Himalayan Grade Mangosteen (Special)","fruits","CURATED_KEYWORD_MATCH","NO - Curated","99%","https://images.unsplash.com/photo-1591068243886-d8bea9f5c491?auto=format&fit=crop&w=800&q=80","Unsplash / Fresh Purple Mangosteen Fruit","https://www.google.com/search?q=Himalayan%20Grade%20Mangosteen%20(Special)%20food&tbm=isch","=HYPERLINK(""https://www.google.com/search?q=Himalayan%20Grade%20Mangosteen%20(Special)%20food&tbm=isch"", ""View Image"")"
"mangosteen_var_1304","South Indian Mangosteen (Traditional)","fruits","CURATED_KEYWORD_MATCH","NO - Curated","99%","https://images.unsplash.com/photo-1591068243886-d8bea9f5c491?auto=format&fit=crop&w=800&q=80","Unsplash / Fresh Purple Mangosteen Fruit","https://www.google.com/search?q=South%20Indian%20Mangosteen%20(Traditional)%20food&tbm=isch","=HYPERLINK(""https://www.google.com/search?q=South%20Indian%20Mangosteen%20(Traditional)%20food&tbm=isch"", ""View Image"")"
"mangosteen_var_1305","North Indian Style Mangosteen (Spiced)","fruits","CURATED_KEYWORD_MATCH","NO - Curated","99%","https://images.unsplash.com/photo-1591068243886-d8bea9f5c491?auto=format&fit=crop&w=800&q=80","Unsplash / Fresh Purple Mangosteen Fruit","https://www.google.com/search?q=North%20Indian%20Style%20Mangosteen%20(Spiced)%20food&tbm=isch","=HYPERLINK(""https://www.google.com/search?q=North%20Indian%20Style%20Mangosteen%20(Spiced)%20food&tbm=isch"", ""View Image"")"
"mangosteen_var_1306","Mediterranean Classic Mangosteen (Imported)","fruits","CURATED_KEYWORD_MATCH","NO - Curated","99%","https://images.unsplash.com/photo-1591068243886-d8bea9f5c491?auto=format&fit=crop&w=800&q=80","Unsplash / Fresh Purple Mangosteen Fruit","https://www.google.com/search?q=Mediterranean%20Classic%20Mangosteen%20(Imported)%20food&tbm=isch","=HYPERLINK(""https://www.google.com/search?q=Mediterranean%20Classic%20Mangosteen%20(Imported)%20food&tbm=isch"", ""View Image"")"
"mangosteen_var_1307","Asian Specialty Mangosteen (Select)","fruits","CURATED_KEYWORD_MATCH","NO - Curated","99%","https://images.unsplash.com/photo-1591068243886-d8bea9f5c491?auto=format&fit=crop&w=800&q=80","Unsplash / Fresh Purple Mangosteen Fruit","https://www.google.com/search?q=Asian%20Specialty%20Mangosteen%20(Select)%20food&tbm=isch","=HYPERLINK(""https://www.google.com/search?q=Asian%20Specialty%20Mangosteen%20(Select)%20food&tbm=isch"", ""View Image"")"
"mangosteen_var_1308","European Heirloom Mangosteen (Artisanal)","fruits","CURATED_KEYWORD_MATCH","NO - Curated","99%","https://images.unsplash.com/photo-1591068243886-d8bea9f5c491?auto=format&fit=crop&w=800&q=80","Unsplash / Fresh Purple Mangosteen Fruit","https://www.google.com/search?q=European%20Heirloom%20Mangosteen%20(Artisanal)%20food&tbm=isch","=HYPERLINK(""https://www.google.com/search?q=European%20Heirloom%20Mangosteen%20(Artisanal)%20food&tbm=isch"", ""View Image"")"
"mangosteen_var_1309","Farm-Fresh Premium Mangosteen (A-Grade)","fruits","CURATED_KEYWORD_MATCH","NO - Curated","99%","https://images.unsplash.com/photo-1591068243886-d8bea9f5c491?auto=format&fit=crop&w=800&q=80","Unsplash / Fresh Purple Mangosteen Fruit","https://www.google.com/search?q=Farm-Fresh%20Premium%20Mangosteen%20(A-Grade)%20food&tbm=isch","=HYPERLINK(""https://www.google.com/search?q=Farm-Fresh%20Premium%20Mangosteen%20(A-Grade)%20food&tbm=isch"", ""View Image"")"
"mangosteen_var_1310","Wild-Harvested Mangosteen (Pure)","fruits","CURATED_KEYWORD_MATCH","NO - Curated","99%","https://images.unsplash.com/photo-1591068243886-d8bea9f5c491?auto=format&fit=crop&w=800&q=80","Unsplash / Fresh Purple Mangosteen Fruit","https://www.google.com/search?q=Wild-Harvested%20Mangosteen%20(Pure)%20food&tbm=isch","=HYPERLINK(""https://www.google.com/search?q=Wild-Harvested%20Mangosteen%20(Pure)%20food&tbm=isch"", ""View Image"")"
"guava__pink_","Guava (Pink)","fruits","CURATED_KEYWORD_MATCH","NO - Curated","99%","https://images.unsplash.com/photo-1536511135896-12e022f6d0f7?auto=format&fit=crop&w=800&q=80","Unsplash / Fresh Sweet Guava","https://www.google.com/search?q=Guava%20(Pink)%20food&tbm=isch","=HYPERLINK(""https://www.google.com/search?q=Guava%20(Pink)%20food&tbm=isch"", ""View Image"")"
"guava__pink__var_1311","Fresh Organic Guava (Pink)","fruits","CURATED_KEYWORD_MATCH","NO - Curated","99%","https://images.unsplash.com/photo-1536511135896-12e022f6d0f7?auto=format&fit=crop&w=800&q=80","Unsplash / Fresh Sweet Guava","https://www.google.com/search?q=Fresh%20Organic%20Guava%20(Pink)%20food&tbm=isch","=HYPERLINK(""https://www.google.com/search?q=Fresh%20Organic%20Guava%20(Pink)%20food&tbm=isch"", ""View Image"")"
"guava__pink__var_1312","Sun-Dried Guava (Pink) (Dried)","fruits","CURATED_KEYWORD_MATCH","NO - Curated","99%","https://images.unsplash.com/photo-1536511135896-12e022f6d0f7?auto=format&fit=crop&w=800&q=80","Unsplash / Fresh Sweet Guava","https://www.google.com/search?q=Sun-Dried%20Guava%20(Pink)%20(Dried)%20food&tbm=isch","=HYPERLINK(""https://www.google.com/search?q=Sun-Dried%20Guava%20(Pink)%20(Dried)%20food&tbm=isch"", ""View Image"")"
"guava__pink__var_1313","Himalayan Grade Guava (Pink) (Special)","fruits","CURATED_KEYWORD_MATCH","NO - Curated","99%","https://images.unsplash.com/photo-1536511135896-12e022f6d0f7?auto=format&fit=crop&w=800&q=80","Unsplash / Fresh Sweet Guava","https://www.google.com/search?q=Himalayan%20Grade%20Guava%20(Pink)%20(Special)%20food&tbm=isch","=HYPERLINK(""https://www.google.com/search?q=Himalayan%20Grade%20Guava%20(Pink)%20(Special)%20food&tbm=isch"", ""View Image"")"
"guava__pink__var_1314","South Indian Guava (Pink) (Traditional)","fruits","CURATED_KEYWORD_MATCH","NO - Curated","99%","https://images.unsplash.com/photo-1536511135896-12e022f6d0f7?auto=format&fit=crop&w=800&q=80","Unsplash / Fresh Sweet Guava","https://www.google.com/search?q=South%20Indian%20Guava%20(Pink)%20(Traditional)%20food&tbm=isch","=HYPERLINK(""https://www.google.com/search?q=South%20Indian%20Guava%20(Pink)%20(Traditional)%20food&tbm=isch"", ""View Image"")"
"guava__pink__var_1315","North Indian Style Guava (Pink) (Spiced)","fruits","CURATED_KEYWORD_MATCH","NO - Curated","99%","https://images.unsplash.com/photo-1536511135896-12e022f6d0f7?auto=format&fit=crop&w=800&q=80","Unsplash / Fresh Sweet Guava","https://www.google.com/search?q=North%20Indian%20Style%20Guava%20(Pink)%20(Spiced)%20food&tbm=isch","=HYPERLINK(""https://www.google.com/search?q=North%20Indian%20Style%20Guava%20(Pink)%20(Spiced)%20food&tbm=isch"", ""View Image"")"
"guava__pink__var_1316","Mediterranean Classic Guava (Pink) (Imported)","fruits","CURATED_KEYWORD_MATCH","NO - Curated","99%","https://images.unsplash.com/photo-1536511135896-12e022f6d0f7?auto=format&fit=crop&w=800&q=80","Unsplash / Fresh Sweet Guava","https://www.google.com/search?q=Mediterranean%20Classic%20Guava%20(Pink)%20(Imported)%20food&tbm=isch","=HYPERLINK(""https://www.google.com/search?q=Mediterranean%20Classic%20Guava%20(Pink)%20(Imported)%20food&tbm=isch"", ""View Image"")"
"guava__pink__var_1317","Asian Specialty Guava (Pink) (Select)","fruits","CURATED_KEYWORD_MATCH","NO - Curated","99%","https://images.unsplash.com/photo-1536511135896-12e022f6d0f7?auto=format&fit=crop&w=800&q=80","Unsplash / Fresh Sweet Guava","https://www.google.com/search?q=Asian%20Specialty%20Guava%20(Pink)%20(Select)%20food&tbm=isch","=HYPERLINK(""https://www.google.com/search?q=Asian%20Specialty%20Guava%20(Pink)%20(Select)%20food&tbm=isch"", ""View Image"")"
"guava__pink__var_1318","European Heirloom Guava (Pink) (Artisanal)","fruits","CURATED_KEYWORD_MATCH","NO - Curated","99%","https://images.unsplash.com/photo-1536511135896-12e022f6d0f7?auto=format&fit=crop&w=800&q=80","Unsplash / Fresh Sweet Guava","https://www.google.com/search?q=European%20Heirloom%20Guava%20(Pink)%20(Artisanal)%20food&tbm=isch","=HYPERLINK(""https://www.google.com/search?q=European%20Heirloom%20Guava%20(Pink)%20(Artisanal)%20food&tbm=isch"", ""View Image"")"
"guava__pink__var_1319","Farm-Fresh Premium Guava (Pink) (A-Grade)","fruits","CURATED_KEYWORD_MATCH","NO - Curated","99%","https://images.unsplash.com/photo-1536511135896-12e022f6d0f7?auto=format&fit=crop&w=800&q=80","Unsplash / Fresh Sweet Guava","https://www.google.com/search?q=Farm-Fresh%20Premium%20Guava%20(Pink)%20(A-Grade)%20food&tbm=isch","=HYPERLINK(""https://www.google.com/search?q=Farm-Fresh%20Premium%20Guava%20(Pink)%20(A-Grade)%20food&tbm=isch"", ""View Image"")"
"guava__pink__var_1320","Wild-Harvested Guava (Pink) (Pure)","fruits","CURATED_KEYWORD_MATCH","NO - Curated","99%","https://images.unsplash.com/photo-1536511135896-12e022f6d0f7?auto=format&fit=crop&w=800&q=80","Unsplash / Fresh Sweet Guava","https://www.google.com/search?q=Wild-Harvested%20Guava%20(Pink)%20(Pure)%20food&tbm=isch","=HYPERLINK(""https://www.google.com/search?q=Wild-Harvested%20Guava%20(Pink)%20(Pure)%20food&tbm=isch"", ""View Image"")"
"pomegranate_var_1321","Fresh Organic Pomegranate","fruits","CURATED_KEYWORD_MATCH","NO - Curated","99%","https://images.unsplash.com/photo-1615485290382-441e4d049cb5?auto=format&fit=crop&w=800&q=80","Unsplash / Fresh Ruby Pomegranate Arils","https://www.google.com/search?q=Fresh%20Organic%20Pomegranate%20food&tbm=isch","=HYPERLINK(""https://www.google.com/search?q=Fresh%20Organic%20Pomegranate%20food&tbm=isch"", ""View Image"")"
"pomegranate_var_1322","Sun-Dried Pomegranate (Dried)","fruits","CURATED_KEYWORD_MATCH","NO - Curated","99%","https://images.unsplash.com/photo-1615485290382-441e4d049cb5?auto=format&fit=crop&w=800&q=80","Unsplash / Fresh Ruby Pomegranate Arils","https://www.google.com/search?q=Sun-Dried%20Pomegranate%20(Dried)%20food&tbm=isch","=HYPERLINK(""https://www.google.com/search?q=Sun-Dried%20Pomegranate%20(Dried)%20food&tbm=isch"", ""View Image"")"
"pomegranate_var_1323","Himalayan Grade Pomegranate (Special)","fruits","CURATED_KEYWORD_MATCH","NO - Curated","99%","https://images.unsplash.com/photo-1615485290382-441e4d049cb5?auto=format&fit=crop&w=800&q=80","Unsplash / Fresh Ruby Pomegranate Arils","https://www.google.com/search?q=Himalayan%20Grade%20Pomegranate%20(Special)%20food&tbm=isch","=HYPERLINK(""https://www.google.com/search?q=Himalayan%20Grade%20Pomegranate%20(Special)%20food&tbm=isch"", ""View Image"")"
"pomegranate_var_1324","South Indian Pomegranate (Traditional)","fruits","CURATED_KEYWORD_MATCH","NO - Curated","99%","https://images.unsplash.com/photo-1615485290382-441e4d049cb5?auto=format&fit=crop&w=800&q=80","Unsplash / Fresh Ruby Pomegranate Arils","https://www.google.com/search?q=South%20Indian%20Pomegranate%20(Traditional)%20food&tbm=isch","=HYPERLINK(""https://www.google.com/search?q=South%20Indian%20Pomegranate%20(Traditional)%20food&tbm=isch"", ""View Image"")"
"pomegranate_var_1325","North Indian Style Pomegranate (Spiced)","fruits","CURATED_KEYWORD_MATCH","NO - Curated","99%","https://images.unsplash.com/photo-1615485290382-441e4d049cb5?auto=format&fit=crop&w=800&q=80","Unsplash / Fresh Ruby Pomegranate Arils","https://www.google.com/search?q=North%20Indian%20Style%20Pomegranate%20(Spiced)%20food&tbm=isch","=HYPERLINK(""https://www.google.com/search?q=North%20Indian%20Style%20Pomegranate%20(Spiced)%20food&tbm=isch"", ""View Image"")"
"pomegranate_var_1326","Mediterranean Classic Pomegranate (Imported)","fruits","CURATED_KEYWORD_MATCH","NO - Curated","99%","https://images.unsplash.com/photo-1615485290382-441e4d049cb5?auto=format&fit=crop&w=800&q=80","Unsplash / Fresh Ruby Pomegranate Arils","https://www.google.com/search?q=Mediterranean%20Classic%20Pomegranate%20(Imported)%20food&tbm=isch","=HYPERLINK(""https://www.google.com/search?q=Mediterranean%20Classic%20Pomegranate%20(Imported)%20food&tbm=isch"", ""View Image"")"
"pomegranate_var_1327","Asian Specialty Pomegranate (Select)","fruits","CURATED_KEYWORD_MATCH","NO - Curated","99%","https://images.unsplash.com/photo-1615485290382-441e4d049cb5?auto=format&fit=crop&w=800&q=80","Unsplash / Fresh Ruby Pomegranate Arils","https://www.google.com/search?q=Asian%20Specialty%20Pomegranate%20(Select)%20food&tbm=isch","=HYPERLINK(""https://www.google.com/search?q=Asian%20Specialty%20Pomegranate%20(Select)%20food&tbm=isch"", ""View Image"")"
"pomegranate_var_1328","European Heirloom Pomegranate (Artisanal)","fruits","CURATED_KEYWORD_MATCH","NO - Curated","99%","https://images.unsplash.com/photo-1615485290382-441e4d049cb5?auto=format&fit=crop&w=800&q=80","Unsplash / Fresh Ruby Pomegranate Arils","https://www.google.com/search?q=European%20Heirloom%20Pomegranate%20(Artisanal)%20food&tbm=isch","=HYPERLINK(""https://www.google.com/search?q=European%20Heirloom%20Pomegranate%20(Artisanal)%20food&tbm=isch"", ""View Image"")"
"pomegranate_var_1329","Farm-Fresh Premium Pomegranate (A-Grade)","fruits","CURATED_KEYWORD_MATCH","NO - Curated","99%","https://images.unsplash.com/photo-1615485290382-441e4d049cb5?auto=format&fit=crop&w=800&q=80","Unsplash / Fresh Ruby Pomegranate Arils","https://www.google.com/search?q=Farm-Fresh%20Premium%20Pomegranate%20(A-Grade)%20food&tbm=isch","=HYPERLINK(""https://www.google.com/search?q=Farm-Fresh%20Premium%20Pomegranate%20(A-Grade)%20food&tbm=isch"", ""View Image"")"
"pomegranate_var_1330","Wild-Harvested Pomegranate (Pure)","fruits","CURATED_KEYWORD_MATCH","NO - Curated","99%","https://images.unsplash.com/photo-1615485290382-441e4d049cb5?auto=format&fit=crop&w=800&q=80","Unsplash / Fresh Ruby Pomegranate Arils","https://www.google.com/search?q=Wild-Harvested%20Pomegranate%20(Pure)%20food&tbm=isch","=HYPERLINK(""https://www.google.com/search?q=Wild-Harvested%20Pomegranate%20(Pure)%20food&tbm=isch"", ""View Image"")"
"amla__indian_gooseberry_","Amla (Indian Gooseberry)","fruits","CURATED_KEYWORD_MATCH","NO - Curated","99%","https://images.unsplash.com/photo-1601055283742-8b27e81b5553?auto=format&fit=crop&w=800&q=80","Wikimedia Commons / Fresh Indian Gooseberry (Amla)","https://www.google.com/search?q=Amla%20(Indian%20Gooseberry)%20food&tbm=isch","=HYPERLINK(""https://www.google.com/search?q=Amla%20(Indian%20Gooseberry)%20food&tbm=isch"", ""View Image"")"
"amla__indian_gooseberry__var_1331","Fresh Organic Amla (Indian Gooseberry)","fruits","CURATED_KEYWORD_MATCH","NO - Curated","99%","https://images.unsplash.com/photo-1601055283742-8b27e81b5553?auto=format&fit=crop&w=800&q=80","Wikimedia Commons / Fresh Indian Gooseberry (Amla)","https://www.google.com/search?q=Fresh%20Organic%20Amla%20(Indian%20Gooseberry)%20food&tbm=isch","=HYPERLINK(""https://www.google.com/search?q=Fresh%20Organic%20Amla%20(Indian%20Gooseberry)%20food&tbm=isch"", ""View Image"")"
"amla__indian_gooseberry__var_1332","Sun-Dried Amla (Indian Gooseberry) (Dried)","fruits","CURATED_KEYWORD_MATCH","NO - Curated","99%","https://images.unsplash.com/photo-1601055283742-8b27e81b5553?auto=format&fit=crop&w=800&q=80","Wikimedia Commons / Fresh Indian Gooseberry (Amla)","https://www.google.com/search?q=Sun-Dried%20Amla%20(Indian%20Gooseberry)%20(Dried)%20food&tbm=isch","=HYPERLINK(""https://www.google.com/search?q=Sun-Dried%20Amla%20(Indian%20Gooseberry)%20(Dried)%20food&tbm=isch"", ""View Image"")"
"amla__indian_gooseberry__var_1333","Himalayan Grade Amla (Indian Gooseberry) (Special)","fruits","CURATED_KEYWORD_MATCH","NO - Curated","99%","https://images.unsplash.com/photo-1601055283742-8b27e81b5553?auto=format&fit=crop&w=800&q=80","Wikimedia Commons / Fresh Indian Gooseberry (Amla)","https://www.google.com/search?q=Himalayan%20Grade%20Amla%20(Indian%20Gooseberry)%20(Special)%20food&tbm=isch","=HYPERLINK(""https://www.google.com/search?q=Himalayan%20Grade%20Amla%20(Indian%20Gooseberry)%20(Special)%20food&tbm=isch"", ""View Image"")"
"amla__indian_gooseberry__var_1334","South Indian Amla (Indian Gooseberry) (Traditional)","fruits","CURATED_KEYWORD_MATCH","NO - Curated","99%","https://images.unsplash.com/photo-1601055283742-8b27e81b5553?auto=format&fit=crop&w=800&q=80","Wikimedia Commons / Fresh Indian Gooseberry (Amla)","https://www.google.com/search?q=South%20Indian%20Amla%20(Indian%20Gooseberry)%20(Traditional)%20food&tbm=isch","=HYPERLINK(""https://www.google.com/search?q=South%20Indian%20Amla%20(Indian%20Gooseberry)%20(Traditional)%20food&tbm=isch"", ""View Image"")"
"amla__indian_gooseberry__var_1335","North Indian Style Amla (Indian Gooseberry) (Spiced)","fruits","CURATED_KEYWORD_MATCH","NO - Curated","99%","https://images.unsplash.com/photo-1601055283742-8b27e81b5553?auto=format&fit=crop&w=800&q=80","Wikimedia Commons / Fresh Indian Gooseberry (Amla)","https://www.google.com/search?q=North%20Indian%20Style%20Amla%20(Indian%20Gooseberry)%20(Spiced)%20food&tbm=isch","=HYPERLINK(""https://www.google.com/search?q=North%20Indian%20Style%20Amla%20(Indian%20Gooseberry)%20(Spiced)%20food&tbm=isch"", ""View Image"")"
"amla__indian_gooseberry__var_1336","Mediterranean Classic Amla (Indian Gooseberry) (Imported)","fruits","CURATED_KEYWORD_MATCH","NO - Curated","99%","https://images.unsplash.com/photo-1601055283742-8b27e81b5553?auto=format&fit=crop&w=800&q=80","Wikimedia Commons / Fresh Indian Gooseberry (Amla)","https://www.google.com/search?q=Mediterranean%20Classic%20Amla%20(Indian%20Gooseberry)%20(Imported)%20food&tbm=isch","=HYPERLINK(""https://www.google.com/search?q=Mediterranean%20Classic%20Amla%20(Indian%20Gooseberry)%20(Imported)%20food&tbm=isch"", ""View Image"")"
"amla__indian_gooseberry__var_1337","Asian Specialty Amla (Indian Gooseberry) (Select)","fruits","CURATED_KEYWORD_MATCH","NO - Curated","99%","https://images.unsplash.com/photo-1601055283742-8b27e81b5553?auto=format&fit=crop&w=800&q=80","Wikimedia Commons / Fresh Indian Gooseberry (Amla)","https://www.google.com/search?q=Asian%20Specialty%20Amla%20(Indian%20Gooseberry)%20(Select)%20food&tbm=isch","=HYPERLINK(""https://www.google.com/search?q=Asian%20Specialty%20Amla%20(Indian%20Gooseberry)%20(Select)%20food&tbm=isch"", ""View Image"")"
"amla__indian_gooseberry__var_1338","European Heirloom Amla (Indian Gooseberry) (Artisanal)","fruits","CURATED_KEYWORD_MATCH","NO - Curated","99%","https://images.unsplash.com/photo-1601055283742-8b27e81b5553?auto=format&fit=crop&w=800&q=80","Wikimedia Commons / Fresh Indian Gooseberry (Amla)","https://www.google.com/search?q=European%20Heirloom%20Amla%20(Indian%20Gooseberry)%20(Artisanal)%20food&tbm=isch","=HYPERLINK(""https://www.google.com/search?q=European%20Heirloom%20Amla%20(Indian%20Gooseberry)%20(Artisanal)%20food&tbm=isch"", ""View Image"")"
"amla__indian_gooseberry__var_1339","Farm-Fresh Premium Amla (Indian Gooseberry) (A-Grade)","fruits","CURATED_KEYWORD_MATCH","NO - Curated","99%","https://images.unsplash.com/photo-1601055283742-8b27e81b5553?auto=format&fit=crop&w=800&q=80","Wikimedia Commons / Fresh Indian Gooseberry (Amla)","https://www.google.com/search?q=Farm-Fresh%20Premium%20Amla%20(Indian%20Gooseberry)%20(A-Grade)%20food&tbm=isch","=HYPERLINK(""https://www.google.com/search?q=Farm-Fresh%20Premium%20Amla%20(Indian%20Gooseberry)%20(A-Grade)%20food&tbm=isch"", ""View Image"")"
"amla__indian_gooseberry__var_1340","Wild-Harvested Amla (Indian Gooseberry) (Pure)","fruits","CURATED_KEYWORD_MATCH","NO - Curated","99%","https://images.unsplash.com/photo-1601055283742-8b27e81b5553?auto=format&fit=crop&w=800&q=80","Wikimedia Commons / Fresh Indian Gooseberry (Amla)","https://www.google.com/search?q=Wild-Harvested%20Amla%20(Indian%20Gooseberry)%20(Pure)%20food&tbm=isch","=HYPERLINK(""https://www.google.com/search?q=Wild-Harvested%20Amla%20(Indian%20Gooseberry)%20(Pure)%20food&tbm=isch"", ""View Image"")"
"jackfruit_var_1341","Fresh Organic Jackfruit","fruits","CURATED_KEYWORD_MATCH","NO - Curated","99%","https://images.unsplash.com/photo-1591068243886-d8bea9f5c491?auto=format&fit=crop&w=800&q=80","Unsplash / Fresh Jackfruit Bulbs","https://www.google.com/search?q=Fresh%20Organic%20Jackfruit%20food&tbm=isch","=HYPERLINK(""https://www.google.com/search?q=Fresh%20Organic%20Jackfruit%20food&tbm=isch"", ""View Image"")"
"jackfruit_var_1342","Sun-Dried Jackfruit (Dried)","fruits","CURATED_KEYWORD_MATCH","NO - Curated","99%","https://images.unsplash.com/photo-1591068243886-d8bea9f5c491?auto=format&fit=crop&w=800&q=80","Unsplash / Fresh Jackfruit Bulbs","https://www.google.com/search?q=Sun-Dried%20Jackfruit%20(Dried)%20food&tbm=isch","=HYPERLINK(""https://www.google.com/search?q=Sun-Dried%20Jackfruit%20(Dried)%20food&tbm=isch"", ""View Image"")"
"jackfruit_var_1343","Himalayan Grade Jackfruit (Special)","fruits","CURATED_KEYWORD_MATCH","NO - Curated","99%","https://images.unsplash.com/photo-1591068243886-d8bea9f5c491?auto=format&fit=crop&w=800&q=80","Unsplash / Fresh Jackfruit Bulbs","https://www.google.com/search?q=Himalayan%20Grade%20Jackfruit%20(Special)%20food&tbm=isch","=HYPERLINK(""https://www.google.com/search?q=Himalayan%20Grade%20Jackfruit%20(Special)%20food&tbm=isch"", ""View Image"")"
"jackfruit_var_1344","South Indian Jackfruit (Traditional)","fruits","CURATED_KEYWORD_MATCH","NO - Curated","99%","https://images.unsplash.com/photo-1591068243886-d8bea9f5c491?auto=format&fit=crop&w=800&q=80","Unsplash / Fresh Jackfruit Bulbs","https://www.google.com/search?q=South%20Indian%20Jackfruit%20(Traditional)%20food&tbm=isch","=HYPERLINK(""https://www.google.com/search?q=South%20Indian%20Jackfruit%20(Traditional)%20food&tbm=isch"", ""View Image"")"
"jackfruit_var_1345","North Indian Style Jackfruit (Spiced)","fruits","CURATED_KEYWORD_MATCH","NO - Curated","99%","https://images.unsplash.com/photo-1591068243886-d8bea9f5c491?auto=format&fit=crop&w=800&q=80","Unsplash / Fresh Jackfruit Bulbs","https://www.google.com/search?q=North%20Indian%20Style%20Jackfruit%20(Spiced)%20food&tbm=isch","=HYPERLINK(""https://www.google.com/search?q=North%20Indian%20Style%20Jackfruit%20(Spiced)%20food&tbm=isch"", ""View Image"")"
"jackfruit_var_1346","Mediterranean Classic Jackfruit (Imported)","fruits","CURATED_KEYWORD_MATCH","NO - Curated","99%","https://images.unsplash.com/photo-1591068243886-d8bea9f5c491?auto=format&fit=crop&w=800&q=80","Unsplash / Fresh Jackfruit Bulbs","https://www.google.com/search?q=Mediterranean%20Classic%20Jackfruit%20(Imported)%20food&tbm=isch","=HYPERLINK(""https://www.google.com/search?q=Mediterranean%20Classic%20Jackfruit%20(Imported)%20food&tbm=isch"", ""View Image"")"
"jackfruit_var_1347","Asian Specialty Jackfruit (Select)","fruits","CURATED_KEYWORD_MATCH","NO - Curated","99%","https://images.unsplash.com/photo-1591068243886-d8bea9f5c491?auto=format&fit=crop&w=800&q=80","Unsplash / Fresh Jackfruit Bulbs","https://www.google.com/search?q=Asian%20Specialty%20Jackfruit%20(Select)%20food&tbm=isch","=HYPERLINK(""https://www.google.com/search?q=Asian%20Specialty%20Jackfruit%20(Select)%20food&tbm=isch"", ""View Image"")"
"jackfruit_var_1348","European Heirloom Jackfruit (Artisanal)","fruits","CURATED_KEYWORD_MATCH","NO - Curated","99%","https://images.unsplash.com/photo-1591068243886-d8bea9f5c491?auto=format&fit=crop&w=800&q=80","Unsplash / Fresh Jackfruit Bulbs","https://www.google.com/search?q=European%20Heirloom%20Jackfruit%20(Artisanal)%20food&tbm=isch","=HYPERLINK(""https://www.google.com/search?q=European%20Heirloom%20Jackfruit%20(Artisanal)%20food&tbm=isch"", ""View Image"")"
"jackfruit_var_1349","Farm-Fresh Premium Jackfruit (A-Grade)","fruits","CURATED_KEYWORD_MATCH","NO - Curated","99%","https://images.unsplash.com/photo-1591068243886-d8bea9f5c491?auto=format&fit=crop&w=800&q=80","Unsplash / Fresh Jackfruit Bulbs","https://www.google.com/search?q=Farm-Fresh%20Premium%20Jackfruit%20(A-Grade)%20food&tbm=isch","=HYPERLINK(""https://www.google.com/search?q=Farm-Fresh%20Premium%20Jackfruit%20(A-Grade)%20food&tbm=isch"", ""View Image"")"
"jackfruit_var_1350","Wild-Harvested Jackfruit (Pure)","fruits","CURATED_KEYWORD_MATCH","NO - Curated","99%","https://images.unsplash.com/photo-1591068243886-d8bea9f5c491?auto=format&fit=crop&w=800&q=80","Unsplash / Fresh Jackfruit Bulbs","https://www.google.com/search?q=Wild-Harvested%20Jackfruit%20(Pure)%20food&tbm=isch","=HYPERLINK(""https://www.google.com/search?q=Wild-Harvested%20Jackfruit%20(Pure)%20food&tbm=isch"", ""View Image"")"
"custard_apple__sitaphal_","Custard Apple (Sitaphal)","fruits","CURATED_KEYWORD_MATCH","NO - Curated","99%","https://images.unsplash.com/photo-1560806887-1e4cd0b6cbd6?auto=format&fit=crop&w=800&q=80","Unsplash / Fresh Crisp Apple","https://www.google.com/search?q=Custard%20Apple%20(Sitaphal)%20food&tbm=isch","=HYPERLINK(""https://www.google.com/search?q=Custard%20Apple%20(Sitaphal)%20food&tbm=isch"", ""View Image"")"
"custard_apple__sitaphal__var_1351","Fresh Organic Custard Apple (Sitaphal)","fruits","CURATED_KEYWORD_MATCH","NO - Curated","99%","https://images.unsplash.com/photo-1560806887-1e4cd0b6cbd6?auto=format&fit=crop&w=800&q=80","Unsplash / Fresh Crisp Apple","https://www.google.com/search?q=Fresh%20Organic%20Custard%20Apple%20(Sitaphal)%20food&tbm=isch","=HYPERLINK(""https://www.google.com/search?q=Fresh%20Organic%20Custard%20Apple%20(Sitaphal)%20food&tbm=isch"", ""View Image"")"
"custard_apple__sitaphal__var_1352","Sun-Dried Custard Apple (Sitaphal) (Dried)","fruits","CURATED_KEYWORD_MATCH","NO - Curated","99%","https://images.unsplash.com/photo-1560806887-1e4cd0b6cbd6?auto=format&fit=crop&w=800&q=80","Unsplash / Fresh Crisp Apple","https://www.google.com/search?q=Sun-Dried%20Custard%20Apple%20(Sitaphal)%20(Dried)%20food&tbm=isch","=HYPERLINK(""https://www.google.com/search?q=Sun-Dried%20Custard%20Apple%20(Sitaphal)%20(Dried)%20food&tbm=isch"", ""View Image"")"
"custard_apple__sitaphal__var_1353","Himalayan Grade Custard Apple (Sitaphal) (Special)","fruits","CURATED_KEYWORD_MATCH","NO - Curated","99%","https://images.unsplash.com/photo-1560806887-1e4cd0b6cbd6?auto=format&fit=crop&w=800&q=80","Unsplash / Fresh Crisp Apple","https://www.google.com/search?q=Himalayan%20Grade%20Custard%20Apple%20(Sitaphal)%20(Special)%20food&tbm=isch","=HYPERLINK(""https://www.google.com/search?q=Himalayan%20Grade%20Custard%20Apple%20(Sitaphal)%20(Special)%20food&tbm=isch"", ""View Image"")"
"custard_apple__sitaphal__var_1354","South Indian Custard Apple (Sitaphal) (Traditional)","fruits","CURATED_KEYWORD_MATCH","NO - Curated","99%","https://images.unsplash.com/photo-1560806887-1e4cd0b6cbd6?auto=format&fit=crop&w=800&q=80","Unsplash / Fresh Crisp Apple","https://www.google.com/search?q=South%20Indian%20Custard%20Apple%20(Sitaphal)%20(Traditional)%20food&tbm=isch","=HYPERLINK(""https://www.google.com/search?q=South%20Indian%20Custard%20Apple%20(Sitaphal)%20(Traditional)%20food&tbm=isch"", ""View Image"")"
"custard_apple__sitaphal__var_1355","North Indian Style Custard Apple (Sitaphal) (Spiced)","fruits","CURATED_KEYWORD_MATCH","NO - Curated","99%","https://images.unsplash.com/photo-1560806887-1e4cd0b6cbd6?auto=format&fit=crop&w=800&q=80","Unsplash / Fresh Crisp Apple","https://www.google.com/search?q=North%20Indian%20Style%20Custard%20Apple%20(Sitaphal)%20(Spiced)%20food&tbm=isch","=HYPERLINK(""https://www.google.com/search?q=North%20Indian%20Style%20Custard%20Apple%20(Sitaphal)%20(Spiced)%20food&tbm=isch"", ""View Image"")"
"custard_apple__sitaphal__var_1356","Mediterranean Classic Custard Apple (Sitaphal) (Imported)","fruits","CURATED_KEYWORD_MATCH","NO - Curated","99%","https://images.unsplash.com/photo-1560806887-1e4cd0b6cbd6?auto=format&fit=crop&w=800&q=80","Unsplash / Fresh Crisp Apple","https://www.google.com/search?q=Mediterranean%20Classic%20Custard%20Apple%20(Sitaphal)%20(Imported)%20food&tbm=isch","=HYPERLINK(""https://www.google.com/search?q=Mediterranean%20Classic%20Custard%20Apple%20(Sitaphal)%20(Imported)%20food&tbm=isch"", ""View Image"")"
"custard_apple__sitaphal__var_1357","Asian Specialty Custard Apple (Sitaphal) (Select)","fruits","CURATED_KEYWORD_MATCH","NO - Curated","99%","https://images.unsplash.com/photo-1560806887-1e4cd0b6cbd6?auto=format&fit=crop&w=800&q=80","Unsplash / Fresh Crisp Apple","https://www.google.com/search?q=Asian%20Specialty%20Custard%20Apple%20(Sitaphal)%20(Select)%20food&tbm=isch","=HYPERLINK(""https://www.google.com/search?q=Asian%20Specialty%20Custard%20Apple%20(Sitaphal)%20(Select)%20food&tbm=isch"", ""View Image"")"
"custard_apple__sitaphal__var_1358","European Heirloom Custard Apple (Sitaphal) (Artisanal)","fruits","CURATED_KEYWORD_MATCH","NO - Curated","99%","https://images.unsplash.com/photo-1560806887-1e4cd0b6cbd6?auto=format&fit=crop&w=800&q=80","Unsplash / Fresh Crisp Apple","https://www.google.com/search?q=European%20Heirloom%20Custard%20Apple%20(Sitaphal)%20(Artisanal)%20food&tbm=isch","=HYPERLINK(""https://www.google.com/search?q=European%20Heirloom%20Custard%20Apple%20(Sitaphal)%20(Artisanal)%20food&tbm=isch"", ""View Image"")"
"custard_apple__sitaphal__var_1359","Farm-Fresh Premium Custard Apple (Sitaphal) (A-Grade)","fruits","CURATED_KEYWORD_MATCH","NO - Curated","99%","https://images.unsplash.com/photo-1560806887-1e4cd0b6cbd6?auto=format&fit=crop&w=800&q=80","Unsplash / Fresh Crisp Apple","https://www.google.com/search?q=Farm-Fresh%20Premium%20Custard%20Apple%20(Sitaphal)%20(A-Grade)%20food&tbm=isch","=HYPERLINK(""https://www.google.com/search?q=Farm-Fresh%20Premium%20Custard%20Apple%20(Sitaphal)%20(A-Grade)%20food&tbm=isch"", ""View Image"")"
"custard_apple__sitaphal__var_1360","Wild-Harvested Custard Apple (Sitaphal) (Pure)","fruits","CURATED_KEYWORD_MATCH","NO - Curated","99%","https://images.unsplash.com/photo-1560806887-1e4cd0b6cbd6?auto=format&fit=crop&w=800&q=80","Unsplash / Fresh Crisp Apple","https://www.google.com/search?q=Wild-Harvested%20Custard%20Apple%20(Sitaphal)%20(Pure)%20food&tbm=isch","=HYPERLINK(""https://www.google.com/search?q=Wild-Harvested%20Custard%20Apple%20(Sitaphal)%20(Pure)%20food&tbm=isch"", ""View Image"")"
"sapodilla__chiku_","Sapodilla (Chiku)","fruits","CURATED_KEYWORD_MATCH","NO - Curated","99%","https://images.unsplash.com/photo-1591068243886-d8bea9f5c491?auto=format&fit=crop&w=800&q=80","Wikimedia / Ripe Sapodilla (Chikoo)","https://www.google.com/search?q=Sapodilla%20(Chiku)%20food&tbm=isch","=HYPERLINK(""https://www.google.com/search?q=Sapodilla%20(Chiku)%20food&tbm=isch"", ""View Image"")"
"sapodilla__chiku__var_1361","Fresh Organic Sapodilla (Chiku)","fruits","CURATED_KEYWORD_MATCH","NO - Curated","99%","https://images.unsplash.com/photo-1591068243886-d8bea9f5c491?auto=format&fit=crop&w=800&q=80","Wikimedia / Ripe Sapodilla (Chikoo)","https://www.google.com/search?q=Fresh%20Organic%20Sapodilla%20(Chiku)%20food&tbm=isch","=HYPERLINK(""https://www.google.com/search?q=Fresh%20Organic%20Sapodilla%20(Chiku)%20food&tbm=isch"", ""View Image"")"
"sapodilla__chiku__var_1362","Sun-Dried Sapodilla (Chiku) (Dried)","fruits","CURATED_KEYWORD_MATCH","NO - Curated","99%","https://images.unsplash.com/photo-1591068243886-d8bea9f5c491?auto=format&fit=crop&w=800&q=80","Wikimedia / Ripe Sapodilla (Chikoo)","https://www.google.com/search?q=Sun-Dried%20Sapodilla%20(Chiku)%20(Dried)%20food&tbm=isch","=HYPERLINK(""https://www.google.com/search?q=Sun-Dried%20Sapodilla%20(Chiku)%20(Dried)%20food&tbm=isch"", ""View Image"")"
"sapodilla__chiku__var_1363","Himalayan Grade Sapodilla (Chiku) (Special)","fruits","CURATED_KEYWORD_MATCH","NO - Curated","99%","https://images.unsplash.com/photo-1591068243886-d8bea9f5c491?auto=format&fit=crop&w=800&q=80","Wikimedia / Ripe Sapodilla (Chikoo)","https://www.google.com/search?q=Himalayan%20Grade%20Sapodilla%20(Chiku)%20(Special)%20food&tbm=isch","=HYPERLINK(""https://www.google.com/search?q=Himalayan%20Grade%20Sapodilla%20(Chiku)%20(Special)%20food&tbm=isch"", ""View Image"")"
"sapodilla__chiku__var_1364","South Indian Sapodilla (Chiku) (Traditional)","fruits","CURATED_KEYWORD_MATCH","NO - Curated","99%","https://images.unsplash.com/photo-1591068243886-d8bea9f5c491?auto=format&fit=crop&w=800&q=80","Wikimedia / Ripe Sapodilla (Chikoo)","https://www.google.com/search?q=South%20Indian%20Sapodilla%20(Chiku)%20(Traditional)%20food&tbm=isch","=HYPERLINK(""https://www.google.com/search?q=South%20Indian%20Sapodilla%20(Chiku)%20(Traditional)%20food&tbm=isch"", ""View Image"")"
"sapodilla__chiku__var_1365","North Indian Style Sapodilla (Chiku) (Spiced)","fruits","CURATED_KEYWORD_MATCH","NO - Curated","99%","https://images.unsplash.com/photo-1591068243886-d8bea9f5c491?auto=format&fit=crop&w=800&q=80","Wikimedia / Ripe Sapodilla (Chikoo)","https://www.google.com/search?q=North%20Indian%20Style%20Sapodilla%20(Chiku)%20(Spiced)%20food&tbm=isch","=HYPERLINK(""https://www.google.com/search?q=North%20Indian%20Style%20Sapodilla%20(Chiku)%20(Spiced)%20food&tbm=isch"", ""View Image"")"
"sapodilla__chiku__var_1366","Mediterranean Classic Sapodilla (Chiku) (Imported)","fruits","CURATED_KEYWORD_MATCH","NO - Curated","99%","https://images.unsplash.com/photo-1591068243886-d8bea9f5c491?auto=format&fit=crop&w=800&q=80","Wikimedia / Ripe Sapodilla (Chikoo)","https://www.google.com/search?q=Mediterranean%20Classic%20Sapodilla%20(Chiku)%20(Imported)%20food&tbm=isch","=HYPERLINK(""https://www.google.com/search?q=Mediterranean%20Classic%20Sapodilla%20(Chiku)%20(Imported)%20food&tbm=isch"", ""View Image"")"
"sapodilla__chiku__var_1367","Asian Specialty Sapodilla (Chiku) (Select)","fruits","CURATED_KEYWORD_MATCH","NO - Curated","99%","https://images.unsplash.com/photo-1591068243886-d8bea9f5c491?auto=format&fit=crop&w=800&q=80","Wikimedia / Ripe Sapodilla (Chikoo)","https://www.google.com/search?q=Asian%20Specialty%20Sapodilla%20(Chiku)%20(Select)%20food&tbm=isch","=HYPERLINK(""https://www.google.com/search?q=Asian%20Specialty%20Sapodilla%20(Chiku)%20(Select)%20food&tbm=isch"", ""View Image"")"
"sapodilla__chiku__var_1368","European Heirloom Sapodilla (Chiku) (Artisanal)","fruits","CURATED_KEYWORD_MATCH","NO - Curated","99%","https://images.unsplash.com/photo-1591068243886-d8bea9f5c491?auto=format&fit=crop&w=800&q=80","Wikimedia / Ripe Sapodilla (Chikoo)","https://www.google.com/search?q=European%20Heirloom%20Sapodilla%20(Chiku)%20(Artisanal)%20food&tbm=isch","=HYPERLINK(""https://www.google.com/search?q=European%20Heirloom%20Sapodilla%20(Chiku)%20(Artisanal)%20food&tbm=isch"", ""View Image"")"
"sapodilla__chiku__var_1369","Farm-Fresh Premium Sapodilla (Chiku) (A-Grade)","fruits","CURATED_KEYWORD_MATCH","NO - Curated","99%","https://images.unsplash.com/photo-1591068243886-d8bea9f5c491?auto=format&fit=crop&w=800&q=80","Wikimedia / Ripe Sapodilla (Chikoo)","https://www.google.com/search?q=Farm-Fresh%20Premium%20Sapodilla%20(Chiku)%20(A-Grade)%20food&tbm=isch","=HYPERLINK(""https://www.google.com/search?q=Farm-Fresh%20Premium%20Sapodilla%20(Chiku)%20(A-Grade)%20food&tbm=isch"", ""View Image"")"
"sapodilla__chiku__var_1370","Wild-Harvested Sapodilla (Chiku) (Pure)","fruits","CURATED_KEYWORD_MATCH","NO - Curated","99%","https://images.unsplash.com/photo-1591068243886-d8bea9f5c491?auto=format&fit=crop&w=800&q=80","Wikimedia / Ripe Sapodilla (Chikoo)","https://www.google.com/search?q=Wild-Harvested%20Sapodilla%20(Chiku)%20(Pure)%20food&tbm=isch","=HYPERLINK(""https://www.google.com/search?q=Wild-Harvested%20Sapodilla%20(Chiku)%20(Pure)%20food&tbm=isch"", ""View Image"")"
"jamun__black_plum_","Jamun (Black Plum)","fruits","CURATED_KEYWORD_MATCH","NO - Curated","99%","https://images.unsplash.com/photo-1520188740392-665a13613329?auto=format&fit=crop&w=800&q=80","Unsplash / Ripe Purple Plums","https://www.google.com/search?q=Jamun%20(Black%20Plum)%20food&tbm=isch","=HYPERLINK(""https://www.google.com/search?q=Jamun%20(Black%20Plum)%20food&tbm=isch"", ""View Image"")"
"jamun__black_plum__var_1371","Fresh Organic Jamun (Black Plum)","fruits","CURATED_KEYWORD_MATCH","NO - Curated","99%","https://images.unsplash.com/photo-1520188740392-665a13613329?auto=format&fit=crop&w=800&q=80","Unsplash / Ripe Purple Plums","https://www.google.com/search?q=Fresh%20Organic%20Jamun%20(Black%20Plum)%20food&tbm=isch","=HYPERLINK(""https://www.google.com/search?q=Fresh%20Organic%20Jamun%20(Black%20Plum)%20food&tbm=isch"", ""View Image"")"
"jamun__black_plum__var_1372","Sun-Dried Jamun (Black Plum) (Dried)","fruits","CURATED_KEYWORD_MATCH","NO - Curated","99%","https://images.unsplash.com/photo-1520188740392-665a13613329?auto=format&fit=crop&w=800&q=80","Unsplash / Ripe Purple Plums","https://www.google.com/search?q=Sun-Dried%20Jamun%20(Black%20Plum)%20(Dried)%20food&tbm=isch","=HYPERLINK(""https://www.google.com/search?q=Sun-Dried%20Jamun%20(Black%20Plum)%20(Dried)%20food&tbm=isch"", ""View Image"")"
"jamun__black_plum__var_1373","Himalayan Grade Jamun (Black Plum) (Special)","fruits","CURATED_KEYWORD_MATCH","NO - Curated","99%","https://images.unsplash.com/photo-1520188740392-665a13613329?auto=format&fit=crop&w=800&q=80","Unsplash / Ripe Purple Plums","https://www.google.com/search?q=Himalayan%20Grade%20Jamun%20(Black%20Plum)%20(Special)%20food&tbm=isch","=HYPERLINK(""https://www.google.com/search?q=Himalayan%20Grade%20Jamun%20(Black%20Plum)%20(Special)%20food&tbm=isch"", ""View Image"")"
"jamun__black_plum__var_1374","South Indian Jamun (Black Plum) (Traditional)","fruits","CURATED_KEYWORD_MATCH","NO - Curated","99%","https://images.unsplash.com/photo-1520188740392-665a13613329?auto=format&fit=crop&w=800&q=80","Unsplash / Ripe Purple Plums","https://www.google.com/search?q=South%20Indian%20Jamun%20(Black%20Plum)%20(Traditional)%20food&tbm=isch","=HYPERLINK(""https://www.google.com/search?q=South%20Indian%20Jamun%20(Black%20Plum)%20(Traditional)%20food&tbm=isch"", ""View Image"")"
"jamun__black_plum__var_1375","North Indian Style Jamun (Black Plum) (Spiced)","fruits","CURATED_KEYWORD_MATCH","NO - Curated","99%","https://images.unsplash.com/photo-1520188740392-665a13613329?auto=format&fit=crop&w=800&q=80","Unsplash / Ripe Purple Plums","https://www.google.com/search?q=North%20Indian%20Style%20Jamun%20(Black%20Plum)%20(Spiced)%20food&tbm=isch","=HYPERLINK(""https://www.google.com/search?q=North%20Indian%20Style%20Jamun%20(Black%20Plum)%20(Spiced)%20food&tbm=isch"", ""View Image"")"
"jamun__black_plum__var_1376","Mediterranean Classic Jamun (Black Plum) (Imported)","fruits","CURATED_KEYWORD_MATCH","NO - Curated","99%","https://images.unsplash.com/photo-1520188740392-665a13613329?auto=format&fit=crop&w=800&q=80","Unsplash / Ripe Purple Plums","https://www.google.com/search?q=Mediterranean%20Classic%20Jamun%20(Black%20Plum)%20(Imported)%20food&tbm=isch","=HYPERLINK(""https://www.google.com/search?q=Mediterranean%20Classic%20Jamun%20(Black%20Plum)%20(Imported)%20food&tbm=isch"", ""View Image"")"
"jamun__black_plum__var_1377","Asian Specialty Jamun (Black Plum) (Select)","fruits","CURATED_KEYWORD_MATCH","NO - Curated","99%","https://images.unsplash.com/photo-1520188740392-665a13613329?auto=format&fit=crop&w=800&q=80","Unsplash / Ripe Purple Plums","https://www.google.com/search?q=Asian%20Specialty%20Jamun%20(Black%20Plum)%20(Select)%20food&tbm=isch","=HYPERLINK(""https://www.google.com/search?q=Asian%20Specialty%20Jamun%20(Black%20Plum)%20(Select)%20food&tbm=isch"", ""View Image"")"
"jamun__black_plum__var_1378","European Heirloom Jamun (Black Plum) (Artisanal)","fruits","CURATED_KEYWORD_MATCH","NO - Curated","99%","https://images.unsplash.com/photo-1520188740392-665a13613329?auto=format&fit=crop&w=800&q=80","Unsplash / Ripe Purple Plums","https://www.google.com/search?q=European%20Heirloom%20Jamun%20(Black%20Plum)%20(Artisanal)%20food&tbm=isch","=HYPERLINK(""https://www.google.com/search?q=European%20Heirloom%20Jamun%20(Black%20Plum)%20(Artisanal)%20food&tbm=isch"", ""View Image"")"
"jamun__black_plum__var_1379","Farm-Fresh Premium Jamun (Black Plum) (A-Grade)","fruits","CURATED_KEYWORD_MATCH","NO - Curated","99%","https://images.unsplash.com/photo-1520188740392-665a13613329?auto=format&fit=crop&w=800&q=80","Unsplash / Ripe Purple Plums","https://www.google.com/search?q=Farm-Fresh%20Premium%20Jamun%20(Black%20Plum)%20(A-Grade)%20food&tbm=isch","=HYPERLINK(""https://www.google.com/search?q=Farm-Fresh%20Premium%20Jamun%20(Black%20Plum)%20(A-Grade)%20food&tbm=isch"", ""View Image"")"
"jamun__black_plum__var_1380","Wild-Harvested Jamun (Black Plum) (Pure)","fruits","CURATED_KEYWORD_MATCH","NO - Curated","99%","https://images.unsplash.com/photo-1520188740392-665a13613329?auto=format&fit=crop&w=800&q=80","Unsplash / Ripe Purple Plums","https://www.google.com/search?q=Wild-Harvested%20Jamun%20(Black%20Plum)%20(Pure)%20food&tbm=isch","=HYPERLINK(""https://www.google.com/search?q=Wild-Harvested%20Jamun%20(Black%20Plum)%20(Pure)%20food&tbm=isch"", ""View Image"")"
"wood_apple__bael_","Wood Apple (Bael)","fruits","CURATED_KEYWORD_MATCH","NO - Curated","99%","https://images.unsplash.com/photo-1560806887-1e4cd0b6cbd6?auto=format&fit=crop&w=800&q=80","Unsplash / Fresh Crisp Apple","https://www.google.com/search?q=Wood%20Apple%20(Bael)%20food&tbm=isch","=HYPERLINK(""https://www.google.com/search?q=Wood%20Apple%20(Bael)%20food&tbm=isch"", ""View Image"")"
"wood_apple__bael__var_1381","Fresh Organic Wood Apple (Bael)","fruits","CURATED_KEYWORD_MATCH","NO - Curated","99%","https://images.unsplash.com/photo-1560806887-1e4cd0b6cbd6?auto=format&fit=crop&w=800&q=80","Unsplash / Fresh Crisp Apple","https://www.google.com/search?q=Fresh%20Organic%20Wood%20Apple%20(Bael)%20food&tbm=isch","=HYPERLINK(""https://www.google.com/search?q=Fresh%20Organic%20Wood%20Apple%20(Bael)%20food&tbm=isch"", ""View Image"")"
"wood_apple__bael__var_1382","Sun-Dried Wood Apple (Bael) (Dried)","fruits","CURATED_KEYWORD_MATCH","NO - Curated","99%","https://images.unsplash.com/photo-1560806887-1e4cd0b6cbd6?auto=format&fit=crop&w=800&q=80","Unsplash / Fresh Crisp Apple","https://www.google.com/search?q=Sun-Dried%20Wood%20Apple%20(Bael)%20(Dried)%20food&tbm=isch","=HYPERLINK(""https://www.google.com/search?q=Sun-Dried%20Wood%20Apple%20(Bael)%20(Dried)%20food&tbm=isch"", ""View Image"")"
"wood_apple__bael__var_1383","Himalayan Grade Wood Apple (Bael) (Special)","fruits","CURATED_KEYWORD_MATCH","NO - Curated","99%","https://images.unsplash.com/photo-1560806887-1e4cd0b6cbd6?auto=format&fit=crop&w=800&q=80","Unsplash / Fresh Crisp Apple","https://www.google.com/search?q=Himalayan%20Grade%20Wood%20Apple%20(Bael)%20(Special)%20food&tbm=isch","=HYPERLINK(""https://www.google.com/search?q=Himalayan%20Grade%20Wood%20Apple%20(Bael)%20(Special)%20food&tbm=isch"", ""View Image"")"
"wood_apple__bael__var_1384","South Indian Wood Apple (Bael) (Traditional)","fruits","CURATED_KEYWORD_MATCH","NO - Curated","99%","https://images.unsplash.com/photo-1560806887-1e4cd0b6cbd6?auto=format&fit=crop&w=800&q=80","Unsplash / Fresh Crisp Apple","https://www.google.com/search?q=South%20Indian%20Wood%20Apple%20(Bael)%20(Traditional)%20food&tbm=isch","=HYPERLINK(""https://www.google.com/search?q=South%20Indian%20Wood%20Apple%20(Bael)%20(Traditional)%20food&tbm=isch"", ""View Image"")"
"wood_apple__bael__var_1385","North Indian Style Wood Apple (Bael) (Spiced)","fruits","CURATED_KEYWORD_MATCH","NO - Curated","99%","https://images.unsplash.com/photo-1560806887-1e4cd0b6cbd6?auto=format&fit=crop&w=800&q=80","Unsplash / Fresh Crisp Apple","https://www.google.com/search?q=North%20Indian%20Style%20Wood%20Apple%20(Bael)%20(Spiced)%20food&tbm=isch","=HYPERLINK(""https://www.google.com/search?q=North%20Indian%20Style%20Wood%20Apple%20(Bael)%20(Spiced)%20food&tbm=isch"", ""View Image"")"
"wood_apple__bael__var_1386","Mediterranean Classic Wood Apple (Bael) (Imported)","fruits","CURATED_KEYWORD_MATCH","NO - Curated","99%","https://images.unsplash.com/photo-1560806887-1e4cd0b6cbd6?auto=format&fit=crop&w=800&q=80","Unsplash / Fresh Crisp Apple","https://www.google.com/search?q=Mediterranean%20Classic%20Wood%20Apple%20(Bael)%20(Imported)%20food&tbm=isch","=HYPERLINK(""https://www.google.com/search?q=Mediterranean%20Classic%20Wood%20Apple%20(Bael)%20(Imported)%20food&tbm=isch"", ""View Image"")"
"wood_apple__bael__var_1387","Asian Specialty Wood Apple (Bael) (Select)","fruits","CURATED_KEYWORD_MATCH","NO - Curated","99%","https://images.unsplash.com/photo-1560806887-1e4cd0b6cbd6?auto=format&fit=crop&w=800&q=80","Unsplash / Fresh Crisp Apple","https://www.google.com/search?q=Asian%20Specialty%20Wood%20Apple%20(Bael)%20(Select)%20food&tbm=isch","=HYPERLINK(""https://www.google.com/search?q=Asian%20Specialty%20Wood%20Apple%20(Bael)%20(Select)%20food&tbm=isch"", ""View Image"")"
"wood_apple__bael__var_1388","European Heirloom Wood Apple (Bael) (Artisanal)","fruits","CURATED_KEYWORD_MATCH","NO - Curated","99%","https://images.unsplash.com/photo-1560806887-1e4cd0b6cbd6?auto=format&fit=crop&w=800&q=80","Unsplash / Fresh Crisp Apple","https://www.google.com/search?q=European%20Heirloom%20Wood%20Apple%20(Bael)%20(Artisanal)%20food&tbm=isch","=HYPERLINK(""https://www.google.com/search?q=European%20Heirloom%20Wood%20Apple%20(Bael)%20(Artisanal)%20food&tbm=isch"", ""View Image"")"
"wood_apple__bael__var_1389","Farm-Fresh Premium Wood Apple (Bael) (A-Grade)","fruits","CURATED_KEYWORD_MATCH","NO - Curated","99%","https://images.unsplash.com/photo-1560806887-1e4cd0b6cbd6?auto=format&fit=crop&w=800&q=80","Unsplash / Fresh Crisp Apple","https://www.google.com/search?q=Farm-Fresh%20Premium%20Wood%20Apple%20(Bael)%20(A-Grade)%20food&tbm=isch","=HYPERLINK(""https://www.google.com/search?q=Farm-Fresh%20Premium%20Wood%20Apple%20(Bael)%20(A-Grade)%20food&tbm=isch"", ""View Image"")"
"wood_apple__bael__var_1390","Wild-Harvested Wood Apple (Bael) (Pure)","fruits","CURATED_KEYWORD_MATCH","NO - Curated","99%","https://images.unsplash.com/photo-1560806887-1e4cd0b6cbd6?auto=format&fit=crop&w=800&q=80","Unsplash / Fresh Crisp Apple","https://www.google.com/search?q=Wild-Harvested%20Wood%20Apple%20(Bael)%20(Pure)%20food&tbm=isch","=HYPERLINK(""https://www.google.com/search?q=Wild-Harvested%20Wood%20Apple%20(Bael)%20(Pure)%20food&tbm=isch"", ""View Image"")"
"kiwi__gold_","Kiwi (Gold)","fruits","CURATED_KEYWORD_MATCH","NO - Curated","99%","https://images.unsplash.com/photo-1585059819970-313686321946?auto=format&fit=crop&w=800&q=80","Unsplash / Fresh Green Kiwi Slices","https://www.google.com/search?q=Kiwi%20(Gold)%20food&tbm=isch","=HYPERLINK(""https://www.google.com/search?q=Kiwi%20(Gold)%20food&tbm=isch"", ""View Image"")"
"kiwi__gold__var_1391","Fresh Organic Kiwi (Gold)","fruits","CURATED_KEYWORD_MATCH","NO - Curated","99%","https://images.unsplash.com/photo-1585059819970-313686321946?auto=format&fit=crop&w=800&q=80","Unsplash / Fresh Green Kiwi Slices","https://www.google.com/search?q=Fresh%20Organic%20Kiwi%20(Gold)%20food&tbm=isch","=HYPERLINK(""https://www.google.com/search?q=Fresh%20Organic%20Kiwi%20(Gold)%20food&tbm=isch"", ""View Image"")"
"kiwi__gold__var_1392","Sun-Dried Kiwi (Gold) (Dried)","fruits","CURATED_KEYWORD_MATCH","NO - Curated","99%","https://images.unsplash.com/photo-1585059819970-313686321946?auto=format&fit=crop&w=800&q=80","Unsplash / Fresh Green Kiwi Slices","https://www.google.com/search?q=Sun-Dried%20Kiwi%20(Gold)%20(Dried)%20food&tbm=isch","=HYPERLINK(""https://www.google.com/search?q=Sun-Dried%20Kiwi%20(Gold)%20(Dried)%20food&tbm=isch"", ""View Image"")"
"kiwi__gold__var_1393","Himalayan Grade Kiwi (Gold) (Special)","fruits","CURATED_KEYWORD_MATCH","NO - Curated","99%","https://images.unsplash.com/photo-1585059819970-313686321946?auto=format&fit=crop&w=800&q=80","Unsplash / Fresh Green Kiwi Slices","https://www.google.com/search?q=Himalayan%20Grade%20Kiwi%20(Gold)%20(Special)%20food&tbm=isch","=HYPERLINK(""https://www.google.com/search?q=Himalayan%20Grade%20Kiwi%20(Gold)%20(Special)%20food&tbm=isch"", ""View Image"")"
"kiwi__gold__var_1394","South Indian Kiwi (Gold) (Traditional)","fruits","CURATED_KEYWORD_MATCH","NO - Curated","99%","https://images.unsplash.com/photo-1585059819970-313686321946?auto=format&fit=crop&w=800&q=80","Unsplash / Fresh Green Kiwi Slices","https://www.google.com/search?q=South%20Indian%20Kiwi%20(Gold)%20(Traditional)%20food&tbm=isch","=HYPERLINK(""https://www.google.com/search?q=South%20Indian%20Kiwi%20(Gold)%20(Traditional)%20food&tbm=isch"", ""View Image"")"
"kiwi__gold__var_1395","North Indian Style Kiwi (Gold) (Spiced)","fruits","CURATED_KEYWORD_MATCH","NO - Curated","99%","https://images.unsplash.com/photo-1585059819970-313686321946?auto=format&fit=crop&w=800&q=80","Unsplash / Fresh Green Kiwi Slices","https://www.google.com/search?q=North%20Indian%20Style%20Kiwi%20(Gold)%20(Spiced)%20food&tbm=isch","=HYPERLINK(""https://www.google.com/search?q=North%20Indian%20Style%20Kiwi%20(Gold)%20(Spiced)%20food&tbm=isch"", ""View Image"")"
"kiwi__gold__var_1396","Mediterranean Classic Kiwi (Gold) (Imported)","fruits","CURATED_KEYWORD_MATCH","NO - Curated","99%","https://images.unsplash.com/photo-1585059819970-313686321946?auto=format&fit=crop&w=800&q=80","Unsplash / Fresh Green Kiwi Slices","https://www.google.com/search?q=Mediterranean%20Classic%20Kiwi%20(Gold)%20(Imported)%20food&tbm=isch","=HYPERLINK(""https://www.google.com/search?q=Mediterranean%20Classic%20Kiwi%20(Gold)%20(Imported)%20food&tbm=isch"", ""View Image"")"
"kiwi__gold__var_1397","Asian Specialty Kiwi (Gold) (Select)","fruits","CURATED_KEYWORD_MATCH","NO - Curated","99%","https://images.unsplash.com/photo-1585059819970-313686321946?auto=format&fit=crop&w=800&q=80","Unsplash / Fresh Green Kiwi Slices","https://www.google.com/search?q=Asian%20Specialty%20Kiwi%20(Gold)%20(Select)%20food&tbm=isch","=HYPERLINK(""https://www.google.com/search?q=Asian%20Specialty%20Kiwi%20(Gold)%20(Select)%20food&tbm=isch"", ""View Image"")"
"kiwi__gold__var_1398","European Heirloom Kiwi (Gold) (Artisanal)","fruits","CURATED_KEYWORD_MATCH","NO - Curated","99%","https://images.unsplash.com/photo-1585059819970-313686321946?auto=format&fit=crop&w=800&q=80","Unsplash / Fresh Green Kiwi Slices","https://www.google.com/search?q=European%20Heirloom%20Kiwi%20(Gold)%20(Artisanal)%20food&tbm=isch","=HYPERLINK(""https://www.google.com/search?q=European%20Heirloom%20Kiwi%20(Gold)%20(Artisanal)%20food&tbm=isch"", ""View Image"")"
"kiwi__gold__var_1399","Farm-Fresh Premium Kiwi (Gold) (A-Grade)","fruits","CURATED_KEYWORD_MATCH","NO - Curated","99%","https://images.unsplash.com/photo-1585059819970-313686321946?auto=format&fit=crop&w=800&q=80","Unsplash / Fresh Green Kiwi Slices","https://www.google.com/search?q=Farm-Fresh%20Premium%20Kiwi%20(Gold)%20(A-Grade)%20food&tbm=isch","=HYPERLINK(""https://www.google.com/search?q=Farm-Fresh%20Premium%20Kiwi%20(Gold)%20(A-Grade)%20food&tbm=isch"", ""View Image"")"
"kiwi__gold__var_1400","Wild-Harvested Kiwi (Gold) (Pure)","fruits","CURATED_KEYWORD_MATCH","NO - Curated","99%","https://images.unsplash.com/photo-1585059819970-313686321946?auto=format&fit=crop&w=800&q=80","Unsplash / Fresh Green Kiwi Slices","https://www.google.com/search?q=Wild-Harvested%20Kiwi%20(Gold)%20(Pure)%20food&tbm=isch","=HYPERLINK(""https://www.google.com/search?q=Wild-Harvested%20Kiwi%20(Gold)%20(Pure)%20food&tbm=isch"", ""View Image"")"
"green_kiwi","Green Kiwi","fruits","CURATED_KEYWORD_MATCH","NO - Curated","99%","https://images.unsplash.com/photo-1585059819970-313686321946?auto=format&fit=crop&w=800&q=80","Unsplash / Fresh Green Kiwi Slices","https://www.google.com/search?q=Green%20Kiwi%20food&tbm=isch","=HYPERLINK(""https://www.google.com/search?q=Green%20Kiwi%20food&tbm=isch"", ""View Image"")"
"green_kiwi_var_1401","Fresh Organic Green Kiwi","fruits","CURATED_KEYWORD_MATCH","NO - Curated","99%","https://images.unsplash.com/photo-1585059819970-313686321946?auto=format&fit=crop&w=800&q=80","Unsplash / Fresh Green Kiwi Slices","https://www.google.com/search?q=Fresh%20Organic%20Green%20Kiwi%20food&tbm=isch","=HYPERLINK(""https://www.google.com/search?q=Fresh%20Organic%20Green%20Kiwi%20food&tbm=isch"", ""View Image"")"
"green_kiwi_var_1402","Sun-Dried Green Kiwi (Dried)","fruits","CURATED_KEYWORD_MATCH","NO - Curated","99%","https://images.unsplash.com/photo-1585059819970-313686321946?auto=format&fit=crop&w=800&q=80","Unsplash / Fresh Green Kiwi Slices","https://www.google.com/search?q=Sun-Dried%20Green%20Kiwi%20(Dried)%20food&tbm=isch","=HYPERLINK(""https://www.google.com/search?q=Sun-Dried%20Green%20Kiwi%20(Dried)%20food&tbm=isch"", ""View Image"")"
"green_kiwi_var_1403","Himalayan Grade Green Kiwi (Special)","fruits","CURATED_KEYWORD_MATCH","NO - Curated","99%","https://images.unsplash.com/photo-1585059819970-313686321946?auto=format&fit=crop&w=800&q=80","Unsplash / Fresh Green Kiwi Slices","https://www.google.com/search?q=Himalayan%20Grade%20Green%20Kiwi%20(Special)%20food&tbm=isch","=HYPERLINK(""https://www.google.com/search?q=Himalayan%20Grade%20Green%20Kiwi%20(Special)%20food&tbm=isch"", ""View Image"")"
"green_kiwi_var_1404","South Indian Green Kiwi (Traditional)","fruits","CURATED_KEYWORD_MATCH","NO - Curated","99%","https://images.unsplash.com/photo-1585059819970-313686321946?auto=format&fit=crop&w=800&q=80","Unsplash / Fresh Green Kiwi Slices","https://www.google.com/search?q=South%20Indian%20Green%20Kiwi%20(Traditional)%20food&tbm=isch","=HYPERLINK(""https://www.google.com/search?q=South%20Indian%20Green%20Kiwi%20(Traditional)%20food&tbm=isch"", ""View Image"")"
"green_kiwi_var_1405","North Indian Style Green Kiwi (Spiced)","fruits","CURATED_KEYWORD_MATCH","NO - Curated","99%","https://images.unsplash.com/photo-1585059819970-313686321946?auto=format&fit=crop&w=800&q=80","Unsplash / Fresh Green Kiwi Slices","https://www.google.com/search?q=North%20Indian%20Style%20Green%20Kiwi%20(Spiced)%20food&tbm=isch","=HYPERLINK(""https://www.google.com/search?q=North%20Indian%20Style%20Green%20Kiwi%20(Spiced)%20food&tbm=isch"", ""View Image"")"
"green_kiwi_var_1406","Mediterranean Classic Green Kiwi (Imported)","fruits","CURATED_KEYWORD_MATCH","NO - Curated","99%","https://images.unsplash.com/photo-1585059819970-313686321946?auto=format&fit=crop&w=800&q=80","Unsplash / Fresh Green Kiwi Slices","https://www.google.com/search?q=Mediterranean%20Classic%20Green%20Kiwi%20(Imported)%20food&tbm=isch","=HYPERLINK(""https://www.google.com/search?q=Mediterranean%20Classic%20Green%20Kiwi%20(Imported)%20food&tbm=isch"", ""View Image"")"
"green_kiwi_var_1407","Asian Specialty Green Kiwi (Select)","fruits","CURATED_KEYWORD_MATCH","NO - Curated","99%","https://images.unsplash.com/photo-1585059819970-313686321946?auto=format&fit=crop&w=800&q=80","Unsplash / Fresh Green Kiwi Slices","https://www.google.com/search?q=Asian%20Specialty%20Green%20Kiwi%20(Select)%20food&tbm=isch","=HYPERLINK(""https://www.google.com/search?q=Asian%20Specialty%20Green%20Kiwi%20(Select)%20food&tbm=isch"", ""View Image"")"
"green_kiwi_var_1408","European Heirloom Green Kiwi (Artisanal)","fruits","CURATED_KEYWORD_MATCH","NO - Curated","99%","https://images.unsplash.com/photo-1585059819970-313686321946?auto=format&fit=crop&w=800&q=80","Unsplash / Fresh Green Kiwi Slices","https://www.google.com/search?q=European%20Heirloom%20Green%20Kiwi%20(Artisanal)%20food&tbm=isch","=HYPERLINK(""https://www.google.com/search?q=European%20Heirloom%20Green%20Kiwi%20(Artisanal)%20food&tbm=isch"", ""View Image"")"
"green_kiwi_var_1409","Farm-Fresh Premium Green Kiwi (A-Grade)","fruits","CURATED_KEYWORD_MATCH","NO - Curated","99%","https://images.unsplash.com/photo-1585059819970-313686321946?auto=format&fit=crop&w=800&q=80","Unsplash / Fresh Green Kiwi Slices","https://www.google.com/search?q=Farm-Fresh%20Premium%20Green%20Kiwi%20(A-Grade)%20food&tbm=isch","=HYPERLINK(""https://www.google.com/search?q=Farm-Fresh%20Premium%20Green%20Kiwi%20(A-Grade)%20food&tbm=isch"", ""View Image"")"
"green_kiwi_var_1410","Wild-Harvested Green Kiwi (Pure)","fruits","CURATED_KEYWORD_MATCH","NO - Curated","99%","https://images.unsplash.com/photo-1585059819970-313686321946?auto=format&fit=crop&w=800&q=80","Unsplash / Fresh Green Kiwi Slices","https://www.google.com/search?q=Wild-Harvested%20Green%20Kiwi%20(Pure)%20food&tbm=isch","=HYPERLINK(""https://www.google.com/search?q=Wild-Harvested%20Green%20Kiwi%20(Pure)%20food&tbm=isch"", ""View Image"")"
"black_grapes","Black Grapes","fruits","CURATED_KEYWORD_MATCH","NO - Curated","99%","https://images.unsplash.com/photo-1537640538966-79f369143f8f?auto=format&fit=crop&w=800&q=80","Unsplash / Fresh Table Grapes","https://www.google.com/search?q=Black%20Grapes%20food&tbm=isch","=HYPERLINK(""https://www.google.com/search?q=Black%20Grapes%20food&tbm=isch"", ""View Image"")"
"black_grapes_var_1411","Fresh Organic Black Grapes","fruits","CURATED_KEYWORD_MATCH","NO - Curated","99%","https://images.unsplash.com/photo-1537640538966-79f369143f8f?auto=format&fit=crop&w=800&q=80","Unsplash / Fresh Table Grapes","https://www.google.com/search?q=Fresh%20Organic%20Black%20Grapes%20food&tbm=isch","=HYPERLINK(""https://www.google.com/search?q=Fresh%20Organic%20Black%20Grapes%20food&tbm=isch"", ""View Image"")"
"black_grapes_var_1412","Sun-Dried Black Grapes (Dried)","fruits","CURATED_KEYWORD_MATCH","NO - Curated","99%","https://images.unsplash.com/photo-1537640538966-79f369143f8f?auto=format&fit=crop&w=800&q=80","Unsplash / Fresh Table Grapes","https://www.google.com/search?q=Sun-Dried%20Black%20Grapes%20(Dried)%20food&tbm=isch","=HYPERLINK(""https://www.google.com/search?q=Sun-Dried%20Black%20Grapes%20(Dried)%20food&tbm=isch"", ""View Image"")"
"black_grapes_var_1413","Himalayan Grade Black Grapes (Special)","fruits","CURATED_KEYWORD_MATCH","NO - Curated","99%","https://images.unsplash.com/photo-1537640538966-79f369143f8f?auto=format&fit=crop&w=800&q=80","Unsplash / Fresh Table Grapes","https://www.google.com/search?q=Himalayan%20Grade%20Black%20Grapes%20(Special)%20food&tbm=isch","=HYPERLINK(""https://www.google.com/search?q=Himalayan%20Grade%20Black%20Grapes%20(Special)%20food&tbm=isch"", ""View Image"")"
"black_grapes_var_1414","South Indian Black Grapes (Traditional)","fruits","CURATED_KEYWORD_MATCH","NO - Curated","99%","https://images.unsplash.com/photo-1537640538966-79f369143f8f?auto=format&fit=crop&w=800&q=80","Unsplash / Fresh Table Grapes","https://www.google.com/search?q=South%20Indian%20Black%20Grapes%20(Traditional)%20food&tbm=isch","=HYPERLINK(""https://www.google.com/search?q=South%20Indian%20Black%20Grapes%20(Traditional)%20food&tbm=isch"", ""View Image"")"
"black_grapes_var_1415","North Indian Style Black Grapes (Spiced)","fruits","CURATED_KEYWORD_MATCH","NO - Curated","99%","https://images.unsplash.com/photo-1537640538966-79f369143f8f?auto=format&fit=crop&w=800&q=80","Unsplash / Fresh Table Grapes","https://www.google.com/search?q=North%20Indian%20Style%20Black%20Grapes%20(Spiced)%20food&tbm=isch","=HYPERLINK(""https://www.google.com/search?q=North%20Indian%20Style%20Black%20Grapes%20(Spiced)%20food&tbm=isch"", ""View Image"")"
"black_grapes_var_1416","Mediterranean Classic Black Grapes (Imported)","fruits","CURATED_KEYWORD_MATCH","NO - Curated","99%","https://images.unsplash.com/photo-1537640538966-79f369143f8f?auto=format&fit=crop&w=800&q=80","Unsplash / Fresh Table Grapes","https://www.google.com/search?q=Mediterranean%20Classic%20Black%20Grapes%20(Imported)%20food&tbm=isch","=HYPERLINK(""https://www.google.com/search?q=Mediterranean%20Classic%20Black%20Grapes%20(Imported)%20food&tbm=isch"", ""View Image"")"
"black_grapes_var_1417","Asian Specialty Black Grapes (Select)","fruits","CURATED_KEYWORD_MATCH","NO - Curated","99%","https://images.unsplash.com/photo-1537640538966-79f369143f8f?auto=format&fit=crop&w=800&q=80","Unsplash / Fresh Table Grapes","https://www.google.com/search?q=Asian%20Specialty%20Black%20Grapes%20(Select)%20food&tbm=isch","=HYPERLINK(""https://www.google.com/search?q=Asian%20Specialty%20Black%20Grapes%20(Select)%20food&tbm=isch"", ""View Image"")"
"black_grapes_var_1418","European Heirloom Black Grapes (Artisanal)","fruits","CURATED_KEYWORD_MATCH","NO - Curated","99%","https://images.unsplash.com/photo-1537640538966-79f369143f8f?auto=format&fit=crop&w=800&q=80","Unsplash / Fresh Table Grapes","https://www.google.com/search?q=European%20Heirloom%20Black%20Grapes%20(Artisanal)%20food&tbm=isch","=HYPERLINK(""https://www.google.com/search?q=European%20Heirloom%20Black%20Grapes%20(Artisanal)%20food&tbm=isch"", ""View Image"")"
"black_grapes_var_1419","Farm-Fresh Premium Black Grapes (A-Grade)","fruits","CURATED_KEYWORD_MATCH","NO - Curated","99%","https://images.unsplash.com/photo-1537640538966-79f369143f8f?auto=format&fit=crop&w=800&q=80","Unsplash / Fresh Table Grapes","https://www.google.com/search?q=Farm-Fresh%20Premium%20Black%20Grapes%20(A-Grade)%20food&tbm=isch","=HYPERLINK(""https://www.google.com/search?q=Farm-Fresh%20Premium%20Black%20Grapes%20(A-Grade)%20food&tbm=isch"", ""View Image"")"
"black_grapes_var_1420","Wild-Harvested Black Grapes (Pure)","fruits","CURATED_KEYWORD_MATCH","NO - Curated","99%","https://images.unsplash.com/photo-1537640538966-79f369143f8f?auto=format&fit=crop&w=800&q=80","Unsplash / Fresh Table Grapes","https://www.google.com/search?q=Wild-Harvested%20Black%20Grapes%20(Pure)%20food&tbm=isch","=HYPERLINK(""https://www.google.com/search?q=Wild-Harvested%20Black%20Grapes%20(Pure)%20food&tbm=isch"", ""View Image"")"
"green_seedless_grapes","Green Seedless Grapes","fruits","CURATED_KEYWORD_MATCH","NO - Curated","99%","https://images.unsplash.com/photo-1537640538966-79f369143f8f?auto=format&fit=crop&w=800&q=80","Unsplash / Fresh Table Grapes","https://www.google.com/search?q=Green%20Seedless%20Grapes%20food&tbm=isch","=HYPERLINK(""https://www.google.com/search?q=Green%20Seedless%20Grapes%20food&tbm=isch"", ""View Image"")"
"green_seedless_grapes_var_1421","Fresh Organic Green Seedless Grapes","fruits","CURATED_KEYWORD_MATCH","NO - Curated","99%","https://images.unsplash.com/photo-1537640538966-79f369143f8f?auto=format&fit=crop&w=800&q=80","Unsplash / Fresh Table Grapes","https://www.google.com/search?q=Fresh%20Organic%20Green%20Seedless%20Grapes%20food&tbm=isch","=HYPERLINK(""https://www.google.com/search?q=Fresh%20Organic%20Green%20Seedless%20Grapes%20food&tbm=isch"", ""View Image"")"
"green_seedless_grapes_var_1422","Sun-Dried Green Seedless Grapes (Dried)","fruits","CURATED_KEYWORD_MATCH","NO - Curated","99%","https://images.unsplash.com/photo-1537640538966-79f369143f8f?auto=format&fit=crop&w=800&q=80","Unsplash / Fresh Table Grapes","https://www.google.com/search?q=Sun-Dried%20Green%20Seedless%20Grapes%20(Dried)%20food&tbm=isch","=HYPERLINK(""https://www.google.com/search?q=Sun-Dried%20Green%20Seedless%20Grapes%20(Dried)%20food&tbm=isch"", ""View Image"")"
"green_seedless_grapes_var_1423","Himalayan Grade Green Seedless Grapes (Special)","fruits","CURATED_KEYWORD_MATCH","NO - Curated","99%","https://images.unsplash.com/photo-1537640538966-79f369143f8f?auto=format&fit=crop&w=800&q=80","Unsplash / Fresh Table Grapes","https://www.google.com/search?q=Himalayan%20Grade%20Green%20Seedless%20Grapes%20(Special)%20food&tbm=isch","=HYPERLINK(""https://www.google.com/search?q=Himalayan%20Grade%20Green%20Seedless%20Grapes%20(Special)%20food&tbm=isch"", ""View Image"")"
"green_seedless_grapes_var_1424","South Indian Green Seedless Grapes (Traditional)","fruits","CURATED_KEYWORD_MATCH","NO - Curated","99%","https://images.unsplash.com/photo-1537640538966-79f369143f8f?auto=format&fit=crop&w=800&q=80","Unsplash / Fresh Table Grapes","https://www.google.com/search?q=South%20Indian%20Green%20Seedless%20Grapes%20(Traditional)%20food&tbm=isch","=HYPERLINK(""https://www.google.com/search?q=South%20Indian%20Green%20Seedless%20Grapes%20(Traditional)%20food&tbm=isch"", ""View Image"")"
"green_seedless_grapes_var_1425","North Indian Style Green Seedless Grapes (Spiced)","fruits","CURATED_KEYWORD_MATCH","NO - Curated","99%","https://images.unsplash.com/photo-1537640538966-79f369143f8f?auto=format&fit=crop&w=800&q=80","Unsplash / Fresh Table Grapes","https://www.google.com/search?q=North%20Indian%20Style%20Green%20Seedless%20Grapes%20(Spiced)%20food&tbm=isch","=HYPERLINK(""https://www.google.com/search?q=North%20Indian%20Style%20Green%20Seedless%20Grapes%20(Spiced)%20food&tbm=isch"", ""View Image"")"
"green_seedless_grapes_var_1426","Mediterranean Classic Green Seedless Grapes (Imported)","fruits","CURATED_KEYWORD_MATCH","NO - Curated","99%","https://images.unsplash.com/photo-1537640538966-79f369143f8f?auto=format&fit=crop&w=800&q=80","Unsplash / Fresh Table Grapes","https://www.google.com/search?q=Mediterranean%20Classic%20Green%20Seedless%20Grapes%20(Imported)%20food&tbm=isch","=HYPERLINK(""https://www.google.com/search?q=Mediterranean%20Classic%20Green%20Seedless%20Grapes%20(Imported)%20food&tbm=isch"", ""View Image"")"
"green_seedless_grapes_var_1427","Asian Specialty Green Seedless Grapes (Select)","fruits","CURATED_KEYWORD_MATCH","NO - Curated","99%","https://images.unsplash.com/photo-1537640538966-79f369143f8f?auto=format&fit=crop&w=800&q=80","Unsplash / Fresh Table Grapes","https://www.google.com/search?q=Asian%20Specialty%20Green%20Seedless%20Grapes%20(Select)%20food&tbm=isch","=HYPERLINK(""https://www.google.com/search?q=Asian%20Specialty%20Green%20Seedless%20Grapes%20(Select)%20food&tbm=isch"", ""View Image"")"
"green_seedless_grapes_var_1428","European Heirloom Green Seedless Grapes (Artisanal)","fruits","CURATED_KEYWORD_MATCH","NO - Curated","99%","https://images.unsplash.com/photo-1537640538966-79f369143f8f?auto=format&fit=crop&w=800&q=80","Unsplash / Fresh Table Grapes","https://www.google.com/search?q=European%20Heirloom%20Green%20Seedless%20Grapes%20(Artisanal)%20food&tbm=isch","=HYPERLINK(""https://www.google.com/search?q=European%20Heirloom%20Green%20Seedless%20Grapes%20(Artisanal)%20food&tbm=isch"", ""View Image"")"
"green_seedless_grapes_var_1429","Farm-Fresh Premium Green Seedless Grapes (A-Grade)","fruits","CURATED_KEYWORD_MATCH","NO - Curated","99%","https://images.unsplash.com/photo-1537640538966-79f369143f8f?auto=format&fit=crop&w=800&q=80","Unsplash / Fresh Table Grapes","https://www.google.com/search?q=Farm-Fresh%20Premium%20Green%20Seedless%20Grapes%20(A-Grade)%20food&tbm=isch","=HYPERLINK(""https://www.google.com/search?q=Farm-Fresh%20Premium%20Green%20Seedless%20Grapes%20(A-Grade)%20food&tbm=isch"", ""View Image"")"
"green_seedless_grapes_var_1430","Wild-Harvested Green Seedless Grapes (Pure)","fruits","CURATED_KEYWORD_MATCH","NO - Curated","99%","https://images.unsplash.com/photo-1537640538966-79f369143f8f?auto=format&fit=crop&w=800&q=80","Unsplash / Fresh Table Grapes","https://www.google.com/search?q=Wild-Harvested%20Green%20Seedless%20Grapes%20(Pure)%20food&tbm=isch","=HYPERLINK(""https://www.google.com/search?q=Wild-Harvested%20Green%20Seedless%20Grapes%20(Pure)%20food&tbm=isch"", ""View Image"")"
"red_globe_grapes","Red Globe Grapes","fruits","CURATED_KEYWORD_MATCH","NO - Curated","99%","https://images.unsplash.com/photo-1537640538966-79f369143f8f?auto=format&fit=crop&w=800&q=80","Unsplash / Fresh Red Globe Table Grapes","https://www.google.com/search?q=Red%20Globe%20Grapes%20food&tbm=isch","=HYPERLINK(""https://www.google.com/search?q=Red%20Globe%20Grapes%20food&tbm=isch"", ""View Image"")"
"red_globe_grapes_var_1431","Fresh Organic Red Globe Grapes","fruits","CURATED_KEYWORD_MATCH","NO - Curated","99%","https://images.unsplash.com/photo-1537640538966-79f369143f8f?auto=format&fit=crop&w=800&q=80","Unsplash / Fresh Red Globe Table Grapes","https://www.google.com/search?q=Fresh%20Organic%20Red%20Globe%20Grapes%20food&tbm=isch","=HYPERLINK(""https://www.google.com/search?q=Fresh%20Organic%20Red%20Globe%20Grapes%20food&tbm=isch"", ""View Image"")"
"red_globe_grapes_var_1432","Sun-Dried Red Globe Grapes (Dried)","fruits","CURATED_KEYWORD_MATCH","NO - Curated","99%","https://images.unsplash.com/photo-1537640538966-79f369143f8f?auto=format&fit=crop&w=800&q=80","Unsplash / Fresh Red Globe Table Grapes","https://www.google.com/search?q=Sun-Dried%20Red%20Globe%20Grapes%20(Dried)%20food&tbm=isch","=HYPERLINK(""https://www.google.com/search?q=Sun-Dried%20Red%20Globe%20Grapes%20(Dried)%20food&tbm=isch"", ""View Image"")"
"red_globe_grapes_var_1433","Himalayan Grade Red Globe Grapes (Special)","fruits","CURATED_KEYWORD_MATCH","NO - Curated","99%","https://images.unsplash.com/photo-1537640538966-79f369143f8f?auto=format&fit=crop&w=800&q=80","Unsplash / Fresh Red Globe Table Grapes","https://www.google.com/search?q=Himalayan%20Grade%20Red%20Globe%20Grapes%20(Special)%20food&tbm=isch","=HYPERLINK(""https://www.google.com/search?q=Himalayan%20Grade%20Red%20Globe%20Grapes%20(Special)%20food&tbm=isch"", ""View Image"")"
"red_globe_grapes_var_1434","South Indian Red Globe Grapes (Traditional)","fruits","CURATED_KEYWORD_MATCH","NO - Curated","99%","https://images.unsplash.com/photo-1537640538966-79f369143f8f?auto=format&fit=crop&w=800&q=80","Unsplash / Fresh Red Globe Table Grapes","https://www.google.com/search?q=South%20Indian%20Red%20Globe%20Grapes%20(Traditional)%20food&tbm=isch","=HYPERLINK(""https://www.google.com/search?q=South%20Indian%20Red%20Globe%20Grapes%20(Traditional)%20food&tbm=isch"", ""View Image"")"
"red_globe_grapes_var_1435","North Indian Style Red Globe Grapes (Spiced)","fruits","CURATED_KEYWORD_MATCH","NO - Curated","99%","https://images.unsplash.com/photo-1537640538966-79f369143f8f?auto=format&fit=crop&w=800&q=80","Unsplash / Fresh Red Globe Table Grapes","https://www.google.com/search?q=North%20Indian%20Style%20Red%20Globe%20Grapes%20(Spiced)%20food&tbm=isch","=HYPERLINK(""https://www.google.com/search?q=North%20Indian%20Style%20Red%20Globe%20Grapes%20(Spiced)%20food&tbm=isch"", ""View Image"")"
"red_globe_grapes_var_1436","Mediterranean Classic Red Globe Grapes (Imported)","fruits","CURATED_KEYWORD_MATCH","NO - Curated","99%","https://images.unsplash.com/photo-1537640538966-79f369143f8f?auto=format&fit=crop&w=800&q=80","Unsplash / Fresh Red Globe Table Grapes","https://www.google.com/search?q=Mediterranean%20Classic%20Red%20Globe%20Grapes%20(Imported)%20food&tbm=isch","=HYPERLINK(""https://www.google.com/search?q=Mediterranean%20Classic%20Red%20Globe%20Grapes%20(Imported)%20food&tbm=isch"", ""View Image"")"
"red_globe_grapes_var_1437","Asian Specialty Red Globe Grapes (Select)","fruits","CURATED_KEYWORD_MATCH","NO - Curated","99%","https://images.unsplash.com/photo-1537640538966-79f369143f8f?auto=format&fit=crop&w=800&q=80","Unsplash / Fresh Red Globe Table Grapes","https://www.google.com/search?q=Asian%20Specialty%20Red%20Globe%20Grapes%20(Select)%20food&tbm=isch","=HYPERLINK(""https://www.google.com/search?q=Asian%20Specialty%20Red%20Globe%20Grapes%20(Select)%20food&tbm=isch"", ""View Image"")"
"red_globe_grapes_var_1438","European Heirloom Red Globe Grapes (Artisanal)","fruits","CURATED_KEYWORD_MATCH","NO - Curated","99%","https://images.unsplash.com/photo-1537640538966-79f369143f8f?auto=format&fit=crop&w=800&q=80","Unsplash / Fresh Red Globe Table Grapes","https://www.google.com/search?q=European%20Heirloom%20Red%20Globe%20Grapes%20(Artisanal)%20food&tbm=isch","=HYPERLINK(""https://www.google.com/search?q=European%20Heirloom%20Red%20Globe%20Grapes%20(Artisanal)%20food&tbm=isch"", ""View Image"")"
"red_globe_grapes_var_1439","Farm-Fresh Premium Red Globe Grapes (A-Grade)","fruits","CURATED_KEYWORD_MATCH","NO - Curated","99%","https://images.unsplash.com/photo-1537640538966-79f369143f8f?auto=format&fit=crop&w=800&q=80","Unsplash / Fresh Red Globe Table Grapes","https://www.google.com/search?q=Farm-Fresh%20Premium%20Red%20Globe%20Grapes%20(A-Grade)%20food&tbm=isch","=HYPERLINK(""https://www.google.com/search?q=Farm-Fresh%20Premium%20Red%20Globe%20Grapes%20(A-Grade)%20food&tbm=isch"", ""View Image"")"
"red_globe_grapes_var_1440","Wild-Harvested Red Globe Grapes (Pure)","fruits","CURATED_KEYWORD_MATCH","NO - Curated","99%","https://images.unsplash.com/photo-1537640538966-79f369143f8f?auto=format&fit=crop&w=800&q=80","Unsplash / Fresh Red Globe Table Grapes","https://www.google.com/search?q=Wild-Harvested%20Red%20Globe%20Grapes%20(Pure)%20food&tbm=isch","=HYPERLINK(""https://www.google.com/search?q=Wild-Harvested%20Red%20Globe%20Grapes%20(Pure)%20food&tbm=isch"", ""View Image"")"
"fresh_fig__anjeer_","Fresh Fig (Anjeer)","fruits","CURATED_KEYWORD_MATCH","NO - Curated","99%","https://images.unsplash.com/photo-1601379327928-bedfa9da3f93?auto=format&fit=crop&w=800&q=80","Unsplash / Fresh Organic Figs","https://www.google.com/search?q=Fresh%20Fig%20(Anjeer)%20food&tbm=isch","=HYPERLINK(""https://www.google.com/search?q=Fresh%20Fig%20(Anjeer)%20food&tbm=isch"", ""View Image"")"
"fresh_fig__anjeer__var_1441","Fresh Organic Fresh Fig (Anjeer)","fruits","CURATED_KEYWORD_MATCH","NO - Curated","99%","https://images.unsplash.com/photo-1601379327928-bedfa9da3f93?auto=format&fit=crop&w=800&q=80","Unsplash / Fresh Organic Figs","https://www.google.com/search?q=Fresh%20Organic%20Fresh%20Fig%20(Anjeer)%20food&tbm=isch","=HYPERLINK(""https://www.google.com/search?q=Fresh%20Organic%20Fresh%20Fig%20(Anjeer)%20food&tbm=isch"", ""View Image"")"
"fresh_fig__anjeer__var_1442","Sun-Dried Fresh Fig (Anjeer) (Dried)","fruits","CURATED_KEYWORD_MATCH","NO - Curated","99%","https://images.unsplash.com/photo-1601379327928-bedfa9da3f93?auto=format&fit=crop&w=800&q=80","Unsplash / Fresh Organic Figs","https://www.google.com/search?q=Sun-Dried%20Fresh%20Fig%20(Anjeer)%20(Dried)%20food&tbm=isch","=HYPERLINK(""https://www.google.com/search?q=Sun-Dried%20Fresh%20Fig%20(Anjeer)%20(Dried)%20food&tbm=isch"", ""View Image"")"
"fresh_fig__anjeer__var_1443","Himalayan Grade Fresh Fig (Anjeer) (Special)","fruits","CURATED_KEYWORD_MATCH","NO - Curated","99%","https://images.unsplash.com/photo-1601379327928-bedfa9da3f93?auto=format&fit=crop&w=800&q=80","Unsplash / Fresh Organic Figs","https://www.google.com/search?q=Himalayan%20Grade%20Fresh%20Fig%20(Anjeer)%20(Special)%20food&tbm=isch","=HYPERLINK(""https://www.google.com/search?q=Himalayan%20Grade%20Fresh%20Fig%20(Anjeer)%20(Special)%20food&tbm=isch"", ""View Image"")"
"fresh_fig__anjeer__var_1444","South Indian Fresh Fig (Anjeer) (Traditional)","fruits","CURATED_KEYWORD_MATCH","NO - Curated","99%","https://images.unsplash.com/photo-1601379327928-bedfa9da3f93?auto=format&fit=crop&w=800&q=80","Unsplash / Fresh Organic Figs","https://www.google.com/search?q=South%20Indian%20Fresh%20Fig%20(Anjeer)%20(Traditional)%20food&tbm=isch","=HYPERLINK(""https://www.google.com/search?q=South%20Indian%20Fresh%20Fig%20(Anjeer)%20(Traditional)%20food&tbm=isch"", ""View Image"")"
"fresh_fig__anjeer__var_1445","North Indian Style Fresh Fig (Anjeer) (Spiced)","fruits","CURATED_KEYWORD_MATCH","NO - Curated","99%","https://images.unsplash.com/photo-1601379327928-bedfa9da3f93?auto=format&fit=crop&w=800&q=80","Unsplash / Fresh Organic Figs","https://www.google.com/search?q=North%20Indian%20Style%20Fresh%20Fig%20(Anjeer)%20(Spiced)%20food&tbm=isch","=HYPERLINK(""https://www.google.com/search?q=North%20Indian%20Style%20Fresh%20Fig%20(Anjeer)%20(Spiced)%20food&tbm=isch"", ""View Image"")"
"fresh_fig__anjeer__var_1446","Mediterranean Classic Fresh Fig (Anjeer) (Imported)","fruits","CURATED_KEYWORD_MATCH","NO - Curated","99%","https://images.unsplash.com/photo-1601379327928-bedfa9da3f93?auto=format&fit=crop&w=800&q=80","Unsplash / Fresh Organic Figs","https://www.google.com/search?q=Mediterranean%20Classic%20Fresh%20Fig%20(Anjeer)%20(Imported)%20food&tbm=isch","=HYPERLINK(""https://www.google.com/search?q=Mediterranean%20Classic%20Fresh%20Fig%20(Anjeer)%20(Imported)%20food&tbm=isch"", ""View Image"")"
"fresh_fig__anjeer__var_1447","Asian Specialty Fresh Fig (Anjeer) (Select)","fruits","CURATED_KEYWORD_MATCH","NO - Curated","99%","https://images.unsplash.com/photo-1601379327928-bedfa9da3f93?auto=format&fit=crop&w=800&q=80","Unsplash / Fresh Organic Figs","https://www.google.com/search?q=Asian%20Specialty%20Fresh%20Fig%20(Anjeer)%20(Select)%20food&tbm=isch","=HYPERLINK(""https://www.google.com/search?q=Asian%20Specialty%20Fresh%20Fig%20(Anjeer)%20(Select)%20food&tbm=isch"", ""View Image"")"
"fresh_fig__anjeer__var_1448","European Heirloom Fresh Fig (Anjeer) (Artisanal)","fruits","CURATED_KEYWORD_MATCH","NO - Curated","99%","https://images.unsplash.com/photo-1601379327928-bedfa9da3f93?auto=format&fit=crop&w=800&q=80","Unsplash / Fresh Organic Figs","https://www.google.com/search?q=European%20Heirloom%20Fresh%20Fig%20(Anjeer)%20(Artisanal)%20food&tbm=isch","=HYPERLINK(""https://www.google.com/search?q=European%20Heirloom%20Fresh%20Fig%20(Anjeer)%20(Artisanal)%20food&tbm=isch"", ""View Image"")"
"fresh_fig__anjeer__var_1449","Farm-Fresh Premium Fresh Fig (Anjeer) (A-Grade)","fruits","CURATED_KEYWORD_MATCH","NO - Curated","99%","https://images.unsplash.com/photo-1601379327928-bedfa9da3f93?auto=format&fit=crop&w=800&q=80","Unsplash / Fresh Organic Figs","https://www.google.com/search?q=Farm-Fresh%20Premium%20Fresh%20Fig%20(Anjeer)%20(A-Grade)%20food&tbm=isch","=HYPERLINK(""https://www.google.com/search?q=Farm-Fresh%20Premium%20Fresh%20Fig%20(Anjeer)%20(A-Grade)%20food&tbm=isch"", ""View Image"")"
"fresh_fig__anjeer__var_1450","Wild-Harvested Fresh Fig (Anjeer) (Pure)","fruits","CURATED_KEYWORD_MATCH","NO - Curated","99%","https://images.unsplash.com/photo-1601379327928-bedfa9da3f93?auto=format&fit=crop&w=800&q=80","Unsplash / Fresh Organic Figs","https://www.google.com/search?q=Wild-Harvested%20Fresh%20Fig%20(Anjeer)%20(Pure)%20food&tbm=isch","=HYPERLINK(""https://www.google.com/search?q=Wild-Harvested%20Fresh%20Fig%20(Anjeer)%20(Pure)%20food&tbm=isch"", ""View Image"")"
"medjool_date","Medjool Date","fruits","CURATED_KEYWORD_MATCH","NO - Curated","99%","https://images.unsplash.com/photo-1596704017254-9b121068fb31?auto=format&fit=crop&w=800&q=80","Unsplash / Natural Sweet Medjool Dates","https://www.google.com/search?q=Medjool%20Date%20food&tbm=isch","=HYPERLINK(""https://www.google.com/search?q=Medjool%20Date%20food&tbm=isch"", ""View Image"")"
"medjool_date_var_1451","Fresh Organic Medjool Date","fruits","CURATED_KEYWORD_MATCH","NO - Curated","99%","https://images.unsplash.com/photo-1596704017254-9b121068fb31?auto=format&fit=crop&w=800&q=80","Unsplash / Natural Sweet Medjool Dates","https://www.google.com/search?q=Fresh%20Organic%20Medjool%20Date%20food&tbm=isch","=HYPERLINK(""https://www.google.com/search?q=Fresh%20Organic%20Medjool%20Date%20food&tbm=isch"", ""View Image"")"
"medjool_date_var_1452","Sun-Dried Medjool Date (Dried)","fruits","CURATED_KEYWORD_MATCH","NO - Curated","99%","https://images.unsplash.com/photo-1596704017254-9b121068fb31?auto=format&fit=crop&w=800&q=80","Unsplash / Natural Sweet Medjool Dates","https://www.google.com/search?q=Sun-Dried%20Medjool%20Date%20(Dried)%20food&tbm=isch","=HYPERLINK(""https://www.google.com/search?q=Sun-Dried%20Medjool%20Date%20(Dried)%20food&tbm=isch"", ""View Image"")"
"medjool_date_var_1453","Himalayan Grade Medjool Date (Special)","fruits","CURATED_KEYWORD_MATCH","NO - Curated","99%","https://images.unsplash.com/photo-1596704017254-9b121068fb31?auto=format&fit=crop&w=800&q=80","Unsplash / Natural Sweet Medjool Dates","https://www.google.com/search?q=Himalayan%20Grade%20Medjool%20Date%20(Special)%20food&tbm=isch","=HYPERLINK(""https://www.google.com/search?q=Himalayan%20Grade%20Medjool%20Date%20(Special)%20food&tbm=isch"", ""View Image"")"
"medjool_date_var_1454","South Indian Medjool Date (Traditional)","fruits","CURATED_KEYWORD_MATCH","NO - Curated","99%","https://images.unsplash.com/photo-1596704017254-9b121068fb31?auto=format&fit=crop&w=800&q=80","Unsplash / Natural Sweet Medjool Dates","https://www.google.com/search?q=South%20Indian%20Medjool%20Date%20(Traditional)%20food&tbm=isch","=HYPERLINK(""https://www.google.com/search?q=South%20Indian%20Medjool%20Date%20(Traditional)%20food&tbm=isch"", ""View Image"")"
"medjool_date_var_1455","North Indian Style Medjool Date (Spiced)","fruits","CURATED_KEYWORD_MATCH","NO - Curated","99%","https://images.unsplash.com/photo-1596704017254-9b121068fb31?auto=format&fit=crop&w=800&q=80","Unsplash / Natural Sweet Medjool Dates","https://www.google.com/search?q=North%20Indian%20Style%20Medjool%20Date%20(Spiced)%20food&tbm=isch","=HYPERLINK(""https://www.google.com/search?q=North%20Indian%20Style%20Medjool%20Date%20(Spiced)%20food&tbm=isch"", ""View Image"")"
"medjool_date_var_1456","Mediterranean Classic Medjool Date (Imported)","fruits","CURATED_KEYWORD_MATCH","NO - Curated","99%","https://images.unsplash.com/photo-1596704017254-9b121068fb31?auto=format&fit=crop&w=800&q=80","Unsplash / Natural Sweet Medjool Dates","https://www.google.com/search?q=Mediterranean%20Classic%20Medjool%20Date%20(Imported)%20food&tbm=isch","=HYPERLINK(""https://www.google.com/search?q=Mediterranean%20Classic%20Medjool%20Date%20(Imported)%20food&tbm=isch"", ""View Image"")"
"medjool_date_var_1457","Asian Specialty Medjool Date (Select)","fruits","CURATED_KEYWORD_MATCH","NO - Curated","99%","https://images.unsplash.com/photo-1596704017254-9b121068fb31?auto=format&fit=crop&w=800&q=80","Unsplash / Natural Sweet Medjool Dates","https://www.google.com/search?q=Asian%20Specialty%20Medjool%20Date%20(Select)%20food&tbm=isch","=HYPERLINK(""https://www.google.com/search?q=Asian%20Specialty%20Medjool%20Date%20(Select)%20food&tbm=isch"", ""View Image"")"
"medjool_date_var_1458","European Heirloom Medjool Date (Artisanal)","fruits","CURATED_KEYWORD_MATCH","NO - Curated","99%","https://images.unsplash.com/photo-1596704017254-9b121068fb31?auto=format&fit=crop&w=800&q=80","Unsplash / Natural Sweet Medjool Dates","https://www.google.com/search?q=European%20Heirloom%20Medjool%20Date%20(Artisanal)%20food&tbm=isch","=HYPERLINK(""https://www.google.com/search?q=European%20Heirloom%20Medjool%20Date%20(Artisanal)%20food&tbm=isch"", ""View Image"")"
"medjool_date_var_1459","Farm-Fresh Premium Medjool Date (A-Grade)","fruits","CURATED_KEYWORD_MATCH","NO - Curated","99%","https://images.unsplash.com/photo-1596704017254-9b121068fb31?auto=format&fit=crop&w=800&q=80","Unsplash / Natural Sweet Medjool Dates","https://www.google.com/search?q=Farm-Fresh%20Premium%20Medjool%20Date%20(A-Grade)%20food&tbm=isch","=HYPERLINK(""https://www.google.com/search?q=Farm-Fresh%20Premium%20Medjool%20Date%20(A-Grade)%20food&tbm=isch"", ""View Image"")"
"medjool_date_var_1460","Wild-Harvested Medjool Date (Pure)","fruits","CURATED_KEYWORD_MATCH","NO - Curated","99%","https://images.unsplash.com/photo-1596704017254-9b121068fb31?auto=format&fit=crop&w=800&q=80","Unsplash / Natural Sweet Medjool Dates","https://www.google.com/search?q=Wild-Harvested%20Medjool%20Date%20(Pure)%20food&tbm=isch","=HYPERLINK(""https://www.google.com/search?q=Wild-Harvested%20Medjool%20Date%20(Pure)%20food&tbm=isch"", ""View Image"")"
"organic_spinach","Organic Spinach","vegetables","CURATED_KEYWORD_MATCH","NO - Curated","99%","https://images.unsplash.com/photo-1576045057995-568f588f82fb?auto=format&fit=crop&w=800&q=80","Unsplash / Fresh Organic Spinach","https://www.google.com/search?q=Organic%20Spinach%20food&tbm=isch","=HYPERLINK(""https://www.google.com/search?q=Organic%20Spinach%20food&tbm=isch"", ""View Image"")"
"organic_spinach_var_1461","Fresh Organic Organic Spinach","vegetables","CURATED_KEYWORD_MATCH","NO - Curated","99%","https://images.unsplash.com/photo-1576045057995-568f588f82fb?auto=format&fit=crop&w=800&q=80","Unsplash / Fresh Organic Spinach","https://www.google.com/search?q=Fresh%20Organic%20Organic%20Spinach%20food&tbm=isch","=HYPERLINK(""https://www.google.com/search?q=Fresh%20Organic%20Organic%20Spinach%20food&tbm=isch"", ""View Image"")"
"organic_spinach_var_1462","Sun-Dried Organic Spinach (Dried)","vegetables","CURATED_KEYWORD_MATCH","NO - Curated","99%","https://images.unsplash.com/photo-1576045057995-568f588f82fb?auto=format&fit=crop&w=800&q=80","Unsplash / Fresh Organic Spinach","https://www.google.com/search?q=Sun-Dried%20Organic%20Spinach%20(Dried)%20food&tbm=isch","=HYPERLINK(""https://www.google.com/search?q=Sun-Dried%20Organic%20Spinach%20(Dried)%20food&tbm=isch"", ""View Image"")"
"organic_spinach_var_1463","Himalayan Grade Organic Spinach (Special)","vegetables","CURATED_KEYWORD_MATCH","NO - Curated","99%","https://images.unsplash.com/photo-1576045057995-568f588f82fb?auto=format&fit=crop&w=800&q=80","Unsplash / Fresh Organic Spinach","https://www.google.com/search?q=Himalayan%20Grade%20Organic%20Spinach%20(Special)%20food&tbm=isch","=HYPERLINK(""https://www.google.com/search?q=Himalayan%20Grade%20Organic%20Spinach%20(Special)%20food&tbm=isch"", ""View Image"")"
"organic_spinach_var_1464","South Indian Organic Spinach (Traditional)","vegetables","CURATED_KEYWORD_MATCH","NO - Curated","99%","https://images.unsplash.com/photo-1576045057995-568f588f82fb?auto=format&fit=crop&w=800&q=80","Unsplash / Fresh Organic Spinach","https://www.google.com/search?q=South%20Indian%20Organic%20Spinach%20(Traditional)%20food&tbm=isch","=HYPERLINK(""https://www.google.com/search?q=South%20Indian%20Organic%20Spinach%20(Traditional)%20food&tbm=isch"", ""View Image"")"
"organic_spinach_var_1465","North Indian Style Organic Spinach (Spiced)","vegetables","CURATED_KEYWORD_MATCH","NO - Curated","99%","https://images.unsplash.com/photo-1576045057995-568f588f82fb?auto=format&fit=crop&w=800&q=80","Unsplash / Fresh Organic Spinach","https://www.google.com/search?q=North%20Indian%20Style%20Organic%20Spinach%20(Spiced)%20food&tbm=isch","=HYPERLINK(""https://www.google.com/search?q=North%20Indian%20Style%20Organic%20Spinach%20(Spiced)%20food&tbm=isch"", ""View Image"")"
"organic_spinach_var_1466","Mediterranean Classic Organic Spinach (Imported)","vegetables","CURATED_KEYWORD_MATCH","NO - Curated","99%","https://images.unsplash.com/photo-1576045057995-568f588f82fb?auto=format&fit=crop&w=800&q=80","Unsplash / Fresh Organic Spinach","https://www.google.com/search?q=Mediterranean%20Classic%20Organic%20Spinach%20(Imported)%20food&tbm=isch","=HYPERLINK(""https://www.google.com/search?q=Mediterranean%20Classic%20Organic%20Spinach%20(Imported)%20food&tbm=isch"", ""View Image"")"
"organic_spinach_var_1467","Asian Specialty Organic Spinach (Select)","vegetables","CURATED_KEYWORD_MATCH","NO - Curated","99%","https://images.unsplash.com/photo-1576045057995-568f588f82fb?auto=format&fit=crop&w=800&q=80","Unsplash / Fresh Organic Spinach","https://www.google.com/search?q=Asian%20Specialty%20Organic%20Spinach%20(Select)%20food&tbm=isch","=HYPERLINK(""https://www.google.com/search?q=Asian%20Specialty%20Organic%20Spinach%20(Select)%20food&tbm=isch"", ""View Image"")"
"organic_spinach_var_1468","European Heirloom Organic Spinach (Artisanal)","vegetables","CURATED_KEYWORD_MATCH","NO - Curated","99%","https://images.unsplash.com/photo-1576045057995-568f588f82fb?auto=format&fit=crop&w=800&q=80","Unsplash / Fresh Organic Spinach","https://www.google.com/search?q=European%20Heirloom%20Organic%20Spinach%20(Artisanal)%20food&tbm=isch","=HYPERLINK(""https://www.google.com/search?q=European%20Heirloom%20Organic%20Spinach%20(Artisanal)%20food&tbm=isch"", ""View Image"")"
"organic_spinach_var_1469","Farm-Fresh Premium Organic Spinach (A-Grade)","vegetables","CURATED_KEYWORD_MATCH","NO - Curated","99%","https://images.unsplash.com/photo-1576045057995-568f588f82fb?auto=format&fit=crop&w=800&q=80","Unsplash / Fresh Organic Spinach","https://www.google.com/search?q=Farm-Fresh%20Premium%20Organic%20Spinach%20(A-Grade)%20food&tbm=isch","=HYPERLINK(""https://www.google.com/search?q=Farm-Fresh%20Premium%20Organic%20Spinach%20(A-Grade)%20food&tbm=isch"", ""View Image"")"
"organic_spinach_var_1470","Wild-Harvested Organic Spinach (Pure)","vegetables","CURATED_KEYWORD_MATCH","NO - Curated","99%","https://images.unsplash.com/photo-1576045057995-568f588f82fb?auto=format&fit=crop&w=800&q=80","Unsplash / Fresh Organic Spinach","https://www.google.com/search?q=Wild-Harvested%20Organic%20Spinach%20(Pure)%20food&tbm=isch","=HYPERLINK(""https://www.google.com/search?q=Wild-Harvested%20Organic%20Spinach%20(Pure)%20food&tbm=isch"", ""View Image"")"
"curly_kale","Curly Kale","vegetables","CURATED_KEYWORD_MATCH","NO - Curated","99%","https://images.unsplash.com/photo-1524179091875-bf99a9a6af57?auto=format&fit=crop&w=800&q=80","Unsplash / Fresh Crisp Kale","https://www.google.com/search?q=Curly%20Kale%20food&tbm=isch","=HYPERLINK(""https://www.google.com/search?q=Curly%20Kale%20food&tbm=isch"", ""View Image"")"
"curly_kale_var_1471","Fresh Organic Curly Kale","vegetables","CURATED_KEYWORD_MATCH","NO - Curated","99%","https://images.unsplash.com/photo-1524179091875-bf99a9a6af57?auto=format&fit=crop&w=800&q=80","Unsplash / Fresh Crisp Kale","https://www.google.com/search?q=Fresh%20Organic%20Curly%20Kale%20food&tbm=isch","=HYPERLINK(""https://www.google.com/search?q=Fresh%20Organic%20Curly%20Kale%20food&tbm=isch"", ""View Image"")"
"curly_kale_var_1472","Sun-Dried Curly Kale (Dried)","vegetables","CURATED_KEYWORD_MATCH","NO - Curated","99%","https://images.unsplash.com/photo-1524179091875-bf99a9a6af57?auto=format&fit=crop&w=800&q=80","Unsplash / Fresh Crisp Kale","https://www.google.com/search?q=Sun-Dried%20Curly%20Kale%20(Dried)%20food&tbm=isch","=HYPERLINK(""https://www.google.com/search?q=Sun-Dried%20Curly%20Kale%20(Dried)%20food&tbm=isch"", ""View Image"")"
"curly_kale_var_1473","Himalayan Grade Curly Kale (Special)","vegetables","CURATED_KEYWORD_MATCH","NO - Curated","99%","https://images.unsplash.com/photo-1524179091875-bf99a9a6af57?auto=format&fit=crop&w=800&q=80","Unsplash / Fresh Crisp Kale","https://www.google.com/search?q=Himalayan%20Grade%20Curly%20Kale%20(Special)%20food&tbm=isch","=HYPERLINK(""https://www.google.com/search?q=Himalayan%20Grade%20Curly%20Kale%20(Special)%20food&tbm=isch"", ""View Image"")"
"curly_kale_var_1474","South Indian Curly Kale (Traditional)","vegetables","CURATED_KEYWORD_MATCH","NO - Curated","99%","https://images.unsplash.com/photo-1524179091875-bf99a9a6af57?auto=format&fit=crop&w=800&q=80","Unsplash / Fresh Crisp Kale","https://www.google.com/search?q=South%20Indian%20Curly%20Kale%20(Traditional)%20food&tbm=isch","=HYPERLINK(""https://www.google.com/search?q=South%20Indian%20Curly%20Kale%20(Traditional)%20food&tbm=isch"", ""View Image"")"
"curly_kale_var_1475","North Indian Style Curly Kale (Spiced)","vegetables","CURATED_KEYWORD_MATCH","NO - Curated","99%","https://images.unsplash.com/photo-1524179091875-bf99a9a6af57?auto=format&fit=crop&w=800&q=80","Unsplash / Fresh Crisp Kale","https://www.google.com/search?q=North%20Indian%20Style%20Curly%20Kale%20(Spiced)%20food&tbm=isch","=HYPERLINK(""https://www.google.com/search?q=North%20Indian%20Style%20Curly%20Kale%20(Spiced)%20food&tbm=isch"", ""View Image"")"
"curly_kale_var_1476","Mediterranean Classic Curly Kale (Imported)","vegetables","CURATED_KEYWORD_MATCH","NO - Curated","99%","https://images.unsplash.com/photo-1524179091875-bf99a9a6af57?auto=format&fit=crop&w=800&q=80","Unsplash / Fresh Crisp Kale","https://www.google.com/search?q=Mediterranean%20Classic%20Curly%20Kale%20(Imported)%20food&tbm=isch","=HYPERLINK(""https://www.google.com/search?q=Mediterranean%20Classic%20Curly%20Kale%20(Imported)%20food&tbm=isch"", ""View Image"")"
"curly_kale_var_1477","Asian Specialty Curly Kale (Select)","vegetables","CURATED_KEYWORD_MATCH","NO - Curated","99%","https://images.unsplash.com/photo-1524179091875-bf99a9a6af57?auto=format&fit=crop&w=800&q=80","Unsplash / Fresh Crisp Kale","https://www.google.com/search?q=Asian%20Specialty%20Curly%20Kale%20(Select)%20food&tbm=isch","=HYPERLINK(""https://www.google.com/search?q=Asian%20Specialty%20Curly%20Kale%20(Select)%20food&tbm=isch"", ""View Image"")"
"curly_kale_var_1478","European Heirloom Curly Kale (Artisanal)","vegetables","CURATED_KEYWORD_MATCH","NO - Curated","99%","https://images.unsplash.com/photo-1524179091875-bf99a9a6af57?auto=format&fit=crop&w=800&q=80","Unsplash / Fresh Crisp Kale","https://www.google.com/search?q=European%20Heirloom%20Curly%20Kale%20(Artisanal)%20food&tbm=isch","=HYPERLINK(""https://www.google.com/search?q=European%20Heirloom%20Curly%20Kale%20(Artisanal)%20food&tbm=isch"", ""View Image"")"
"curly_kale_var_1479","Farm-Fresh Premium Curly Kale (A-Grade)","vegetables","CURATED_KEYWORD_MATCH","NO - Curated","99%","https://images.unsplash.com/photo-1524179091875-bf99a9a6af57?auto=format&fit=crop&w=800&q=80","Unsplash / Fresh Crisp Kale","https://www.google.com/search?q=Farm-Fresh%20Premium%20Curly%20Kale%20(A-Grade)%20food&tbm=isch","=HYPERLINK(""https://www.google.com/search?q=Farm-Fresh%20Premium%20Curly%20Kale%20(A-Grade)%20food&tbm=isch"", ""View Image"")"
"curly_kale_var_1480","Wild-Harvested Curly Kale (Pure)","vegetables","CURATED_KEYWORD_MATCH","NO - Curated","99%","https://images.unsplash.com/photo-1524179091875-bf99a9a6af57?auto=format&fit=crop&w=800&q=80","Unsplash / Fresh Crisp Kale","https://www.google.com/search?q=Wild-Harvested%20Curly%20Kale%20(Pure)%20food&tbm=isch","=HYPERLINK(""https://www.google.com/search?q=Wild-Harvested%20Curly%20Kale%20(Pure)%20food&tbm=isch"", ""View Image"")"
"fresh_broccoli","Fresh Broccoli","vegetables","CURATED_KEYWORD_MATCH","NO - Curated","99%","https://images.unsplash.com/photo-1584270354949-c26b0d5b4a0c?auto=format&fit=crop&w=800&q=80","Unsplash / Fresh Green Broccoli Crowns","https://www.google.com/search?q=Fresh%20Broccoli%20food&tbm=isch","=HYPERLINK(""https://www.google.com/search?q=Fresh%20Broccoli%20food&tbm=isch"", ""View Image"")"
"fresh_broccoli_var_1481","Fresh Organic Fresh Broccoli","vegetables","CURATED_KEYWORD_MATCH","NO - Curated","99%","https://images.unsplash.com/photo-1584270354949-c26b0d5b4a0c?auto=format&fit=crop&w=800&q=80","Unsplash / Fresh Green Broccoli Crowns","https://www.google.com/search?q=Fresh%20Organic%20Fresh%20Broccoli%20food&tbm=isch","=HYPERLINK(""https://www.google.com/search?q=Fresh%20Organic%20Fresh%20Broccoli%20food&tbm=isch"", ""View Image"")"
"fresh_broccoli_var_1482","Sun-Dried Fresh Broccoli (Dried)","vegetables","CURATED_KEYWORD_MATCH","NO - Curated","99%","https://images.unsplash.com/photo-1584270354949-c26b0d5b4a0c?auto=format&fit=crop&w=800&q=80","Unsplash / Fresh Green Broccoli Crowns","https://www.google.com/search?q=Sun-Dried%20Fresh%20Broccoli%20(Dried)%20food&tbm=isch","=HYPERLINK(""https://www.google.com/search?q=Sun-Dried%20Fresh%20Broccoli%20(Dried)%20food&tbm=isch"", ""View Image"")"
"fresh_broccoli_var_1483","Himalayan Grade Fresh Broccoli (Special)","vegetables","CURATED_KEYWORD_MATCH","NO - Curated","99%","https://images.unsplash.com/photo-1584270354949-c26b0d5b4a0c?auto=format&fit=crop&w=800&q=80","Unsplash / Fresh Green Broccoli Crowns","https://www.google.com/search?q=Himalayan%20Grade%20Fresh%20Broccoli%20(Special)%20food&tbm=isch","=HYPERLINK(""https://www.google.com/search?q=Himalayan%20Grade%20Fresh%20Broccoli%20(Special)%20food&tbm=isch"", ""View Image"")"
"fresh_broccoli_var_1484","South Indian Fresh Broccoli (Traditional)","vegetables","CURATED_KEYWORD_MATCH","NO - Curated","99%","https://images.unsplash.com/photo-1584270354949-c26b0d5b4a0c?auto=format&fit=crop&w=800&q=80","Unsplash / Fresh Green Broccoli Crowns","https://www.google.com/search?q=South%20Indian%20Fresh%20Broccoli%20(Traditional)%20food&tbm=isch","=HYPERLINK(""https://www.google.com/search?q=South%20Indian%20Fresh%20Broccoli%20(Traditional)%20food&tbm=isch"", ""View Image"")"
"fresh_broccoli_var_1485","North Indian Style Fresh Broccoli (Spiced)","vegetables","CURATED_KEYWORD_MATCH","NO - Curated","99%","https://images.unsplash.com/photo-1584270354949-c26b0d5b4a0c?auto=format&fit=crop&w=800&q=80","Unsplash / Fresh Green Broccoli Crowns","https://www.google.com/search?q=North%20Indian%20Style%20Fresh%20Broccoli%20(Spiced)%20food&tbm=isch","=HYPERLINK(""https://www.google.com/search?q=North%20Indian%20Style%20Fresh%20Broccoli%20(Spiced)%20food&tbm=isch"", ""View Image"")"
"fresh_broccoli_var_1486","Mediterranean Classic Fresh Broccoli (Imported)","vegetables","CURATED_KEYWORD_MATCH","NO - Curated","99%","https://images.unsplash.com/photo-1584270354949-c26b0d5b4a0c?auto=format&fit=crop&w=800&q=80","Unsplash / Fresh Green Broccoli Crowns","https://www.google.com/search?q=Mediterranean%20Classic%20Fresh%20Broccoli%20(Imported)%20food&tbm=isch","=HYPERLINK(""https://www.google.com/search?q=Mediterranean%20Classic%20Fresh%20Broccoli%20(Imported)%20food&tbm=isch"", ""View Image"")"
"fresh_broccoli_var_1487","Asian Specialty Fresh Broccoli (Select)","vegetables","CURATED_KEYWORD_MATCH","NO - Curated","99%","https://images.unsplash.com/photo-1584270354949-c26b0d5b4a0c?auto=format&fit=crop&w=800&q=80","Unsplash / Fresh Green Broccoli Crowns","https://www.google.com/search?q=Asian%20Specialty%20Fresh%20Broccoli%20(Select)%20food&tbm=isch","=HYPERLINK(""https://www.google.com/search?q=Asian%20Specialty%20Fresh%20Broccoli%20(Select)%20food&tbm=isch"", ""View Image"")"
"fresh_broccoli_var_1488","European Heirloom Fresh Broccoli (Artisanal)","vegetables","CURATED_KEYWORD_MATCH","NO - Curated","99%","https://images.unsplash.com/photo-1584270354949-c26b0d5b4a0c?auto=format&fit=crop&w=800&q=80","Unsplash / Fresh Green Broccoli Crowns","https://www.google.com/search?q=European%20Heirloom%20Fresh%20Broccoli%20(Artisanal)%20food&tbm=isch","=HYPERLINK(""https://www.google.com/search?q=European%20Heirloom%20Fresh%20Broccoli%20(Artisanal)%20food&tbm=isch"", ""View Image"")"
"fresh_broccoli_var_1489","Farm-Fresh Premium Fresh Broccoli (A-Grade)","vegetables","CURATED_KEYWORD_MATCH","NO - Curated","99%","https://images.unsplash.com/photo-1584270354949-c26b0d5b4a0c?auto=format&fit=crop&w=800&q=80","Unsplash / Fresh Green Broccoli Crowns","https://www.google.com/search?q=Farm-Fresh%20Premium%20Fresh%20Broccoli%20(A-Grade)%20food&tbm=isch","=HYPERLINK(""https://www.google.com/search?q=Farm-Fresh%20Premium%20Fresh%20Broccoli%20(A-Grade)%20food&tbm=isch"", ""View Image"")"
"fresh_broccoli_var_1490","Wild-Harvested Fresh Broccoli (Pure)","vegetables","CURATED_KEYWORD_MATCH","NO - Curated","99%","https://images.unsplash.com/photo-1584270354949-c26b0d5b4a0c?auto=format&fit=crop&w=800&q=80","Unsplash / Fresh Green Broccoli Crowns","https://www.google.com/search?q=Wild-Harvested%20Fresh%20Broccoli%20(Pure)%20food&tbm=isch","=HYPERLINK(""https://www.google.com/search?q=Wild-Harvested%20Fresh%20Broccoli%20(Pure)%20food&tbm=isch"", ""View Image"")"
"white_cauliflower","White Cauliflower","vegetables","CURATED_KEYWORD_MATCH","NO - Curated","99%","https://images.unsplash.com/photo-1568584711075-3d021a7c3ca3?auto=format&fit=crop&w=800&q=80","Unsplash / Fresh White Cauliflower","https://www.google.com/search?q=White%20Cauliflower%20food&tbm=isch","=HYPERLINK(""https://www.google.com/search?q=White%20Cauliflower%20food&tbm=isch"", ""View Image"")"
"white_cauliflower_var_1491","Fresh Organic White Cauliflower","vegetables","CURATED_KEYWORD_MATCH","NO - Curated","99%","https://images.unsplash.com/photo-1568584711075-3d021a7c3ca3?auto=format&fit=crop&w=800&q=80","Unsplash / Fresh White Cauliflower","https://www.google.com/search?q=Fresh%20Organic%20White%20Cauliflower%20food&tbm=isch","=HYPERLINK(""https://www.google.com/search?q=Fresh%20Organic%20White%20Cauliflower%20food&tbm=isch"", ""View Image"")"
"white_cauliflower_var_1492","Sun-Dried White Cauliflower (Dried)","vegetables","CURATED_KEYWORD_MATCH","NO - Curated","99%","https://images.unsplash.com/photo-1568584711075-3d021a7c3ca3?auto=format&fit=crop&w=800&q=80","Unsplash / Fresh White Cauliflower","https://www.google.com/search?q=Sun-Dried%20White%20Cauliflower%20(Dried)%20food&tbm=isch","=HYPERLINK(""https://www.google.com/search?q=Sun-Dried%20White%20Cauliflower%20(Dried)%20food&tbm=isch"", ""View Image"")"
"white_cauliflower_var_1493","Himalayan Grade White Cauliflower (Special)","vegetables","CURATED_KEYWORD_MATCH","NO - Curated","99%","https://images.unsplash.com/photo-1568584711075-3d021a7c3ca3?auto=format&fit=crop&w=800&q=80","Unsplash / Fresh White Cauliflower","https://www.google.com/search?q=Himalayan%20Grade%20White%20Cauliflower%20(Special)%20food&tbm=isch","=HYPERLINK(""https://www.google.com/search?q=Himalayan%20Grade%20White%20Cauliflower%20(Special)%20food&tbm=isch"", ""View Image"")"
"white_cauliflower_var_1494","South Indian White Cauliflower (Traditional)","vegetables","CURATED_KEYWORD_MATCH","NO - Curated","99%","https://images.unsplash.com/photo-1568584711075-3d021a7c3ca3?auto=format&fit=crop&w=800&q=80","Unsplash / Fresh White Cauliflower","https://www.google.com/search?q=South%20Indian%20White%20Cauliflower%20(Traditional)%20food&tbm=isch","=HYPERLINK(""https://www.google.com/search?q=South%20Indian%20White%20Cauliflower%20(Traditional)%20food&tbm=isch"", ""View Image"")"
"white_cauliflower_var_1495","North Indian Style White Cauliflower (Spiced)","vegetables","CURATED_KEYWORD_MATCH","NO - Curated","99%","https://images.unsplash.com/photo-1568584711075-3d021a7c3ca3?auto=format&fit=crop&w=800&q=80","Unsplash / Fresh White Cauliflower","https://www.google.com/search?q=North%20Indian%20Style%20White%20Cauliflower%20(Spiced)%20food&tbm=isch","=HYPERLINK(""https://www.google.com/search?q=North%20Indian%20Style%20White%20Cauliflower%20(Spiced)%20food&tbm=isch"", ""View Image"")"
"white_cauliflower_var_1496","Mediterranean Classic White Cauliflower (Imported)","vegetables","CURATED_KEYWORD_MATCH","NO - Curated","99%","https://images.unsplash.com/photo-1568584711075-3d021a7c3ca3?auto=format&fit=crop&w=800&q=80","Unsplash / Fresh White Cauliflower","https://www.google.com/search?q=Mediterranean%20Classic%20White%20Cauliflower%20(Imported)%20food&tbm=isch","=HYPERLINK(""https://www.google.com/search?q=Mediterranean%20Classic%20White%20Cauliflower%20(Imported)%20food&tbm=isch"", ""View Image"")"
"white_cauliflower_var_1497","Asian Specialty White Cauliflower (Select)","vegetables","CURATED_KEYWORD_MATCH","NO - Curated","99%","https://images.unsplash.com/photo-1568584711075-3d021a7c3ca3?auto=format&fit=crop&w=800&q=80","Unsplash / Fresh White Cauliflower","https://www.google.com/search?q=Asian%20Specialty%20White%20Cauliflower%20(Select)%20food&tbm=isch","=HYPERLINK(""https://www.google.com/search?q=Asian%20Specialty%20White%20Cauliflower%20(Select)%20food&tbm=isch"", ""View Image"")"
"white_cauliflower_var_1498","European Heirloom White Cauliflower (Artisanal)","vegetables","CURATED_KEYWORD_MATCH","NO - Curated","99%","https://images.unsplash.com/photo-1568584711075-3d021a7c3ca3?auto=format&fit=crop&w=800&q=80","Unsplash / Fresh White Cauliflower","https://www.google.com/search?q=European%20Heirloom%20White%20Cauliflower%20(Artisanal)%20food&tbm=isch","=HYPERLINK(""https://www.google.com/search?q=European%20Heirloom%20White%20Cauliflower%20(Artisanal)%20food&tbm=isch"", ""View Image"")"
"white_cauliflower_var_1499","Farm-Fresh Premium White Cauliflower (A-Grade)","vegetables","CURATED_KEYWORD_MATCH","NO - Curated","99%","https://images.unsplash.com/photo-1568584711075-3d021a7c3ca3?auto=format&fit=crop&w=800&q=80","Unsplash / Fresh White Cauliflower","https://www.google.com/search?q=Farm-Fresh%20Premium%20White%20Cauliflower%20(A-Grade)%20food&tbm=isch","=HYPERLINK(""https://www.google.com/search?q=Farm-Fresh%20Premium%20White%20Cauliflower%20(A-Grade)%20food&tbm=isch"", ""View Image"")"
"white_cauliflower_var_1500","Wild-Harvested White Cauliflower (Pure)","vegetables","CURATED_KEYWORD_MATCH","NO - Curated","99%","https://images.unsplash.com/photo-1568584711075-3d021a7c3ca3?auto=format&fit=crop&w=800&q=80","Unsplash / Fresh White Cauliflower","https://www.google.com/search?q=Wild-Harvested%20White%20Cauliflower%20(Pure)%20food&tbm=isch","=HYPERLINK(""https://www.google.com/search?q=Wild-Harvested%20White%20Cauliflower%20(Pure)%20food&tbm=isch"", ""View Image"")"
"purple_sweet_potato","Purple Sweet Potato","vegetables","CURATED_KEYWORD_MATCH","NO - Curated","99%","https://images.unsplash.com/photo-1596620740331-304a92a7948f?auto=format&fit=crop&w=800&q=80","Unsplash / Roasted & Fresh Sweet Potatoes","https://www.google.com/search?q=Purple%20Sweet%20Potato%20food&tbm=isch","=HYPERLINK(""https://www.google.com/search?q=Purple%20Sweet%20Potato%20food&tbm=isch"", ""View Image"")"
"purple_sweet_potato_var_1501","Fresh Organic Purple Sweet Potato","vegetables","CURATED_KEYWORD_MATCH","NO - Curated","99%","https://images.unsplash.com/photo-1596620740331-304a92a7948f?auto=format&fit=crop&w=800&q=80","Unsplash / Roasted & Fresh Sweet Potatoes","https://www.google.com/search?q=Fresh%20Organic%20Purple%20Sweet%20Potato%20food&tbm=isch","=HYPERLINK(""https://www.google.com/search?q=Fresh%20Organic%20Purple%20Sweet%20Potato%20food&tbm=isch"", ""View Image"")"
"purple_sweet_potato_var_1502","Sun-Dried Purple Sweet Potato (Dried)","vegetables","CURATED_KEYWORD_MATCH","NO - Curated","99%","https://images.unsplash.com/photo-1596620740331-304a92a7948f?auto=format&fit=crop&w=800&q=80","Unsplash / Roasted & Fresh Sweet Potatoes","https://www.google.com/search?q=Sun-Dried%20Purple%20Sweet%20Potato%20(Dried)%20food&tbm=isch","=HYPERLINK(""https://www.google.com/search?q=Sun-Dried%20Purple%20Sweet%20Potato%20(Dried)%20food&tbm=isch"", ""View Image"")"
"purple_sweet_potato_var_1503","Himalayan Grade Purple Sweet Potato (Special)","vegetables","CURATED_KEYWORD_MATCH","NO - Curated","99%","https://images.unsplash.com/photo-1596620740331-304a92a7948f?auto=format&fit=crop&w=800&q=80","Unsplash / Roasted & Fresh Sweet Potatoes","https://www.google.com/search?q=Himalayan%20Grade%20Purple%20Sweet%20Potato%20(Special)%20food&tbm=isch","=HYPERLINK(""https://www.google.com/search?q=Himalayan%20Grade%20Purple%20Sweet%20Potato%20(Special)%20food&tbm=isch"", ""View Image"")"
"purple_sweet_potato_var_1504","South Indian Purple Sweet Potato (Traditional)","vegetables","CURATED_KEYWORD_MATCH","NO - Curated","99%","https://images.unsplash.com/photo-1596620740331-304a92a7948f?auto=format&fit=crop&w=800&q=80","Unsplash / Roasted & Fresh Sweet Potatoes","https://www.google.com/search?q=South%20Indian%20Purple%20Sweet%20Potato%20(Traditional)%20food&tbm=isch","=HYPERLINK(""https://www.google.com/search?q=South%20Indian%20Purple%20Sweet%20Potato%20(Traditional)%20food&tbm=isch"", ""View Image"")"
"purple_sweet_potato_var_1505","North Indian Style Purple Sweet Potato (Spiced)","vegetables","CURATED_KEYWORD_MATCH","NO - Curated","99%","https://images.unsplash.com/photo-1596620740331-304a92a7948f?auto=format&fit=crop&w=800&q=80","Unsplash / Roasted & Fresh Sweet Potatoes","https://www.google.com/search?q=North%20Indian%20Style%20Purple%20Sweet%20Potato%20(Spiced)%20food&tbm=isch","=HYPERLINK(""https://www.google.com/search?q=North%20Indian%20Style%20Purple%20Sweet%20Potato%20(Spiced)%20food&tbm=isch"", ""View Image"")"
"purple_sweet_potato_var_1506","Mediterranean Classic Purple Sweet Potato (Imported)","vegetables","CURATED_KEYWORD_MATCH","NO - Curated","99%","https://images.unsplash.com/photo-1596620740331-304a92a7948f?auto=format&fit=crop&w=800&q=80","Unsplash / Roasted & Fresh Sweet Potatoes","https://www.google.com/search?q=Mediterranean%20Classic%20Purple%20Sweet%20Potato%20(Imported)%20food&tbm=isch","=HYPERLINK(""https://www.google.com/search?q=Mediterranean%20Classic%20Purple%20Sweet%20Potato%20(Imported)%20food&tbm=isch"", ""View Image"")"
"purple_sweet_potato_var_1507","Asian Specialty Purple Sweet Potato (Select)","vegetables","CURATED_KEYWORD_MATCH","NO - Curated","99%","https://images.unsplash.com/photo-1596620740331-304a92a7948f?auto=format&fit=crop&w=800&q=80","Unsplash / Roasted & Fresh Sweet Potatoes","https://www.google.com/search?q=Asian%20Specialty%20Purple%20Sweet%20Potato%20(Select)%20food&tbm=isch","=HYPERLINK(""https://www.google.com/search?q=Asian%20Specialty%20Purple%20Sweet%20Potato%20(Select)%20food&tbm=isch"", ""View Image"")"
"purple_sweet_potato_var_1508","European Heirloom Purple Sweet Potato (Artisanal)","vegetables","CURATED_KEYWORD_MATCH","NO - Curated","99%","https://images.unsplash.com/photo-1596620740331-304a92a7948f?auto=format&fit=crop&w=800&q=80","Unsplash / Roasted & Fresh Sweet Potatoes","https://www.google.com/search?q=European%20Heirloom%20Purple%20Sweet%20Potato%20(Artisanal)%20food&tbm=isch","=HYPERLINK(""https://www.google.com/search?q=European%20Heirloom%20Purple%20Sweet%20Potato%20(Artisanal)%20food&tbm=isch"", ""View Image"")"
"purple_sweet_potato_var_1509","Farm-Fresh Premium Purple Sweet Potato (A-Grade)","vegetables","CURATED_KEYWORD_MATCH","NO - Curated","99%","https://images.unsplash.com/photo-1596620740331-304a92a7948f?auto=format&fit=crop&w=800&q=80","Unsplash / Roasted & Fresh Sweet Potatoes","https://www.google.com/search?q=Farm-Fresh%20Premium%20Purple%20Sweet%20Potato%20(A-Grade)%20food&tbm=isch","=HYPERLINK(""https://www.google.com/search?q=Farm-Fresh%20Premium%20Purple%20Sweet%20Potato%20(A-Grade)%20food&tbm=isch"", ""View Image"")"
"purple_sweet_potato_var_1510","Wild-Harvested Purple Sweet Potato (Pure)","vegetables","CURATED_KEYWORD_MATCH","NO - Curated","99%","https://images.unsplash.com/photo-1596620740331-304a92a7948f?auto=format&fit=crop&w=800&q=80","Unsplash / Roasted & Fresh Sweet Potatoes","https://www.google.com/search?q=Wild-Harvested%20Purple%20Sweet%20Potato%20(Pure)%20food&tbm=isch","=HYPERLINK(""https://www.google.com/search?q=Wild-Harvested%20Purple%20Sweet%20Potato%20(Pure)%20food&tbm=isch"", ""View Image"")"
"russet_potato","Russet Potato","vegetables","CURATED_KEYWORD_MATCH","NO - Curated","99%","https://images.unsplash.com/photo-1518977956812-cd3dbadaaf31?auto=format&fit=crop&w=800&q=80","Unsplash / Organic Whole Potatoes","https://www.google.com/search?q=Russet%20Potato%20food&tbm=isch","=HYPERLINK(""https://www.google.com/search?q=Russet%20Potato%20food&tbm=isch"", ""View Image"")"
"russet_potato_var_1511","Fresh Organic Russet Potato","vegetables","CURATED_KEYWORD_MATCH","NO - Curated","99%","https://images.unsplash.com/photo-1518977956812-cd3dbadaaf31?auto=format&fit=crop&w=800&q=80","Unsplash / Organic Whole Potatoes","https://www.google.com/search?q=Fresh%20Organic%20Russet%20Potato%20food&tbm=isch","=HYPERLINK(""https://www.google.com/search?q=Fresh%20Organic%20Russet%20Potato%20food&tbm=isch"", ""View Image"")"
"russet_potato_var_1512","Sun-Dried Russet Potato (Dried)","vegetables","CURATED_KEYWORD_MATCH","NO - Curated","99%","https://images.unsplash.com/photo-1518977956812-cd3dbadaaf31?auto=format&fit=crop&w=800&q=80","Unsplash / Organic Whole Potatoes","https://www.google.com/search?q=Sun-Dried%20Russet%20Potato%20(Dried)%20food&tbm=isch","=HYPERLINK(""https://www.google.com/search?q=Sun-Dried%20Russet%20Potato%20(Dried)%20food&tbm=isch"", ""View Image"")"
"russet_potato_var_1513","Himalayan Grade Russet Potato (Special)","vegetables","CURATED_KEYWORD_MATCH","NO - Curated","99%","https://images.unsplash.com/photo-1518977956812-cd3dbadaaf31?auto=format&fit=crop&w=800&q=80","Unsplash / Organic Whole Potatoes","https://www.google.com/search?q=Himalayan%20Grade%20Russet%20Potato%20(Special)%20food&tbm=isch","=HYPERLINK(""https://www.google.com/search?q=Himalayan%20Grade%20Russet%20Potato%20(Special)%20food&tbm=isch"", ""View Image"")"
"russet_potato_var_1514","South Indian Russet Potato (Traditional)","vegetables","CURATED_KEYWORD_MATCH","NO - Curated","99%","https://images.unsplash.com/photo-1518977956812-cd3dbadaaf31?auto=format&fit=crop&w=800&q=80","Unsplash / Organic Whole Potatoes","https://www.google.com/search?q=South%20Indian%20Russet%20Potato%20(Traditional)%20food&tbm=isch","=HYPERLINK(""https://www.google.com/search?q=South%20Indian%20Russet%20Potato%20(Traditional)%20food&tbm=isch"", ""View Image"")"
"russet_potato_var_1515","North Indian Style Russet Potato (Spiced)","vegetables","CURATED_KEYWORD_MATCH","NO - Curated","99%","https://images.unsplash.com/photo-1518977956812-cd3dbadaaf31?auto=format&fit=crop&w=800&q=80","Unsplash / Organic Whole Potatoes","https://www.google.com/search?q=North%20Indian%20Style%20Russet%20Potato%20(Spiced)%20food&tbm=isch","=HYPERLINK(""https://www.google.com/search?q=North%20Indian%20Style%20Russet%20Potato%20(Spiced)%20food&tbm=isch"", ""View Image"")"
"russet_potato_var_1516","Mediterranean Classic Russet Potato (Imported)","vegetables","CURATED_KEYWORD_MATCH","NO - Curated","99%","https://images.unsplash.com/photo-1518977956812-cd3dbadaaf31?auto=format&fit=crop&w=800&q=80","Unsplash / Organic Whole Potatoes","https://www.google.com/search?q=Mediterranean%20Classic%20Russet%20Potato%20(Imported)%20food&tbm=isch","=HYPERLINK(""https://www.google.com/search?q=Mediterranean%20Classic%20Russet%20Potato%20(Imported)%20food&tbm=isch"", ""View Image"")"
"russet_potato_var_1517","Asian Specialty Russet Potato (Select)","vegetables","CURATED_KEYWORD_MATCH","NO - Curated","99%","https://images.unsplash.com/photo-1518977956812-cd3dbadaaf31?auto=format&fit=crop&w=800&q=80","Unsplash / Organic Whole Potatoes","https://www.google.com/search?q=Asian%20Specialty%20Russet%20Potato%20(Select)%20food&tbm=isch","=HYPERLINK(""https://www.google.com/search?q=Asian%20Specialty%20Russet%20Potato%20(Select)%20food&tbm=isch"", ""View Image"")"
"russet_potato_var_1518","European Heirloom Russet Potato (Artisanal)","vegetables","CURATED_KEYWORD_MATCH","NO - Curated","99%","https://images.unsplash.com/photo-1518977956812-cd3dbadaaf31?auto=format&fit=crop&w=800&q=80","Unsplash / Organic Whole Potatoes","https://www.google.com/search?q=European%20Heirloom%20Russet%20Potato%20(Artisanal)%20food&tbm=isch","=HYPERLINK(""https://www.google.com/search?q=European%20Heirloom%20Russet%20Potato%20(Artisanal)%20food&tbm=isch"", ""View Image"")"
"russet_potato_var_1519","Farm-Fresh Premium Russet Potato (A-Grade)","vegetables","CURATED_KEYWORD_MATCH","NO - Curated","99%","https://images.unsplash.com/photo-1518977956812-cd3dbadaaf31?auto=format&fit=crop&w=800&q=80","Unsplash / Organic Whole Potatoes","https://www.google.com/search?q=Farm-Fresh%20Premium%20Russet%20Potato%20(A-Grade)%20food&tbm=isch","=HYPERLINK(""https://www.google.com/search?q=Farm-Fresh%20Premium%20Russet%20Potato%20(A-Grade)%20food&tbm=isch"", ""View Image"")"
"russet_potato_var_1520","Wild-Harvested Russet Potato (Pure)","vegetables","CURATED_KEYWORD_MATCH","NO - Curated","99%","https://images.unsplash.com/photo-1518977956812-cd3dbadaaf31?auto=format&fit=crop&w=800&q=80","Unsplash / Organic Whole Potatoes","https://www.google.com/search?q=Wild-Harvested%20Russet%20Potato%20(Pure)%20food&tbm=isch","=HYPERLINK(""https://www.google.com/search?q=Wild-Harvested%20Russet%20Potato%20(Pure)%20food&tbm=isch"", ""View Image"")"
"baby_carrots","Baby Carrots","vegetables","CURATED_KEYWORD_MATCH","NO - Curated","99%","https://images.unsplash.com/photo-1598170845058-128a2b64a275?auto=format&fit=crop&w=800&q=80","Unsplash / Crisp Organic Carrots","https://www.google.com/search?q=Baby%20Carrots%20food&tbm=isch","=HYPERLINK(""https://www.google.com/search?q=Baby%20Carrots%20food&tbm=isch"", ""View Image"")"
"baby_carrots_var_1521","Fresh Organic Baby Carrots","vegetables","CURATED_KEYWORD_MATCH","NO - Curated","99%","https://images.unsplash.com/photo-1598170845058-128a2b64a275?auto=format&fit=crop&w=800&q=80","Unsplash / Crisp Organic Carrots","https://www.google.com/search?q=Fresh%20Organic%20Baby%20Carrots%20food&tbm=isch","=HYPERLINK(""https://www.google.com/search?q=Fresh%20Organic%20Baby%20Carrots%20food&tbm=isch"", ""View Image"")"
"baby_carrots_var_1522","Sun-Dried Baby Carrots (Dried)","vegetables","CURATED_KEYWORD_MATCH","NO - Curated","99%","https://images.unsplash.com/photo-1598170845058-128a2b64a275?auto=format&fit=crop&w=800&q=80","Unsplash / Crisp Organic Carrots","https://www.google.com/search?q=Sun-Dried%20Baby%20Carrots%20(Dried)%20food&tbm=isch","=HYPERLINK(""https://www.google.com/search?q=Sun-Dried%20Baby%20Carrots%20(Dried)%20food&tbm=isch"", ""View Image"")"
"baby_carrots_var_1523","Himalayan Grade Baby Carrots (Special)","vegetables","CURATED_KEYWORD_MATCH","NO - Curated","99%","https://images.unsplash.com/photo-1598170845058-128a2b64a275?auto=format&fit=crop&w=800&q=80","Unsplash / Crisp Organic Carrots","https://www.google.com/search?q=Himalayan%20Grade%20Baby%20Carrots%20(Special)%20food&tbm=isch","=HYPERLINK(""https://www.google.com/search?q=Himalayan%20Grade%20Baby%20Carrots%20(Special)%20food&tbm=isch"", ""View Image"")"
"baby_carrots_var_1524","South Indian Baby Carrots (Traditional)","vegetables","CURATED_KEYWORD_MATCH","NO - Curated","99%","https://images.unsplash.com/photo-1598170845058-128a2b64a275?auto=format&fit=crop&w=800&q=80","Unsplash / Crisp Organic Carrots","https://www.google.com/search?q=South%20Indian%20Baby%20Carrots%20(Traditional)%20food&tbm=isch","=HYPERLINK(""https://www.google.com/search?q=South%20Indian%20Baby%20Carrots%20(Traditional)%20food&tbm=isch"", ""View Image"")"
"baby_carrots_var_1525","North Indian Style Baby Carrots (Spiced)","vegetables","CURATED_KEYWORD_MATCH","NO - Curated","99%","https://images.unsplash.com/photo-1598170845058-128a2b64a275?auto=format&fit=crop&w=800&q=80","Unsplash / Crisp Organic Carrots","https://www.google.com/search?q=North%20Indian%20Style%20Baby%20Carrots%20(Spiced)%20food&tbm=isch","=HYPERLINK(""https://www.google.com/search?q=North%20Indian%20Style%20Baby%20Carrots%20(Spiced)%20food&tbm=isch"", ""View Image"")"
"baby_carrots_var_1526","Mediterranean Classic Baby Carrots (Imported)","vegetables","CURATED_KEYWORD_MATCH","NO - Curated","99%","https://images.unsplash.com/photo-1598170845058-128a2b64a275?auto=format&fit=crop&w=800&q=80","Unsplash / Crisp Organic Carrots","https://www.google.com/search?q=Mediterranean%20Classic%20Baby%20Carrots%20(Imported)%20food&tbm=isch","=HYPERLINK(""https://www.google.com/search?q=Mediterranean%20Classic%20Baby%20Carrots%20(Imported)%20food&tbm=isch"", ""View Image"")"
"baby_carrots_var_1527","Asian Specialty Baby Carrots (Select)","vegetables","CURATED_KEYWORD_MATCH","NO - Curated","99%","https://images.unsplash.com/photo-1598170845058-128a2b64a275?auto=format&fit=crop&w=800&q=80","Unsplash / Crisp Organic Carrots","https://www.google.com/search?q=Asian%20Specialty%20Baby%20Carrots%20(Select)%20food&tbm=isch","=HYPERLINK(""https://www.google.com/search?q=Asian%20Specialty%20Baby%20Carrots%20(Select)%20food&tbm=isch"", ""View Image"")"
"baby_carrots_var_1528","European Heirloom Baby Carrots (Artisanal)","vegetables","CURATED_KEYWORD_MATCH","NO - Curated","99%","https://images.unsplash.com/photo-1598170845058-128a2b64a275?auto=format&fit=crop&w=800&q=80","Unsplash / Crisp Organic Carrots","https://www.google.com/search?q=European%20Heirloom%20Baby%20Carrots%20(Artisanal)%20food&tbm=isch","=HYPERLINK(""https://www.google.com/search?q=European%20Heirloom%20Baby%20Carrots%20(Artisanal)%20food&tbm=isch"", ""View Image"")"
"baby_carrots_var_1529","Farm-Fresh Premium Baby Carrots (A-Grade)","vegetables","CURATED_KEYWORD_MATCH","NO - Curated","99%","https://images.unsplash.com/photo-1598170845058-128a2b64a275?auto=format&fit=crop&w=800&q=80","Unsplash / Crisp Organic Carrots","https://www.google.com/search?q=Farm-Fresh%20Premium%20Baby%20Carrots%20(A-Grade)%20food&tbm=isch","=HYPERLINK(""https://www.google.com/search?q=Farm-Fresh%20Premium%20Baby%20Carrots%20(A-Grade)%20food&tbm=isch"", ""View Image"")"
"baby_carrots_var_1530","Wild-Harvested Baby Carrots (Pure)","vegetables","CURATED_KEYWORD_MATCH","NO - Curated","99%","https://images.unsplash.com/photo-1598170845058-128a2b64a275?auto=format&fit=crop&w=800&q=80","Unsplash / Crisp Organic Carrots","https://www.google.com/search?q=Wild-Harvested%20Baby%20Carrots%20(Pure)%20food&tbm=isch","=HYPERLINK(""https://www.google.com/search?q=Wild-Harvested%20Baby%20Carrots%20(Pure)%20food&tbm=isch"", ""View Image"")"
"english_cucumber","English Cucumber","vegetables","CURATED_KEYWORD_MATCH","NO - Curated","99%","https://images.unsplash.com/photo-1604977042946-1eecc30f269e?auto=format&fit=crop&w=800&q=80","Unsplash / Crisp Sliced Cucumbers","https://www.google.com/search?q=English%20Cucumber%20food&tbm=isch","=HYPERLINK(""https://www.google.com/search?q=English%20Cucumber%20food&tbm=isch"", ""View Image"")"
"english_cucumber_var_1531","Fresh Organic English Cucumber","vegetables","CURATED_KEYWORD_MATCH","NO - Curated","99%","https://images.unsplash.com/photo-1604977042946-1eecc30f269e?auto=format&fit=crop&w=800&q=80","Unsplash / Crisp Sliced Cucumbers","https://www.google.com/search?q=Fresh%20Organic%20English%20Cucumber%20food&tbm=isch","=HYPERLINK(""https://www.google.com/search?q=Fresh%20Organic%20English%20Cucumber%20food&tbm=isch"", ""View Image"")"
"english_cucumber_var_1532","Sun-Dried English Cucumber (Dried)","vegetables","CURATED_KEYWORD_MATCH","NO - Curated","99%","https://images.unsplash.com/photo-1604977042946-1eecc30f269e?auto=format&fit=crop&w=800&q=80","Unsplash / Crisp Sliced Cucumbers","https://www.google.com/search?q=Sun-Dried%20English%20Cucumber%20(Dried)%20food&tbm=isch","=HYPERLINK(""https://www.google.com/search?q=Sun-Dried%20English%20Cucumber%20(Dried)%20food&tbm=isch"", ""View Image"")"
"english_cucumber_var_1533","Himalayan Grade English Cucumber (Special)","vegetables","CURATED_KEYWORD_MATCH","NO - Curated","99%","https://images.unsplash.com/photo-1604977042946-1eecc30f269e?auto=format&fit=crop&w=800&q=80","Unsplash / Crisp Sliced Cucumbers","https://www.google.com/search?q=Himalayan%20Grade%20English%20Cucumber%20(Special)%20food&tbm=isch","=HYPERLINK(""https://www.google.com/search?q=Himalayan%20Grade%20English%20Cucumber%20(Special)%20food&tbm=isch"", ""View Image"")"
"english_cucumber_var_1534","South Indian English Cucumber (Traditional)","vegetables","CURATED_KEYWORD_MATCH","NO - Curated","99%","https://images.unsplash.com/photo-1604977042946-1eecc30f269e?auto=format&fit=crop&w=800&q=80","Unsplash / Crisp Sliced Cucumbers","https://www.google.com/search?q=South%20Indian%20English%20Cucumber%20(Traditional)%20food&tbm=isch","=HYPERLINK(""https://www.google.com/search?q=South%20Indian%20English%20Cucumber%20(Traditional)%20food&tbm=isch"", ""View Image"")"
"english_cucumber_var_1535","North Indian Style English Cucumber (Spiced)","vegetables","CURATED_KEYWORD_MATCH","NO - Curated","99%","https://images.unsplash.com/photo-1604977042946-1eecc30f269e?auto=format&fit=crop&w=800&q=80","Unsplash / Crisp Sliced Cucumbers","https://www.google.com/search?q=North%20Indian%20Style%20English%20Cucumber%20(Spiced)%20food&tbm=isch","=HYPERLINK(""https://www.google.com/search?q=North%20Indian%20Style%20English%20Cucumber%20(Spiced)%20food&tbm=isch"", ""View Image"")"
"english_cucumber_var_1536","Mediterranean Classic English Cucumber (Imported)","vegetables","CURATED_KEYWORD_MATCH","NO - Curated","99%","https://images.unsplash.com/photo-1604977042946-1eecc30f269e?auto=format&fit=crop&w=800&q=80","Unsplash / Crisp Sliced Cucumbers","https://www.google.com/search?q=Mediterranean%20Classic%20English%20Cucumber%20(Imported)%20food&tbm=isch","=HYPERLINK(""https://www.google.com/search?q=Mediterranean%20Classic%20English%20Cucumber%20(Imported)%20food&tbm=isch"", ""View Image"")"
"english_cucumber_var_1537","Asian Specialty English Cucumber (Select)","vegetables","CURATED_KEYWORD_MATCH","NO - Curated","99%","https://images.unsplash.com/photo-1604977042946-1eecc30f269e?auto=format&fit=crop&w=800&q=80","Unsplash / Crisp Sliced Cucumbers","https://www.google.com/search?q=Asian%20Specialty%20English%20Cucumber%20(Select)%20food&tbm=isch","=HYPERLINK(""https://www.google.com/search?q=Asian%20Specialty%20English%20Cucumber%20(Select)%20food&tbm=isch"", ""View Image"")"
"english_cucumber_var_1538","European Heirloom English Cucumber (Artisanal)","vegetables","CURATED_KEYWORD_MATCH","NO - Curated","99%","https://images.unsplash.com/photo-1604977042946-1eecc30f269e?auto=format&fit=crop&w=800&q=80","Unsplash / Crisp Sliced Cucumbers","https://www.google.com/search?q=European%20Heirloom%20English%20Cucumber%20(Artisanal)%20food&tbm=isch","=HYPERLINK(""https://www.google.com/search?q=European%20Heirloom%20English%20Cucumber%20(Artisanal)%20food&tbm=isch"", ""View Image"")"
"english_cucumber_var_1539","Farm-Fresh Premium English Cucumber (A-Grade)","vegetables","CURATED_KEYWORD_MATCH","NO - Curated","99%","https://images.unsplash.com/photo-1604977042946-1eecc30f269e?auto=format&fit=crop&w=800&q=80","Unsplash / Crisp Sliced Cucumbers","https://www.google.com/search?q=Farm-Fresh%20Premium%20English%20Cucumber%20(A-Grade)%20food&tbm=isch","=HYPERLINK(""https://www.google.com/search?q=Farm-Fresh%20Premium%20English%20Cucumber%20(A-Grade)%20food&tbm=isch"", ""View Image"")"
"english_cucumber_var_1540","Wild-Harvested English Cucumber (Pure)","vegetables","CURATED_KEYWORD_MATCH","NO - Curated","99%","https://images.unsplash.com/photo-1604977042946-1eecc30f269e?auto=format&fit=crop&w=800&q=80","Unsplash / Crisp Sliced Cucumbers","https://www.google.com/search?q=Wild-Harvested%20English%20Cucumber%20(Pure)%20food&tbm=isch","=HYPERLINK(""https://www.google.com/search?q=Wild-Harvested%20English%20Cucumber%20(Pure)%20food&tbm=isch"", ""View Image"")"
"roma_tomato","Roma Tomato","vegetables","CURATED_KEYWORD_MATCH","NO - Curated","99%","https://images.unsplash.com/photo-1561136594-7f68413baa99?auto=format&fit=crop&w=800&q=80","Unsplash / Vine-Ripe Red Tomatoes","https://www.google.com/search?q=Roma%20Tomato%20food&tbm=isch","=HYPERLINK(""https://www.google.com/search?q=Roma%20Tomato%20food&tbm=isch"", ""View Image"")"
"roma_tomato_var_1541","Fresh Organic Roma Tomato","vegetables","CURATED_KEYWORD_MATCH","NO - Curated","99%","https://images.unsplash.com/photo-1561136594-7f68413baa99?auto=format&fit=crop&w=800&q=80","Unsplash / Vine-Ripe Red Tomatoes","https://www.google.com/search?q=Fresh%20Organic%20Roma%20Tomato%20food&tbm=isch","=HYPERLINK(""https://www.google.com/search?q=Fresh%20Organic%20Roma%20Tomato%20food&tbm=isch"", ""View Image"")"
"roma_tomato_var_1542","Sun-Dried Roma Tomato (Dried)","vegetables","CURATED_KEYWORD_MATCH","NO - Curated","99%","https://images.unsplash.com/photo-1561136594-7f68413baa99?auto=format&fit=crop&w=800&q=80","Unsplash / Vine-Ripe Red Tomatoes","https://www.google.com/search?q=Sun-Dried%20Roma%20Tomato%20(Dried)%20food&tbm=isch","=HYPERLINK(""https://www.google.com/search?q=Sun-Dried%20Roma%20Tomato%20(Dried)%20food&tbm=isch"", ""View Image"")"
"roma_tomato_var_1543","Himalayan Grade Roma Tomato (Special)","vegetables","CURATED_KEYWORD_MATCH","NO - Curated","99%","https://images.unsplash.com/photo-1561136594-7f68413baa99?auto=format&fit=crop&w=800&q=80","Unsplash / Vine-Ripe Red Tomatoes","https://www.google.com/search?q=Himalayan%20Grade%20Roma%20Tomato%20(Special)%20food&tbm=isch","=HYPERLINK(""https://www.google.com/search?q=Himalayan%20Grade%20Roma%20Tomato%20(Special)%20food&tbm=isch"", ""View Image"")"
"roma_tomato_var_1544","South Indian Roma Tomato (Traditional)","vegetables","CURATED_KEYWORD_MATCH","NO - Curated","99%","https://images.unsplash.com/photo-1561136594-7f68413baa99?auto=format&fit=crop&w=800&q=80","Unsplash / Vine-Ripe Red Tomatoes","https://www.google.com/search?q=South%20Indian%20Roma%20Tomato%20(Traditional)%20food&tbm=isch","=HYPERLINK(""https://www.google.com/search?q=South%20Indian%20Roma%20Tomato%20(Traditional)%20food&tbm=isch"", ""View Image"")"
"roma_tomato_var_1545","North Indian Style Roma Tomato (Spiced)","vegetables","CURATED_KEYWORD_MATCH","NO - Curated","99%","https://images.unsplash.com/photo-1561136594-7f68413baa99?auto=format&fit=crop&w=800&q=80","Unsplash / Vine-Ripe Red Tomatoes","https://www.google.com/search?q=North%20Indian%20Style%20Roma%20Tomato%20(Spiced)%20food&tbm=isch","=HYPERLINK(""https://www.google.com/search?q=North%20Indian%20Style%20Roma%20Tomato%20(Spiced)%20food&tbm=isch"", ""View Image"")"
"roma_tomato_var_1546","Mediterranean Classic Roma Tomato (Imported)","vegetables","CURATED_KEYWORD_MATCH","NO - Curated","99%","https://images.unsplash.com/photo-1561136594-7f68413baa99?auto=format&fit=crop&w=800&q=80","Unsplash / Vine-Ripe Red Tomatoes","https://www.google.com/search?q=Mediterranean%20Classic%20Roma%20Tomato%20(Imported)%20food&tbm=isch","=HYPERLINK(""https://www.google.com/search?q=Mediterranean%20Classic%20Roma%20Tomato%20(Imported)%20food&tbm=isch"", ""View Image"")"
"roma_tomato_var_1547","Asian Specialty Roma Tomato (Select)","vegetables","CURATED_KEYWORD_MATCH","NO - Curated","99%","https://images.unsplash.com/photo-1561136594-7f68413baa99?auto=format&fit=crop&w=800&q=80","Unsplash / Vine-Ripe Red Tomatoes","https://www.google.com/search?q=Asian%20Specialty%20Roma%20Tomato%20(Select)%20food&tbm=isch","=HYPERLINK(""https://www.google.com/search?q=Asian%20Specialty%20Roma%20Tomato%20(Select)%20food&tbm=isch"", ""View Image"")"
"roma_tomato_var_1548","European Heirloom Roma Tomato (Artisanal)","vegetables","CURATED_KEYWORD_MATCH","NO - Curated","99%","https://images.unsplash.com/photo-1561136594-7f68413baa99?auto=format&fit=crop&w=800&q=80","Unsplash / Vine-Ripe Red Tomatoes","https://www.google.com/search?q=European%20Heirloom%20Roma%20Tomato%20(Artisanal)%20food&tbm=isch","=HYPERLINK(""https://www.google.com/search?q=European%20Heirloom%20Roma%20Tomato%20(Artisanal)%20food&tbm=isch"", ""View Image"")"
"roma_tomato_var_1549","Farm-Fresh Premium Roma Tomato (A-Grade)","vegetables","CURATED_KEYWORD_MATCH","NO - Curated","99%","https://images.unsplash.com/photo-1561136594-7f68413baa99?auto=format&fit=crop&w=800&q=80","Unsplash / Vine-Ripe Red Tomatoes","https://www.google.com/search?q=Farm-Fresh%20Premium%20Roma%20Tomato%20(A-Grade)%20food&tbm=isch","=HYPERLINK(""https://www.google.com/search?q=Farm-Fresh%20Premium%20Roma%20Tomato%20(A-Grade)%20food&tbm=isch"", ""View Image"")"
"roma_tomato_var_1550","Wild-Harvested Roma Tomato (Pure)","vegetables","CURATED_KEYWORD_MATCH","NO - Curated","99%","https://images.unsplash.com/photo-1561136594-7f68413baa99?auto=format&fit=crop&w=800&q=80","Unsplash / Vine-Ripe Red Tomatoes","https://www.google.com/search?q=Wild-Harvested%20Roma%20Tomato%20(Pure)%20food&tbm=isch","=HYPERLINK(""https://www.google.com/search?q=Wild-Harvested%20Roma%20Tomato%20(Pure)%20food&tbm=isch"", ""View Image"")"
"cherry_tomatoes","Cherry Tomatoes","vegetables","CURATED_KEYWORD_MATCH","NO - Curated","99%","https://images.unsplash.com/photo-1528821128474-27f963b062bf?auto=format&fit=crop&w=800&q=80","Unsplash / Fresh Ripe Red Cherries","https://www.google.com/search?q=Cherry%20Tomatoes%20food&tbm=isch","=HYPERLINK(""https://www.google.com/search?q=Cherry%20Tomatoes%20food&tbm=isch"", ""View Image"")"
"cherry_tomatoes_var_1551","Fresh Organic Cherry Tomatoes","vegetables","CURATED_KEYWORD_MATCH","NO - Curated","99%","https://images.unsplash.com/photo-1528821128474-27f963b062bf?auto=format&fit=crop&w=800&q=80","Unsplash / Fresh Ripe Red Cherries","https://www.google.com/search?q=Fresh%20Organic%20Cherry%20Tomatoes%20food&tbm=isch","=HYPERLINK(""https://www.google.com/search?q=Fresh%20Organic%20Cherry%20Tomatoes%20food&tbm=isch"", ""View Image"")"
"cherry_tomatoes_var_1552","Sun-Dried Cherry Tomatoes (Dried)","vegetables","CURATED_KEYWORD_MATCH","NO - Curated","99%","https://images.unsplash.com/photo-1528821128474-27f963b062bf?auto=format&fit=crop&w=800&q=80","Unsplash / Fresh Ripe Red Cherries","https://www.google.com/search?q=Sun-Dried%20Cherry%20Tomatoes%20(Dried)%20food&tbm=isch","=HYPERLINK(""https://www.google.com/search?q=Sun-Dried%20Cherry%20Tomatoes%20(Dried)%20food&tbm=isch"", ""View Image"")"
"cherry_tomatoes_var_1553","Himalayan Grade Cherry Tomatoes (Special)","vegetables","CURATED_KEYWORD_MATCH","NO - Curated","99%","https://images.unsplash.com/photo-1528821128474-27f963b062bf?auto=format&fit=crop&w=800&q=80","Unsplash / Fresh Ripe Red Cherries","https://www.google.com/search?q=Himalayan%20Grade%20Cherry%20Tomatoes%20(Special)%20food&tbm=isch","=HYPERLINK(""https://www.google.com/search?q=Himalayan%20Grade%20Cherry%20Tomatoes%20(Special)%20food&tbm=isch"", ""View Image"")"
"cherry_tomatoes_var_1554","South Indian Cherry Tomatoes (Traditional)","vegetables","CURATED_KEYWORD_MATCH","NO - Curated","99%","https://images.unsplash.com/photo-1528821128474-27f963b062bf?auto=format&fit=crop&w=800&q=80","Unsplash / Fresh Ripe Red Cherries","https://www.google.com/search?q=South%20Indian%20Cherry%20Tomatoes%20(Traditional)%20food&tbm=isch","=HYPERLINK(""https://www.google.com/search?q=South%20Indian%20Cherry%20Tomatoes%20(Traditional)%20food&tbm=isch"", ""View Image"")"
"cherry_tomatoes_var_1555","North Indian Style Cherry Tomatoes (Spiced)","vegetables","CURATED_KEYWORD_MATCH","NO - Curated","99%","https://images.unsplash.com/photo-1528821128474-27f963b062bf?auto=format&fit=crop&w=800&q=80","Unsplash / Fresh Ripe Red Cherries","https://www.google.com/search?q=North%20Indian%20Style%20Cherry%20Tomatoes%20(Spiced)%20food&tbm=isch","=HYPERLINK(""https://www.google.com/search?q=North%20Indian%20Style%20Cherry%20Tomatoes%20(Spiced)%20food&tbm=isch"", ""View Image"")"
"cherry_tomatoes_var_1556","Mediterranean Classic Cherry Tomatoes (Imported)","vegetables","CURATED_KEYWORD_MATCH","NO - Curated","99%","https://images.unsplash.com/photo-1528821128474-27f963b062bf?auto=format&fit=crop&w=800&q=80","Unsplash / Fresh Ripe Red Cherries","https://www.google.com/search?q=Mediterranean%20Classic%20Cherry%20Tomatoes%20(Imported)%20food&tbm=isch","=HYPERLINK(""https://www.google.com/search?q=Mediterranean%20Classic%20Cherry%20Tomatoes%20(Imported)%20food&tbm=isch"", ""View Image"")"
"cherry_tomatoes_var_1557","Asian Specialty Cherry Tomatoes (Select)","vegetables","CURATED_KEYWORD_MATCH","NO - Curated","99%","https://images.unsplash.com/photo-1528821128474-27f963b062bf?auto=format&fit=crop&w=800&q=80","Unsplash / Fresh Ripe Red Cherries","https://www.google.com/search?q=Asian%20Specialty%20Cherry%20Tomatoes%20(Select)%20food&tbm=isch","=HYPERLINK(""https://www.google.com/search?q=Asian%20Specialty%20Cherry%20Tomatoes%20(Select)%20food&tbm=isch"", ""View Image"")"
"cherry_tomatoes_var_1558","European Heirloom Cherry Tomatoes (Artisanal)","vegetables","CURATED_KEYWORD_MATCH","NO - Curated","99%","https://images.unsplash.com/photo-1528821128474-27f963b062bf?auto=format&fit=crop&w=800&q=80","Unsplash / Fresh Ripe Red Cherries","https://www.google.com/search?q=European%20Heirloom%20Cherry%20Tomatoes%20(Artisanal)%20food&tbm=isch","=HYPERLINK(""https://www.google.com/search?q=European%20Heirloom%20Cherry%20Tomatoes%20(Artisanal)%20food&tbm=isch"", ""View Image"")"
"cherry_tomatoes_var_1559","Farm-Fresh Premium Cherry Tomatoes (A-Grade)","vegetables","CURATED_KEYWORD_MATCH","NO - Curated","99%","https://images.unsplash.com/photo-1528821128474-27f963b062bf?auto=format&fit=crop&w=800&q=80","Unsplash / Fresh Ripe Red Cherries","https://www.google.com/search?q=Farm-Fresh%20Premium%20Cherry%20Tomatoes%20(A-Grade)%20food&tbm=isch","=HYPERLINK(""https://www.google.com/search?q=Farm-Fresh%20Premium%20Cherry%20Tomatoes%20(A-Grade)%20food&tbm=isch"", ""View Image"")"
"cherry_tomatoes_var_1560","Wild-Harvested Cherry Tomatoes (Pure)","vegetables","CURATED_KEYWORD_MATCH","NO - Curated","99%","https://images.unsplash.com/photo-1528821128474-27f963b062bf?auto=format&fit=crop&w=800&q=80","Unsplash / Fresh Ripe Red Cherries","https://www.google.com/search?q=Wild-Harvested%20Cherry%20Tomatoes%20(Pure)%20food&tbm=isch","=HYPERLINK(""https://www.google.com/search?q=Wild-Harvested%20Cherry%20Tomatoes%20(Pure)%20food&tbm=isch"", ""View Image"")"
"red_onion","Red Onion","vegetables","CURATED_KEYWORD_MATCH","NO - Curated","99%","https://images.unsplash.com/photo-1618512496248-a07fe83aa8cf?auto=format&fit=crop&w=800&q=80","Unsplash / Fresh Crisp Red Onions","https://www.google.com/search?q=Red%20Onion%20food&tbm=isch","=HYPERLINK(""https://www.google.com/search?q=Red%20Onion%20food&tbm=isch"", ""View Image"")"
"red_onion_var_1561","Fresh Organic Red Onion","vegetables","CURATED_KEYWORD_MATCH","NO - Curated","99%","https://images.unsplash.com/photo-1618512496248-a07fe83aa8cf?auto=format&fit=crop&w=800&q=80","Unsplash / Fresh Crisp Red Onions","https://www.google.com/search?q=Fresh%20Organic%20Red%20Onion%20food&tbm=isch","=HYPERLINK(""https://www.google.com/search?q=Fresh%20Organic%20Red%20Onion%20food&tbm=isch"", ""View Image"")"
"red_onion_var_1562","Sun-Dried Red Onion (Dried)","vegetables","CURATED_KEYWORD_MATCH","NO - Curated","99%","https://images.unsplash.com/photo-1618512496248-a07fe83aa8cf?auto=format&fit=crop&w=800&q=80","Unsplash / Fresh Crisp Red Onions","https://www.google.com/search?q=Sun-Dried%20Red%20Onion%20(Dried)%20food&tbm=isch","=HYPERLINK(""https://www.google.com/search?q=Sun-Dried%20Red%20Onion%20(Dried)%20food&tbm=isch"", ""View Image"")"
"red_onion_var_1563","Himalayan Grade Red Onion (Special)","vegetables","CURATED_KEYWORD_MATCH","NO - Curated","99%","https://images.unsplash.com/photo-1618512496248-a07fe83aa8cf?auto=format&fit=crop&w=800&q=80","Unsplash / Fresh Crisp Red Onions","https://www.google.com/search?q=Himalayan%20Grade%20Red%20Onion%20(Special)%20food&tbm=isch","=HYPERLINK(""https://www.google.com/search?q=Himalayan%20Grade%20Red%20Onion%20(Special)%20food&tbm=isch"", ""View Image"")"
"red_onion_var_1564","South Indian Red Onion (Traditional)","vegetables","CURATED_KEYWORD_MATCH","NO - Curated","99%","https://images.unsplash.com/photo-1618512496248-a07fe83aa8cf?auto=format&fit=crop&w=800&q=80","Unsplash / Fresh Crisp Red Onions","https://www.google.com/search?q=South%20Indian%20Red%20Onion%20(Traditional)%20food&tbm=isch","=HYPERLINK(""https://www.google.com/search?q=South%20Indian%20Red%20Onion%20(Traditional)%20food&tbm=isch"", ""View Image"")"
"red_onion_var_1565","North Indian Style Red Onion (Spiced)","vegetables","CURATED_KEYWORD_MATCH","NO - Curated","99%","https://images.unsplash.com/photo-1618512496248-a07fe83aa8cf?auto=format&fit=crop&w=800&q=80","Unsplash / Fresh Crisp Red Onions","https://www.google.com/search?q=North%20Indian%20Style%20Red%20Onion%20(Spiced)%20food&tbm=isch","=HYPERLINK(""https://www.google.com/search?q=North%20Indian%20Style%20Red%20Onion%20(Spiced)%20food&tbm=isch"", ""View Image"")"
"red_onion_var_1566","Mediterranean Classic Red Onion (Imported)","vegetables","CURATED_KEYWORD_MATCH","NO - Curated","99%","https://images.unsplash.com/photo-1618512496248-a07fe83aa8cf?auto=format&fit=crop&w=800&q=80","Unsplash / Fresh Crisp Red Onions","https://www.google.com/search?q=Mediterranean%20Classic%20Red%20Onion%20(Imported)%20food&tbm=isch","=HYPERLINK(""https://www.google.com/search?q=Mediterranean%20Classic%20Red%20Onion%20(Imported)%20food&tbm=isch"", ""View Image"")"
"red_onion_var_1567","Asian Specialty Red Onion (Select)","vegetables","CURATED_KEYWORD_MATCH","NO - Curated","99%","https://images.unsplash.com/photo-1618512496248-a07fe83aa8cf?auto=format&fit=crop&w=800&q=80","Unsplash / Fresh Crisp Red Onions","https://www.google.com/search?q=Asian%20Specialty%20Red%20Onion%20(Select)%20food&tbm=isch","=HYPERLINK(""https://www.google.com/search?q=Asian%20Specialty%20Red%20Onion%20(Select)%20food&tbm=isch"", ""View Image"")"
"red_onion_var_1568","European Heirloom Red Onion (Artisanal)","vegetables","CURATED_KEYWORD_MATCH","NO - Curated","99%","https://images.unsplash.com/photo-1618512496248-a07fe83aa8cf?auto=format&fit=crop&w=800&q=80","Unsplash / Fresh Crisp Red Onions","https://www.google.com/search?q=European%20Heirloom%20Red%20Onion%20(Artisanal)%20food&tbm=isch","=HYPERLINK(""https://www.google.com/search?q=European%20Heirloom%20Red%20Onion%20(Artisanal)%20food&tbm=isch"", ""View Image"")"
"red_onion_var_1569","Farm-Fresh Premium Red Onion (A-Grade)","vegetables","CURATED_KEYWORD_MATCH","NO - Curated","99%","https://images.unsplash.com/photo-1618512496248-a07fe83aa8cf?auto=format&fit=crop&w=800&q=80","Unsplash / Fresh Crisp Red Onions","https://www.google.com/search?q=Farm-Fresh%20Premium%20Red%20Onion%20(A-Grade)%20food&tbm=isch","=HYPERLINK(""https://www.google.com/search?q=Farm-Fresh%20Premium%20Red%20Onion%20(A-Grade)%20food&tbm=isch"", ""View Image"")"
"red_onion_var_1570","Wild-Harvested Red Onion (Pure)","vegetables","CURATED_KEYWORD_MATCH","NO - Curated","99%","https://images.unsplash.com/photo-1618512496248-a07fe83aa8cf?auto=format&fit=crop&w=800&q=80","Unsplash / Fresh Crisp Red Onions","https://www.google.com/search?q=Wild-Harvested%20Red%20Onion%20(Pure)%20food&tbm=isch","=HYPERLINK(""https://www.google.com/search?q=Wild-Harvested%20Red%20Onion%20(Pure)%20food&tbm=isch"", ""View Image"")"
"garlic_clove","Garlic Clove","vegetables","CURATED_KEYWORD_MATCH","NO - Curated","99%","https://images.unsplash.com/photo-1615475689030-8c9f177d5e37?auto=format&fit=crop&w=800&q=80","Unsplash / Fresh Garlic Bulbs & Cloves","https://www.google.com/search?q=Garlic%20Clove%20food&tbm=isch","=HYPERLINK(""https://www.google.com/search?q=Garlic%20Clove%20food&tbm=isch"", ""View Image"")"
"garlic_clove_var_1571","Fresh Organic Garlic Clove","vegetables","CURATED_KEYWORD_MATCH","NO - Curated","99%","https://images.unsplash.com/photo-1615475689030-8c9f177d5e37?auto=format&fit=crop&w=800&q=80","Unsplash / Fresh Garlic Bulbs & Cloves","https://www.google.com/search?q=Fresh%20Organic%20Garlic%20Clove%20food&tbm=isch","=HYPERLINK(""https://www.google.com/search?q=Fresh%20Organic%20Garlic%20Clove%20food&tbm=isch"", ""View Image"")"
"garlic_clove_var_1572","Sun-Dried Garlic Clove (Dried)","vegetables","CURATED_KEYWORD_MATCH","NO - Curated","99%","https://images.unsplash.com/photo-1615475689030-8c9f177d5e37?auto=format&fit=crop&w=800&q=80","Unsplash / Fresh Garlic Bulbs & Cloves","https://www.google.com/search?q=Sun-Dried%20Garlic%20Clove%20(Dried)%20food&tbm=isch","=HYPERLINK(""https://www.google.com/search?q=Sun-Dried%20Garlic%20Clove%20(Dried)%20food&tbm=isch"", ""View Image"")"
"garlic_clove_var_1573","Himalayan Grade Garlic Clove (Special)","vegetables","CURATED_KEYWORD_MATCH","NO - Curated","99%","https://images.unsplash.com/photo-1615475689030-8c9f177d5e37?auto=format&fit=crop&w=800&q=80","Unsplash / Fresh Garlic Bulbs & Cloves","https://www.google.com/search?q=Himalayan%20Grade%20Garlic%20Clove%20(Special)%20food&tbm=isch","=HYPERLINK(""https://www.google.com/search?q=Himalayan%20Grade%20Garlic%20Clove%20(Special)%20food&tbm=isch"", ""View Image"")"
"garlic_clove_var_1574","South Indian Garlic Clove (Traditional)","vegetables","CURATED_KEYWORD_MATCH","NO - Curated","99%","https://images.unsplash.com/photo-1615475689030-8c9f177d5e37?auto=format&fit=crop&w=800&q=80","Unsplash / Fresh Garlic Bulbs & Cloves","https://www.google.com/search?q=South%20Indian%20Garlic%20Clove%20(Traditional)%20food&tbm=isch","=HYPERLINK(""https://www.google.com/search?q=South%20Indian%20Garlic%20Clove%20(Traditional)%20food&tbm=isch"", ""View Image"")"
"garlic_clove_var_1575","North Indian Style Garlic Clove (Spiced)","vegetables","CURATED_KEYWORD_MATCH","NO - Curated","99%","https://images.unsplash.com/photo-1615475689030-8c9f177d5e37?auto=format&fit=crop&w=800&q=80","Unsplash / Fresh Garlic Bulbs & Cloves","https://www.google.com/search?q=North%20Indian%20Style%20Garlic%20Clove%20(Spiced)%20food&tbm=isch","=HYPERLINK(""https://www.google.com/search?q=North%20Indian%20Style%20Garlic%20Clove%20(Spiced)%20food&tbm=isch"", ""View Image"")"
"garlic_clove_var_1576","Mediterranean Classic Garlic Clove (Imported)","vegetables","CURATED_KEYWORD_MATCH","NO - Curated","99%","https://images.unsplash.com/photo-1615475689030-8c9f177d5e37?auto=format&fit=crop&w=800&q=80","Unsplash / Fresh Garlic Bulbs & Cloves","https://www.google.com/search?q=Mediterranean%20Classic%20Garlic%20Clove%20(Imported)%20food&tbm=isch","=HYPERLINK(""https://www.google.com/search?q=Mediterranean%20Classic%20Garlic%20Clove%20(Imported)%20food&tbm=isch"", ""View Image"")"
"garlic_clove_var_1577","Asian Specialty Garlic Clove (Select)","vegetables","CURATED_KEYWORD_MATCH","NO - Curated","99%","https://images.unsplash.com/photo-1615475689030-8c9f177d5e37?auto=format&fit=crop&w=800&q=80","Unsplash / Fresh Garlic Bulbs & Cloves","https://www.google.com/search?q=Asian%20Specialty%20Garlic%20Clove%20(Select)%20food&tbm=isch","=HYPERLINK(""https://www.google.com/search?q=Asian%20Specialty%20Garlic%20Clove%20(Select)%20food&tbm=isch"", ""View Image"")"
"garlic_clove_var_1578","European Heirloom Garlic Clove (Artisanal)","vegetables","CURATED_KEYWORD_MATCH","NO - Curated","99%","https://images.unsplash.com/photo-1615475689030-8c9f177d5e37?auto=format&fit=crop&w=800&q=80","Unsplash / Fresh Garlic Bulbs & Cloves","https://www.google.com/search?q=European%20Heirloom%20Garlic%20Clove%20(Artisanal)%20food&tbm=isch","=HYPERLINK(""https://www.google.com/search?q=European%20Heirloom%20Garlic%20Clove%20(Artisanal)%20food&tbm=isch"", ""View Image"")"
"garlic_clove_var_1579","Farm-Fresh Premium Garlic Clove (A-Grade)","vegetables","CURATED_KEYWORD_MATCH","NO - Curated","99%","https://images.unsplash.com/photo-1615475689030-8c9f177d5e37?auto=format&fit=crop&w=800&q=80","Unsplash / Fresh Garlic Bulbs & Cloves","https://www.google.com/search?q=Farm-Fresh%20Premium%20Garlic%20Clove%20(A-Grade)%20food&tbm=isch","=HYPERLINK(""https://www.google.com/search?q=Farm-Fresh%20Premium%20Garlic%20Clove%20(A-Grade)%20food&tbm=isch"", ""View Image"")"
"garlic_clove_var_1580","Wild-Harvested Garlic Clove (Pure)","vegetables","CURATED_KEYWORD_MATCH","NO - Curated","99%","https://images.unsplash.com/photo-1615475689030-8c9f177d5e37?auto=format&fit=crop&w=800&q=80","Unsplash / Fresh Garlic Bulbs & Cloves","https://www.google.com/search?q=Wild-Harvested%20Garlic%20Clove%20(Pure)%20food&tbm=isch","=HYPERLINK(""https://www.google.com/search?q=Wild-Harvested%20Garlic%20Clove%20(Pure)%20food&tbm=isch"", ""View Image"")"
"red_bell_pepper","Red Bell Pepper","vegetables","CURATED_KEYWORD_MATCH","NO - Curated","99%","https://images.unsplash.com/photo-1563565375-f3fdfdbefa83?auto=format&fit=crop&w=800&q=80","Unsplash / Colorful Crisp Red Bell Peppers","https://www.google.com/search?q=Red%20Bell%20Pepper%20food&tbm=isch","=HYPERLINK(""https://www.google.com/search?q=Red%20Bell%20Pepper%20food&tbm=isch"", ""View Image"")"
"red_bell_pepper_var_1581","Fresh Organic Red Bell Pepper","vegetables","CURATED_KEYWORD_MATCH","NO - Curated","99%","https://images.unsplash.com/photo-1563565375-f3fdfdbefa83?auto=format&fit=crop&w=800&q=80","Unsplash / Colorful Crisp Red Bell Peppers","https://www.google.com/search?q=Fresh%20Organic%20Red%20Bell%20Pepper%20food&tbm=isch","=HYPERLINK(""https://www.google.com/search?q=Fresh%20Organic%20Red%20Bell%20Pepper%20food&tbm=isch"", ""View Image"")"
"red_bell_pepper_var_1582","Sun-Dried Red Bell Pepper (Dried)","vegetables","CURATED_KEYWORD_MATCH","NO - Curated","99%","https://images.unsplash.com/photo-1563565375-f3fdfdbefa83?auto=format&fit=crop&w=800&q=80","Unsplash / Colorful Crisp Red Bell Peppers","https://www.google.com/search?q=Sun-Dried%20Red%20Bell%20Pepper%20(Dried)%20food&tbm=isch","=HYPERLINK(""https://www.google.com/search?q=Sun-Dried%20Red%20Bell%20Pepper%20(Dried)%20food&tbm=isch"", ""View Image"")"
"red_bell_pepper_var_1583","Himalayan Grade Red Bell Pepper (Special)","vegetables","CURATED_KEYWORD_MATCH","NO - Curated","99%","https://images.unsplash.com/photo-1563565375-f3fdfdbefa83?auto=format&fit=crop&w=800&q=80","Unsplash / Colorful Crisp Red Bell Peppers","https://www.google.com/search?q=Himalayan%20Grade%20Red%20Bell%20Pepper%20(Special)%20food&tbm=isch","=HYPERLINK(""https://www.google.com/search?q=Himalayan%20Grade%20Red%20Bell%20Pepper%20(Special)%20food&tbm=isch"", ""View Image"")"
"red_bell_pepper_var_1584","South Indian Red Bell Pepper (Traditional)","vegetables","CURATED_KEYWORD_MATCH","NO - Curated","99%","https://images.unsplash.com/photo-1563565375-f3fdfdbefa83?auto=format&fit=crop&w=800&q=80","Unsplash / Colorful Crisp Red Bell Peppers","https://www.google.com/search?q=South%20Indian%20Red%20Bell%20Pepper%20(Traditional)%20food&tbm=isch","=HYPERLINK(""https://www.google.com/search?q=South%20Indian%20Red%20Bell%20Pepper%20(Traditional)%20food&tbm=isch"", ""View Image"")"
"red_bell_pepper_var_1585","North Indian Style Red Bell Pepper (Spiced)","vegetables","CURATED_KEYWORD_MATCH","NO - Curated","99%","https://images.unsplash.com/photo-1563565375-f3fdfdbefa83?auto=format&fit=crop&w=800&q=80","Unsplash / Colorful Crisp Red Bell Peppers","https://www.google.com/search?q=North%20Indian%20Style%20Red%20Bell%20Pepper%20(Spiced)%20food&tbm=isch","=HYPERLINK(""https://www.google.com/search?q=North%20Indian%20Style%20Red%20Bell%20Pepper%20(Spiced)%20food&tbm=isch"", ""View Image"")"
"red_bell_pepper_var_1586","Mediterranean Classic Red Bell Pepper (Imported)","vegetables","CURATED_KEYWORD_MATCH","NO - Curated","99%","https://images.unsplash.com/photo-1563565375-f3fdfdbefa83?auto=format&fit=crop&w=800&q=80","Unsplash / Colorful Crisp Red Bell Peppers","https://www.google.com/search?q=Mediterranean%20Classic%20Red%20Bell%20Pepper%20(Imported)%20food&tbm=isch","=HYPERLINK(""https://www.google.com/search?q=Mediterranean%20Classic%20Red%20Bell%20Pepper%20(Imported)%20food&tbm=isch"", ""View Image"")"
"red_bell_pepper_var_1587","Asian Specialty Red Bell Pepper (Select)","vegetables","CURATED_KEYWORD_MATCH","NO - Curated","99%","https://images.unsplash.com/photo-1563565375-f3fdfdbefa83?auto=format&fit=crop&w=800&q=80","Unsplash / Colorful Crisp Red Bell Peppers","https://www.google.com/search?q=Asian%20Specialty%20Red%20Bell%20Pepper%20(Select)%20food&tbm=isch","=HYPERLINK(""https://www.google.com/search?q=Asian%20Specialty%20Red%20Bell%20Pepper%20(Select)%20food&tbm=isch"", ""View Image"")"
"red_bell_pepper_var_1588","European Heirloom Red Bell Pepper (Artisanal)","vegetables","CURATED_KEYWORD_MATCH","NO - Curated","99%","https://images.unsplash.com/photo-1563565375-f3fdfdbefa83?auto=format&fit=crop&w=800&q=80","Unsplash / Colorful Crisp Red Bell Peppers","https://www.google.com/search?q=European%20Heirloom%20Red%20Bell%20Pepper%20(Artisanal)%20food&tbm=isch","=HYPERLINK(""https://www.google.com/search?q=European%20Heirloom%20Red%20Bell%20Pepper%20(Artisanal)%20food&tbm=isch"", ""View Image"")"
"red_bell_pepper_var_1589","Farm-Fresh Premium Red Bell Pepper (A-Grade)","vegetables","CURATED_KEYWORD_MATCH","NO - Curated","99%","https://images.unsplash.com/photo-1563565375-f3fdfdbefa83?auto=format&fit=crop&w=800&q=80","Unsplash / Colorful Crisp Red Bell Peppers","https://www.google.com/search?q=Farm-Fresh%20Premium%20Red%20Bell%20Pepper%20(A-Grade)%20food&tbm=isch","=HYPERLINK(""https://www.google.com/search?q=Farm-Fresh%20Premium%20Red%20Bell%20Pepper%20(A-Grade)%20food&tbm=isch"", ""View Image"")"
"red_bell_pepper_var_1590","Wild-Harvested Red Bell Pepper (Pure)","vegetables","CURATED_KEYWORD_MATCH","NO - Curated","99%","https://images.unsplash.com/photo-1563565375-f3fdfdbefa83?auto=format&fit=crop&w=800&q=80","Unsplash / Colorful Crisp Red Bell Peppers","https://www.google.com/search?q=Wild-Harvested%20Red%20Bell%20Pepper%20(Pure)%20food&tbm=isch","=HYPERLINK(""https://www.google.com/search?q=Wild-Harvested%20Red%20Bell%20Pepper%20(Pure)%20food&tbm=isch"", ""View Image"")"
"green_bell_pepper","Green Bell Pepper","vegetables","CURATED_KEYWORD_MATCH","NO - Curated","99%","https://images.unsplash.com/photo-1563565375-f3fdfdbefa83?auto=format&fit=crop&w=800&q=80","Unsplash / Colorful Crisp Red Bell Peppers","https://www.google.com/search?q=Green%20Bell%20Pepper%20food&tbm=isch","=HYPERLINK(""https://www.google.com/search?q=Green%20Bell%20Pepper%20food&tbm=isch"", ""View Image"")"
"green_bell_pepper_var_1591","Fresh Organic Green Bell Pepper","vegetables","CURATED_KEYWORD_MATCH","NO - Curated","99%","https://images.unsplash.com/photo-1563565375-f3fdfdbefa83?auto=format&fit=crop&w=800&q=80","Unsplash / Colorful Crisp Red Bell Peppers","https://www.google.com/search?q=Fresh%20Organic%20Green%20Bell%20Pepper%20food&tbm=isch","=HYPERLINK(""https://www.google.com/search?q=Fresh%20Organic%20Green%20Bell%20Pepper%20food&tbm=isch"", ""View Image"")"
"green_bell_pepper_var_1592","Sun-Dried Green Bell Pepper (Dried)","vegetables","CURATED_KEYWORD_MATCH","NO - Curated","99%","https://images.unsplash.com/photo-1563565375-f3fdfdbefa83?auto=format&fit=crop&w=800&q=80","Unsplash / Colorful Crisp Red Bell Peppers","https://www.google.com/search?q=Sun-Dried%20Green%20Bell%20Pepper%20(Dried)%20food&tbm=isch","=HYPERLINK(""https://www.google.com/search?q=Sun-Dried%20Green%20Bell%20Pepper%20(Dried)%20food&tbm=isch"", ""View Image"")"
"green_bell_pepper_var_1593","Himalayan Grade Green Bell Pepper (Special)","vegetables","CURATED_KEYWORD_MATCH","NO - Curated","99%","https://images.unsplash.com/photo-1563565375-f3fdfdbefa83?auto=format&fit=crop&w=800&q=80","Unsplash / Colorful Crisp Red Bell Peppers","https://www.google.com/search?q=Himalayan%20Grade%20Green%20Bell%20Pepper%20(Special)%20food&tbm=isch","=HYPERLINK(""https://www.google.com/search?q=Himalayan%20Grade%20Green%20Bell%20Pepper%20(Special)%20food&tbm=isch"", ""View Image"")"
"green_bell_pepper_var_1594","South Indian Green Bell Pepper (Traditional)","vegetables","CURATED_KEYWORD_MATCH","NO - Curated","99%","https://images.unsplash.com/photo-1563565375-f3fdfdbefa83?auto=format&fit=crop&w=800&q=80","Unsplash / Colorful Crisp Red Bell Peppers","https://www.google.com/search?q=South%20Indian%20Green%20Bell%20Pepper%20(Traditional)%20food&tbm=isch","=HYPERLINK(""https://www.google.com/search?q=South%20Indian%20Green%20Bell%20Pepper%20(Traditional)%20food&tbm=isch"", ""View Image"")"
"green_bell_pepper_var_1595","North Indian Style Green Bell Pepper (Spiced)","vegetables","CURATED_KEYWORD_MATCH","NO - Curated","99%","https://images.unsplash.com/photo-1563565375-f3fdfdbefa83?auto=format&fit=crop&w=800&q=80","Unsplash / Colorful Crisp Red Bell Peppers","https://www.google.com/search?q=North%20Indian%20Style%20Green%20Bell%20Pepper%20(Spiced)%20food&tbm=isch","=HYPERLINK(""https://www.google.com/search?q=North%20Indian%20Style%20Green%20Bell%20Pepper%20(Spiced)%20food&tbm=isch"", ""View Image"")"
"green_bell_pepper_var_1596","Mediterranean Classic Green Bell Pepper (Imported)","vegetables","CURATED_KEYWORD_MATCH","NO - Curated","99%","https://images.unsplash.com/photo-1563565375-f3fdfdbefa83?auto=format&fit=crop&w=800&q=80","Unsplash / Colorful Crisp Red Bell Peppers","https://www.google.com/search?q=Mediterranean%20Classic%20Green%20Bell%20Pepper%20(Imported)%20food&tbm=isch","=HYPERLINK(""https://www.google.com/search?q=Mediterranean%20Classic%20Green%20Bell%20Pepper%20(Imported)%20food&tbm=isch"", ""View Image"")"
"green_bell_pepper_var_1597","Asian Specialty Green Bell Pepper (Select)","vegetables","CURATED_KEYWORD_MATCH","NO - Curated","99%","https://images.unsplash.com/photo-1563565375-f3fdfdbefa83?auto=format&fit=crop&w=800&q=80","Unsplash / Colorful Crisp Red Bell Peppers","https://www.google.com/search?q=Asian%20Specialty%20Green%20Bell%20Pepper%20(Select)%20food&tbm=isch","=HYPERLINK(""https://www.google.com/search?q=Asian%20Specialty%20Green%20Bell%20Pepper%20(Select)%20food&tbm=isch"", ""View Image"")"
"green_bell_pepper_var_1598","European Heirloom Green Bell Pepper (Artisanal)","vegetables","CURATED_KEYWORD_MATCH","NO - Curated","99%","https://images.unsplash.com/photo-1563565375-f3fdfdbefa83?auto=format&fit=crop&w=800&q=80","Unsplash / Colorful Crisp Red Bell Peppers","https://www.google.com/search?q=European%20Heirloom%20Green%20Bell%20Pepper%20(Artisanal)%20food&tbm=isch","=HYPERLINK(""https://www.google.com/search?q=European%20Heirloom%20Green%20Bell%20Pepper%20(Artisanal)%20food&tbm=isch"", ""View Image"")"
"green_bell_pepper_var_1599","Farm-Fresh Premium Green Bell Pepper (A-Grade)","vegetables","CURATED_KEYWORD_MATCH","NO - Curated","99%","https://images.unsplash.com/photo-1563565375-f3fdfdbefa83?auto=format&fit=crop&w=800&q=80","Unsplash / Colorful Crisp Red Bell Peppers","https://www.google.com/search?q=Farm-Fresh%20Premium%20Green%20Bell%20Pepper%20(A-Grade)%20food&tbm=isch","=HYPERLINK(""https://www.google.com/search?q=Farm-Fresh%20Premium%20Green%20Bell%20Pepper%20(A-Grade)%20food&tbm=isch"", ""View Image"")"
"green_bell_pepper_var_1600","Wild-Harvested Green Bell Pepper (Pure)","vegetables","CURATED_KEYWORD_MATCH","NO - Curated","99%","https://images.unsplash.com/photo-1563565375-f3fdfdbefa83?auto=format&fit=crop&w=800&q=80","Unsplash / Colorful Crisp Red Bell Peppers","https://www.google.com/search?q=Wild-Harvested%20Green%20Bell%20Pepper%20(Pure)%20food&tbm=isch","=HYPERLINK(""https://www.google.com/search?q=Wild-Harvested%20Green%20Bell%20Pepper%20(Pure)%20food&tbm=isch"", ""View Image"")"
"yellow_bell_pepper","Yellow Bell Pepper","vegetables","CURATED_KEYWORD_MATCH","NO - Curated","99%","https://images.unsplash.com/photo-1563565375-f3fdfdbefa83?auto=format&fit=crop&w=800&q=80","Unsplash / Colorful Crisp Red Bell Peppers","https://www.google.com/search?q=Yellow%20Bell%20Pepper%20food&tbm=isch","=HYPERLINK(""https://www.google.com/search?q=Yellow%20Bell%20Pepper%20food&tbm=isch"", ""View Image"")"
"yellow_bell_pepper_var_1601","Fresh Organic Yellow Bell Pepper","vegetables","CURATED_KEYWORD_MATCH","NO - Curated","99%","https://images.unsplash.com/photo-1563565375-f3fdfdbefa83?auto=format&fit=crop&w=800&q=80","Unsplash / Colorful Crisp Red Bell Peppers","https://www.google.com/search?q=Fresh%20Organic%20Yellow%20Bell%20Pepper%20food&tbm=isch","=HYPERLINK(""https://www.google.com/search?q=Fresh%20Organic%20Yellow%20Bell%20Pepper%20food&tbm=isch"", ""View Image"")"
"yellow_bell_pepper_var_1602","Sun-Dried Yellow Bell Pepper (Dried)","vegetables","CURATED_KEYWORD_MATCH","NO - Curated","99%","https://images.unsplash.com/photo-1563565375-f3fdfdbefa83?auto=format&fit=crop&w=800&q=80","Unsplash / Colorful Crisp Red Bell Peppers","https://www.google.com/search?q=Sun-Dried%20Yellow%20Bell%20Pepper%20(Dried)%20food&tbm=isch","=HYPERLINK(""https://www.google.com/search?q=Sun-Dried%20Yellow%20Bell%20Pepper%20(Dried)%20food&tbm=isch"", ""View Image"")"
"yellow_bell_pepper_var_1603","Himalayan Grade Yellow Bell Pepper (Special)","vegetables","CURATED_KEYWORD_MATCH","NO - Curated","99%","https://images.unsplash.com/photo-1563565375-f3fdfdbefa83?auto=format&fit=crop&w=800&q=80","Unsplash / Colorful Crisp Red Bell Peppers","https://www.google.com/search?q=Himalayan%20Grade%20Yellow%20Bell%20Pepper%20(Special)%20food&tbm=isch","=HYPERLINK(""https://www.google.com/search?q=Himalayan%20Grade%20Yellow%20Bell%20Pepper%20(Special)%20food&tbm=isch"", ""View Image"")"
"yellow_bell_pepper_var_1604","South Indian Yellow Bell Pepper (Traditional)","vegetables","CURATED_KEYWORD_MATCH","NO - Curated","99%","https://images.unsplash.com/photo-1563565375-f3fdfdbefa83?auto=format&fit=crop&w=800&q=80","Unsplash / Colorful Crisp Red Bell Peppers","https://www.google.com/search?q=South%20Indian%20Yellow%20Bell%20Pepper%20(Traditional)%20food&tbm=isch","=HYPERLINK(""https://www.google.com/search?q=South%20Indian%20Yellow%20Bell%20Pepper%20(Traditional)%20food&tbm=isch"", ""View Image"")"
"yellow_bell_pepper_var_1605","North Indian Style Yellow Bell Pepper (Spiced)","vegetables","CURATED_KEYWORD_MATCH","NO - Curated","99%","https://images.unsplash.com/photo-1563565375-f3fdfdbefa83?auto=format&fit=crop&w=800&q=80","Unsplash / Colorful Crisp Red Bell Peppers","https://www.google.com/search?q=North%20Indian%20Style%20Yellow%20Bell%20Pepper%20(Spiced)%20food&tbm=isch","=HYPERLINK(""https://www.google.com/search?q=North%20Indian%20Style%20Yellow%20Bell%20Pepper%20(Spiced)%20food&tbm=isch"", ""View Image"")"
"yellow_bell_pepper_var_1606","Mediterranean Classic Yellow Bell Pepper (Imported)","vegetables","CURATED_KEYWORD_MATCH","NO - Curated","99%","https://images.unsplash.com/photo-1563565375-f3fdfdbefa83?auto=format&fit=crop&w=800&q=80","Unsplash / Colorful Crisp Red Bell Peppers","https://www.google.com/search?q=Mediterranean%20Classic%20Yellow%20Bell%20Pepper%20(Imported)%20food&tbm=isch","=HYPERLINK(""https://www.google.com/search?q=Mediterranean%20Classic%20Yellow%20Bell%20Pepper%20(Imported)%20food&tbm=isch"", ""View Image"")"
"yellow_bell_pepper_var_1607","Asian Specialty Yellow Bell Pepper (Select)","vegetables","CURATED_KEYWORD_MATCH","NO - Curated","99%","https://images.unsplash.com/photo-1563565375-f3fdfdbefa83?auto=format&fit=crop&w=800&q=80","Unsplash / Colorful Crisp Red Bell Peppers","https://www.google.com/search?q=Asian%20Specialty%20Yellow%20Bell%20Pepper%20(Select)%20food&tbm=isch","=HYPERLINK(""https://www.google.com/search?q=Asian%20Specialty%20Yellow%20Bell%20Pepper%20(Select)%20food&tbm=isch"", ""View Image"")"
"yellow_bell_pepper_var_1608","European Heirloom Yellow Bell Pepper (Artisanal)","vegetables","CURATED_KEYWORD_MATCH","NO - Curated","99%","https://images.unsplash.com/photo-1563565375-f3fdfdbefa83?auto=format&fit=crop&w=800&q=80","Unsplash / Colorful Crisp Red Bell Peppers","https://www.google.com/search?q=European%20Heirloom%20Yellow%20Bell%20Pepper%20(Artisanal)%20food&tbm=isch","=HYPERLINK(""https://www.google.com/search?q=European%20Heirloom%20Yellow%20Bell%20Pepper%20(Artisanal)%20food&tbm=isch"", ""View Image"")"
"yellow_bell_pepper_var_1609","Farm-Fresh Premium Yellow Bell Pepper (A-Grade)","vegetables","CURATED_KEYWORD_MATCH","NO - Curated","99%","https://images.unsplash.com/photo-1563565375-f3fdfdbefa83?auto=format&fit=crop&w=800&q=80","Unsplash / Colorful Crisp Red Bell Peppers","https://www.google.com/search?q=Farm-Fresh%20Premium%20Yellow%20Bell%20Pepper%20(A-Grade)%20food&tbm=isch","=HYPERLINK(""https://www.google.com/search?q=Farm-Fresh%20Premium%20Yellow%20Bell%20Pepper%20(A-Grade)%20food&tbm=isch"", ""View Image"")"
"yellow_bell_pepper_var_1610","Wild-Harvested Yellow Bell Pepper (Pure)","vegetables","CURATED_KEYWORD_MATCH","NO - Curated","99%","https://images.unsplash.com/photo-1563565375-f3fdfdbefa83?auto=format&fit=crop&w=800&q=80","Unsplash / Colorful Crisp Red Bell Peppers","https://www.google.com/search?q=Wild-Harvested%20Yellow%20Bell%20Pepper%20(Pure)%20food&tbm=isch","=HYPERLINK(""https://www.google.com/search?q=Wild-Harvested%20Yellow%20Bell%20Pepper%20(Pure)%20food&tbm=isch"", ""View Image"")"
"eggplant__brinjal__var_1611","Fresh Organic Eggplant (Brinjal)","vegetables","CURATED_KEYWORD_MATCH","NO - Curated","99%","https://images.unsplash.com/photo-1613743983387-03f4a86f9909?auto=format&fit=crop&w=800&q=80","Unsplash / Glossy Fresh Eggplant","https://www.google.com/search?q=Fresh%20Organic%20Eggplant%20(Brinjal)%20food&tbm=isch","=HYPERLINK(""https://www.google.com/search?q=Fresh%20Organic%20Eggplant%20(Brinjal)%20food&tbm=isch"", ""View Image"")"
"eggplant__brinjal__var_1612","Sun-Dried Eggplant (Brinjal) (Dried)","vegetables","CURATED_KEYWORD_MATCH","NO - Curated","99%","https://images.unsplash.com/photo-1613743983387-03f4a86f9909?auto=format&fit=crop&w=800&q=80","Unsplash / Glossy Fresh Eggplant","https://www.google.com/search?q=Sun-Dried%20Eggplant%20(Brinjal)%20(Dried)%20food&tbm=isch","=HYPERLINK(""https://www.google.com/search?q=Sun-Dried%20Eggplant%20(Brinjal)%20(Dried)%20food&tbm=isch"", ""View Image"")"
"eggplant__brinjal__var_1613","Himalayan Grade Eggplant (Brinjal) (Special)","vegetables","CURATED_KEYWORD_MATCH","NO - Curated","99%","https://images.unsplash.com/photo-1613743983387-03f4a86f9909?auto=format&fit=crop&w=800&q=80","Unsplash / Glossy Fresh Eggplant","https://www.google.com/search?q=Himalayan%20Grade%20Eggplant%20(Brinjal)%20(Special)%20food&tbm=isch","=HYPERLINK(""https://www.google.com/search?q=Himalayan%20Grade%20Eggplant%20(Brinjal)%20(Special)%20food&tbm=isch"", ""View Image"")"
"eggplant__brinjal__var_1614","South Indian Eggplant (Brinjal) (Traditional)","vegetables","CURATED_KEYWORD_MATCH","NO - Curated","99%","https://images.unsplash.com/photo-1613743983387-03f4a86f9909?auto=format&fit=crop&w=800&q=80","Unsplash / Glossy Fresh Eggplant","https://www.google.com/search?q=South%20Indian%20Eggplant%20(Brinjal)%20(Traditional)%20food&tbm=isch","=HYPERLINK(""https://www.google.com/search?q=South%20Indian%20Eggplant%20(Brinjal)%20(Traditional)%20food&tbm=isch"", ""View Image"")"
"eggplant__brinjal__var_1615","North Indian Style Eggplant (Brinjal) (Spiced)","vegetables","CURATED_KEYWORD_MATCH","NO - Curated","99%","https://images.unsplash.com/photo-1613743983387-03f4a86f9909?auto=format&fit=crop&w=800&q=80","Unsplash / Glossy Fresh Eggplant","https://www.google.com/search?q=North%20Indian%20Style%20Eggplant%20(Brinjal)%20(Spiced)%20food&tbm=isch","=HYPERLINK(""https://www.google.com/search?q=North%20Indian%20Style%20Eggplant%20(Brinjal)%20(Spiced)%20food&tbm=isch"", ""View Image"")"
"eggplant__brinjal__var_1616","Mediterranean Classic Eggplant (Brinjal) (Imported)","vegetables","CURATED_KEYWORD_MATCH","NO - Curated","99%","https://images.unsplash.com/photo-1613743983387-03f4a86f9909?auto=format&fit=crop&w=800&q=80","Unsplash / Glossy Fresh Eggplant","https://www.google.com/search?q=Mediterranean%20Classic%20Eggplant%20(Brinjal)%20(Imported)%20food&tbm=isch","=HYPERLINK(""https://www.google.com/search?q=Mediterranean%20Classic%20Eggplant%20(Brinjal)%20(Imported)%20food&tbm=isch"", ""View Image"")"
"eggplant__brinjal__var_1617","Asian Specialty Eggplant (Brinjal) (Select)","vegetables","CURATED_KEYWORD_MATCH","NO - Curated","99%","https://images.unsplash.com/photo-1613743983387-03f4a86f9909?auto=format&fit=crop&w=800&q=80","Unsplash / Glossy Fresh Eggplant","https://www.google.com/search?q=Asian%20Specialty%20Eggplant%20(Brinjal)%20(Select)%20food&tbm=isch","=HYPERLINK(""https://www.google.com/search?q=Asian%20Specialty%20Eggplant%20(Brinjal)%20(Select)%20food&tbm=isch"", ""View Image"")"
"eggplant__brinjal__var_1618","European Heirloom Eggplant (Brinjal) (Artisanal)","vegetables","CURATED_KEYWORD_MATCH","NO - Curated","99%","https://images.unsplash.com/photo-1613743983387-03f4a86f9909?auto=format&fit=crop&w=800&q=80","Unsplash / Glossy Fresh Eggplant","https://www.google.com/search?q=European%20Heirloom%20Eggplant%20(Brinjal)%20(Artisanal)%20food&tbm=isch","=HYPERLINK(""https://www.google.com/search?q=European%20Heirloom%20Eggplant%20(Brinjal)%20(Artisanal)%20food&tbm=isch"", ""View Image"")"
"eggplant__brinjal__var_1619","Farm-Fresh Premium Eggplant (Brinjal) (A-Grade)","vegetables","CURATED_KEYWORD_MATCH","NO - Curated","99%","https://images.unsplash.com/photo-1613743983387-03f4a86f9909?auto=format&fit=crop&w=800&q=80","Unsplash / Glossy Fresh Eggplant","https://www.google.com/search?q=Farm-Fresh%20Premium%20Eggplant%20(Brinjal)%20(A-Grade)%20food&tbm=isch","=HYPERLINK(""https://www.google.com/search?q=Farm-Fresh%20Premium%20Eggplant%20(Brinjal)%20(A-Grade)%20food&tbm=isch"", ""View Image"")"
"eggplant__brinjal__var_1620","Wild-Harvested Eggplant (Brinjal) (Pure)","vegetables","CURATED_KEYWORD_MATCH","NO - Curated","99%","https://images.unsplash.com/photo-1613743983387-03f4a86f9909?auto=format&fit=crop&w=800&q=80","Unsplash / Glossy Fresh Eggplant","https://www.google.com/search?q=Wild-Harvested%20Eggplant%20(Brinjal)%20(Pure)%20food&tbm=isch","=HYPERLINK(""https://www.google.com/search?q=Wild-Harvested%20Eggplant%20(Brinjal)%20(Pure)%20food&tbm=isch"", ""View Image"")"
"okra__bhindi_","Okra (Bhindi)","vegetables","CURATED_KEYWORD_MATCH","NO - Curated","99%","https://images.unsplash.com/photo-1628155930542-3c7a64e2c833?auto=format&fit=crop&w=800&q=80","Unsplash / Tender Green Okra Pods","https://www.google.com/search?q=Okra%20(Bhindi)%20food&tbm=isch","=HYPERLINK(""https://www.google.com/search?q=Okra%20(Bhindi)%20food&tbm=isch"", ""View Image"")"
"okra__bhindi__var_1621","Fresh Organic Okra (Bhindi)","vegetables","CURATED_KEYWORD_MATCH","NO - Curated","99%","https://images.unsplash.com/photo-1628155930542-3c7a64e2c833?auto=format&fit=crop&w=800&q=80","Unsplash / Tender Green Okra Pods","https://www.google.com/search?q=Fresh%20Organic%20Okra%20(Bhindi)%20food&tbm=isch","=HYPERLINK(""https://www.google.com/search?q=Fresh%20Organic%20Okra%20(Bhindi)%20food&tbm=isch"", ""View Image"")"
"okra__bhindi__var_1622","Sun-Dried Okra (Bhindi) (Dried)","vegetables","CURATED_KEYWORD_MATCH","NO - Curated","99%","https://images.unsplash.com/photo-1628155930542-3c7a64e2c833?auto=format&fit=crop&w=800&q=80","Unsplash / Tender Green Okra Pods","https://www.google.com/search?q=Sun-Dried%20Okra%20(Bhindi)%20(Dried)%20food&tbm=isch","=HYPERLINK(""https://www.google.com/search?q=Sun-Dried%20Okra%20(Bhindi)%20(Dried)%20food&tbm=isch"", ""View Image"")"
"okra__bhindi__var_1623","Himalayan Grade Okra (Bhindi) (Special)","vegetables","CURATED_KEYWORD_MATCH","NO - Curated","99%","https://images.unsplash.com/photo-1628155930542-3c7a64e2c833?auto=format&fit=crop&w=800&q=80","Unsplash / Tender Green Okra Pods","https://www.google.com/search?q=Himalayan%20Grade%20Okra%20(Bhindi)%20(Special)%20food&tbm=isch","=HYPERLINK(""https://www.google.com/search?q=Himalayan%20Grade%20Okra%20(Bhindi)%20(Special)%20food&tbm=isch"", ""View Image"")"
"okra__bhindi__var_1624","South Indian Okra (Bhindi) (Traditional)","vegetables","CURATED_KEYWORD_MATCH","NO - Curated","99%","https://images.unsplash.com/photo-1628155930542-3c7a64e2c833?auto=format&fit=crop&w=800&q=80","Unsplash / Tender Green Okra Pods","https://www.google.com/search?q=South%20Indian%20Okra%20(Bhindi)%20(Traditional)%20food&tbm=isch","=HYPERLINK(""https://www.google.com/search?q=South%20Indian%20Okra%20(Bhindi)%20(Traditional)%20food&tbm=isch"", ""View Image"")"
"okra__bhindi__var_1625","North Indian Style Okra (Bhindi) (Spiced)","vegetables","CURATED_KEYWORD_MATCH","NO - Curated","99%","https://images.unsplash.com/photo-1628155930542-3c7a64e2c833?auto=format&fit=crop&w=800&q=80","Unsplash / Tender Green Okra Pods","https://www.google.com/search?q=North%20Indian%20Style%20Okra%20(Bhindi)%20(Spiced)%20food&tbm=isch","=HYPERLINK(""https://www.google.com/search?q=North%20Indian%20Style%20Okra%20(Bhindi)%20(Spiced)%20food&tbm=isch"", ""View Image"")"
"okra__bhindi__var_1626","Mediterranean Classic Okra (Bhindi) (Imported)","vegetables","CURATED_KEYWORD_MATCH","NO - Curated","99%","https://images.unsplash.com/photo-1628155930542-3c7a64e2c833?auto=format&fit=crop&w=800&q=80","Unsplash / Tender Green Okra Pods","https://www.google.com/search?q=Mediterranean%20Classic%20Okra%20(Bhindi)%20(Imported)%20food&tbm=isch","=HYPERLINK(""https://www.google.com/search?q=Mediterranean%20Classic%20Okra%20(Bhindi)%20(Imported)%20food&tbm=isch"", ""View Image"")"
"okra__bhindi__var_1627","Asian Specialty Okra (Bhindi) (Select)","vegetables","CURATED_KEYWORD_MATCH","NO - Curated","99%","https://images.unsplash.com/photo-1628155930542-3c7a64e2c833?auto=format&fit=crop&w=800&q=80","Unsplash / Tender Green Okra Pods","https://www.google.com/search?q=Asian%20Specialty%20Okra%20(Bhindi)%20(Select)%20food&tbm=isch","=HYPERLINK(""https://www.google.com/search?q=Asian%20Specialty%20Okra%20(Bhindi)%20(Select)%20food&tbm=isch"", ""View Image"")"
"okra__bhindi__var_1628","European Heirloom Okra (Bhindi) (Artisanal)","vegetables","CURATED_KEYWORD_MATCH","NO - Curated","99%","https://images.unsplash.com/photo-1628155930542-3c7a64e2c833?auto=format&fit=crop&w=800&q=80","Unsplash / Tender Green Okra Pods","https://www.google.com/search?q=European%20Heirloom%20Okra%20(Bhindi)%20(Artisanal)%20food&tbm=isch","=HYPERLINK(""https://www.google.com/search?q=European%20Heirloom%20Okra%20(Bhindi)%20(Artisanal)%20food&tbm=isch"", ""View Image"")"
"okra__bhindi__var_1629","Farm-Fresh Premium Okra (Bhindi) (A-Grade)","vegetables","CURATED_KEYWORD_MATCH","NO - Curated","99%","https://images.unsplash.com/photo-1628155930542-3c7a64e2c833?auto=format&fit=crop&w=800&q=80","Unsplash / Tender Green Okra Pods","https://www.google.com/search?q=Farm-Fresh%20Premium%20Okra%20(Bhindi)%20(A-Grade)%20food&tbm=isch","=HYPERLINK(""https://www.google.com/search?q=Farm-Fresh%20Premium%20Okra%20(Bhindi)%20(A-Grade)%20food&tbm=isch"", ""View Image"")"
"okra__bhindi__var_1630","Wild-Harvested Okra (Bhindi) (Pure)","vegetables","CURATED_KEYWORD_MATCH","NO - Curated","99%","https://images.unsplash.com/photo-1628155930542-3c7a64e2c833?auto=format&fit=crop&w=800&q=80","Unsplash / Tender Green Okra Pods","https://www.google.com/search?q=Wild-Harvested%20Okra%20(Bhindi)%20(Pure)%20food&tbm=isch","=HYPERLINK(""https://www.google.com/search?q=Wild-Harvested%20Okra%20(Bhindi)%20(Pure)%20food&tbm=isch"", ""View Image"")"
"bitter_gourd__karela_","Bitter Gourd (Karela)","vegetables","CURATED_KEYWORD_MATCH","NO - Curated","99%","https://images.unsplash.com/photo-1601055283742-8b27e81b5553?auto=format&fit=crop&w=800&q=80","Wikimedia / Fresh Asian Bitter Gourd (Karela)","https://www.google.com/search?q=Bitter%20Gourd%20(Karela)%20food&tbm=isch","=HYPERLINK(""https://www.google.com/search?q=Bitter%20Gourd%20(Karela)%20food&tbm=isch"", ""View Image"")"
"bitter_gourd__karela__var_1631","Fresh Organic Bitter Gourd (Karela)","vegetables","CURATED_KEYWORD_MATCH","NO - Curated","99%","https://images.unsplash.com/photo-1601055283742-8b27e81b5553?auto=format&fit=crop&w=800&q=80","Wikimedia / Fresh Asian Bitter Gourd (Karela)","https://www.google.com/search?q=Fresh%20Organic%20Bitter%20Gourd%20(Karela)%20food&tbm=isch","=HYPERLINK(""https://www.google.com/search?q=Fresh%20Organic%20Bitter%20Gourd%20(Karela)%20food&tbm=isch"", ""View Image"")"
"bitter_gourd__karela__var_1632","Sun-Dried Bitter Gourd (Karela) (Dried)","vegetables","CURATED_KEYWORD_MATCH","NO - Curated","99%","https://images.unsplash.com/photo-1601055283742-8b27e81b5553?auto=format&fit=crop&w=800&q=80","Wikimedia / Fresh Asian Bitter Gourd (Karela)","https://www.google.com/search?q=Sun-Dried%20Bitter%20Gourd%20(Karela)%20(Dried)%20food&tbm=isch","=HYPERLINK(""https://www.google.com/search?q=Sun-Dried%20Bitter%20Gourd%20(Karela)%20(Dried)%20food&tbm=isch"", ""View Image"")"
"bitter_gourd__karela__var_1633","Himalayan Grade Bitter Gourd (Karela) (Special)","vegetables","CURATED_KEYWORD_MATCH","NO - Curated","99%","https://images.unsplash.com/photo-1601055283742-8b27e81b5553?auto=format&fit=crop&w=800&q=80","Wikimedia / Fresh Asian Bitter Gourd (Karela)","https://www.google.com/search?q=Himalayan%20Grade%20Bitter%20Gourd%20(Karela)%20(Special)%20food&tbm=isch","=HYPERLINK(""https://www.google.com/search?q=Himalayan%20Grade%20Bitter%20Gourd%20(Karela)%20(Special)%20food&tbm=isch"", ""View Image"")"
"bitter_gourd__karela__var_1634","South Indian Bitter Gourd (Karela) (Traditional)","vegetables","CURATED_KEYWORD_MATCH","NO - Curated","99%","https://images.unsplash.com/photo-1601055283742-8b27e81b5553?auto=format&fit=crop&w=800&q=80","Wikimedia / Fresh Asian Bitter Gourd (Karela)","https://www.google.com/search?q=South%20Indian%20Bitter%20Gourd%20(Karela)%20(Traditional)%20food&tbm=isch","=HYPERLINK(""https://www.google.com/search?q=South%20Indian%20Bitter%20Gourd%20(Karela)%20(Traditional)%20food&tbm=isch"", ""View Image"")"
"bitter_gourd__karela__var_1635","North Indian Style Bitter Gourd (Karela) (Spiced)","vegetables","CURATED_KEYWORD_MATCH","NO - Curated","99%","https://images.unsplash.com/photo-1601055283742-8b27e81b5553?auto=format&fit=crop&w=800&q=80","Wikimedia / Fresh Asian Bitter Gourd (Karela)","https://www.google.com/search?q=North%20Indian%20Style%20Bitter%20Gourd%20(Karela)%20(Spiced)%20food&tbm=isch","=HYPERLINK(""https://www.google.com/search?q=North%20Indian%20Style%20Bitter%20Gourd%20(Karela)%20(Spiced)%20food&tbm=isch"", ""View Image"")"
"bitter_gourd__karela__var_1636","Mediterranean Classic Bitter Gourd (Karela) (Imported)","vegetables","CURATED_KEYWORD_MATCH","NO - Curated","99%","https://images.unsplash.com/photo-1601055283742-8b27e81b5553?auto=format&fit=crop&w=800&q=80","Wikimedia / Fresh Asian Bitter Gourd (Karela)","https://www.google.com/search?q=Mediterranean%20Classic%20Bitter%20Gourd%20(Karela)%20(Imported)%20food&tbm=isch","=HYPERLINK(""https://www.google.com/search?q=Mediterranean%20Classic%20Bitter%20Gourd%20(Karela)%20(Imported)%20food&tbm=isch"", ""View Image"")"
"bitter_gourd__karela__var_1637","Asian Specialty Bitter Gourd (Karela) (Select)","vegetables","CURATED_KEYWORD_MATCH","NO - Curated","99%","https://images.unsplash.com/photo-1601055283742-8b27e81b5553?auto=format&fit=crop&w=800&q=80","Wikimedia / Fresh Asian Bitter Gourd (Karela)","https://www.google.com/search?q=Asian%20Specialty%20Bitter%20Gourd%20(Karela)%20(Select)%20food&tbm=isch","=HYPERLINK(""https://www.google.com/search?q=Asian%20Specialty%20Bitter%20Gourd%20(Karela)%20(Select)%20food&tbm=isch"", ""View Image"")"
"bitter_gourd__karela__var_1638","European Heirloom Bitter Gourd (Karela) (Artisanal)","vegetables","CURATED_KEYWORD_MATCH","NO - Curated","99%","https://images.unsplash.com/photo-1601055283742-8b27e81b5553?auto=format&fit=crop&w=800&q=80","Wikimedia / Fresh Asian Bitter Gourd (Karela)","https://www.google.com/search?q=European%20Heirloom%20Bitter%20Gourd%20(Karela)%20(Artisanal)%20food&tbm=isch","=HYPERLINK(""https://www.google.com/search?q=European%20Heirloom%20Bitter%20Gourd%20(Karela)%20(Artisanal)%20food&tbm=isch"", ""View Image"")"
"bitter_gourd__karela__var_1639","Farm-Fresh Premium Bitter Gourd (Karela) (A-Grade)","vegetables","CURATED_KEYWORD_MATCH","NO - Curated","99%","https://images.unsplash.com/photo-1601055283742-8b27e81b5553?auto=format&fit=crop&w=800&q=80","Wikimedia / Fresh Asian Bitter Gourd (Karela)","https://www.google.com/search?q=Farm-Fresh%20Premium%20Bitter%20Gourd%20(Karela)%20(A-Grade)%20food&tbm=isch","=HYPERLINK(""https://www.google.com/search?q=Farm-Fresh%20Premium%20Bitter%20Gourd%20(Karela)%20(A-Grade)%20food&tbm=isch"", ""View Image"")"
"bitter_gourd__karela__var_1640","Wild-Harvested Bitter Gourd (Karela) (Pure)","vegetables","CURATED_KEYWORD_MATCH","NO - Curated","99%","https://images.unsplash.com/photo-1601055283742-8b27e81b5553?auto=format&fit=crop&w=800&q=80","Wikimedia / Fresh Asian Bitter Gourd (Karela)","https://www.google.com/search?q=Wild-Harvested%20Bitter%20Gourd%20(Karela)%20(Pure)%20food&tbm=isch","=HYPERLINK(""https://www.google.com/search?q=Wild-Harvested%20Bitter%20Gourd%20(Karela)%20(Pure)%20food&tbm=isch"", ""View Image"")"
"bottle_gourd__lauki_","Bottle Gourd (Lauki)","vegetables","CURATED_KEYWORD_MATCH","NO - Curated","99%","https://images.unsplash.com/photo-1590779033100-9f60a05a013d?auto=format&fit=crop&w=800&q=80","Wikimedia / Traditional Asian Garden Gourds","https://www.google.com/search?q=Bottle%20Gourd%20(Lauki)%20food&tbm=isch","=HYPERLINK(""https://www.google.com/search?q=Bottle%20Gourd%20(Lauki)%20food&tbm=isch"", ""View Image"")"
"bottle_gourd__lauki__var_1641","Fresh Organic Bottle Gourd (Lauki)","vegetables","CURATED_KEYWORD_MATCH","NO - Curated","99%","https://images.unsplash.com/photo-1590779033100-9f60a05a013d?auto=format&fit=crop&w=800&q=80","Wikimedia / Traditional Asian Garden Gourds","https://www.google.com/search?q=Fresh%20Organic%20Bottle%20Gourd%20(Lauki)%20food&tbm=isch","=HYPERLINK(""https://www.google.com/search?q=Fresh%20Organic%20Bottle%20Gourd%20(Lauki)%20food&tbm=isch"", ""View Image"")"
"bottle_gourd__lauki__var_1642","Sun-Dried Bottle Gourd (Lauki) (Dried)","vegetables","CURATED_KEYWORD_MATCH","NO - Curated","99%","https://images.unsplash.com/photo-1590779033100-9f60a05a013d?auto=format&fit=crop&w=800&q=80","Wikimedia / Traditional Asian Garden Gourds","https://www.google.com/search?q=Sun-Dried%20Bottle%20Gourd%20(Lauki)%20(Dried)%20food&tbm=isch","=HYPERLINK(""https://www.google.com/search?q=Sun-Dried%20Bottle%20Gourd%20(Lauki)%20(Dried)%20food&tbm=isch"", ""View Image"")"
"bottle_gourd__lauki__var_1643","Himalayan Grade Bottle Gourd (Lauki) (Special)","vegetables","CURATED_KEYWORD_MATCH","NO - Curated","99%","https://images.unsplash.com/photo-1590779033100-9f60a05a013d?auto=format&fit=crop&w=800&q=80","Wikimedia / Traditional Asian Garden Gourds","https://www.google.com/search?q=Himalayan%20Grade%20Bottle%20Gourd%20(Lauki)%20(Special)%20food&tbm=isch","=HYPERLINK(""https://www.google.com/search?q=Himalayan%20Grade%20Bottle%20Gourd%20(Lauki)%20(Special)%20food&tbm=isch"", ""View Image"")"
"bottle_gourd__lauki__var_1644","South Indian Bottle Gourd (Lauki) (Traditional)","vegetables","CURATED_KEYWORD_MATCH","NO - Curated","99%","https://images.unsplash.com/photo-1590779033100-9f60a05a013d?auto=format&fit=crop&w=800&q=80","Wikimedia / Traditional Asian Garden Gourds","https://www.google.com/search?q=South%20Indian%20Bottle%20Gourd%20(Lauki)%20(Traditional)%20food&tbm=isch","=HYPERLINK(""https://www.google.com/search?q=South%20Indian%20Bottle%20Gourd%20(Lauki)%20(Traditional)%20food&tbm=isch"", ""View Image"")"
"bottle_gourd__lauki__var_1645","North Indian Style Bottle Gourd (Lauki) (Spiced)","vegetables","CURATED_KEYWORD_MATCH","NO - Curated","99%","https://images.unsplash.com/photo-1590779033100-9f60a05a013d?auto=format&fit=crop&w=800&q=80","Wikimedia / Traditional Asian Garden Gourds","https://www.google.com/search?q=North%20Indian%20Style%20Bottle%20Gourd%20(Lauki)%20(Spiced)%20food&tbm=isch","=HYPERLINK(""https://www.google.com/search?q=North%20Indian%20Style%20Bottle%20Gourd%20(Lauki)%20(Spiced)%20food&tbm=isch"", ""View Image"")"
"bottle_gourd__lauki__var_1646","Mediterranean Classic Bottle Gourd (Lauki) (Imported)","vegetables","CURATED_KEYWORD_MATCH","NO - Curated","99%","https://images.unsplash.com/photo-1590779033100-9f60a05a013d?auto=format&fit=crop&w=800&q=80","Wikimedia / Traditional Asian Garden Gourds","https://www.google.com/search?q=Mediterranean%20Classic%20Bottle%20Gourd%20(Lauki)%20(Imported)%20food&tbm=isch","=HYPERLINK(""https://www.google.com/search?q=Mediterranean%20Classic%20Bottle%20Gourd%20(Lauki)%20(Imported)%20food&tbm=isch"", ""View Image"")"
"bottle_gourd__lauki__var_1647","Asian Specialty Bottle Gourd (Lauki) (Select)","vegetables","CURATED_KEYWORD_MATCH","NO - Curated","99%","https://images.unsplash.com/photo-1590779033100-9f60a05a013d?auto=format&fit=crop&w=800&q=80","Wikimedia / Traditional Asian Garden Gourds","https://www.google.com/search?q=Asian%20Specialty%20Bottle%20Gourd%20(Lauki)%20(Select)%20food&tbm=isch","=HYPERLINK(""https://www.google.com/search?q=Asian%20Specialty%20Bottle%20Gourd%20(Lauki)%20(Select)%20food&tbm=isch"", ""View Image"")"
"bottle_gourd__lauki__var_1648","European Heirloom Bottle Gourd (Lauki) (Artisanal)","vegetables","CURATED_KEYWORD_MATCH","NO - Curated","99%","https://images.unsplash.com/photo-1590779033100-9f60a05a013d?auto=format&fit=crop&w=800&q=80","Wikimedia / Traditional Asian Garden Gourds","https://www.google.com/search?q=European%20Heirloom%20Bottle%20Gourd%20(Lauki)%20(Artisanal)%20food&tbm=isch","=HYPERLINK(""https://www.google.com/search?q=European%20Heirloom%20Bottle%20Gourd%20(Lauki)%20(Artisanal)%20food&tbm=isch"", ""View Image"")"
"bottle_gourd__lauki__var_1649","Farm-Fresh Premium Bottle Gourd (Lauki) (A-Grade)","vegetables","CURATED_KEYWORD_MATCH","NO - Curated","99%","https://images.unsplash.com/photo-1590779033100-9f60a05a013d?auto=format&fit=crop&w=800&q=80","Wikimedia / Traditional Asian Garden Gourds","https://www.google.com/search?q=Farm-Fresh%20Premium%20Bottle%20Gourd%20(Lauki)%20(A-Grade)%20food&tbm=isch","=HYPERLINK(""https://www.google.com/search?q=Farm-Fresh%20Premium%20Bottle%20Gourd%20(Lauki)%20(A-Grade)%20food&tbm=isch"", ""View Image"")"
"bottle_gourd__lauki__var_1650","Wild-Harvested Bottle Gourd (Lauki) (Pure)","vegetables","CURATED_KEYWORD_MATCH","NO - Curated","99%","https://images.unsplash.com/photo-1590779033100-9f60a05a013d?auto=format&fit=crop&w=800&q=80","Wikimedia / Traditional Asian Garden Gourds","https://www.google.com/search?q=Wild-Harvested%20Bottle%20Gourd%20(Lauki)%20(Pure)%20food&tbm=isch","=HYPERLINK(""https://www.google.com/search?q=Wild-Harvested%20Bottle%20Gourd%20(Lauki)%20(Pure)%20food&tbm=isch"", ""View Image"")"
"ridge_gourd__turai_","Ridge Gourd (Turai)","vegetables","CURATED_KEYWORD_MATCH","NO - Curated","99%","https://images.unsplash.com/photo-1592417817098-8f3d6eb2251a?auto=format&fit=crop&w=800&q=80","Wikimedia / Fresh Farm Ridge Gourd (Turai)","https://www.google.com/search?q=Ridge%20Gourd%20(Turai)%20food&tbm=isch","=HYPERLINK(""https://www.google.com/search?q=Ridge%20Gourd%20(Turai)%20food&tbm=isch"", ""View Image"")"
"ridge_gourd__turai__var_1651","Fresh Organic Ridge Gourd (Turai)","vegetables","CURATED_KEYWORD_MATCH","NO - Curated","99%","https://images.unsplash.com/photo-1592417817098-8f3d6eb2251a?auto=format&fit=crop&w=800&q=80","Wikimedia / Fresh Farm Ridge Gourd (Turai)","https://www.google.com/search?q=Fresh%20Organic%20Ridge%20Gourd%20(Turai)%20food&tbm=isch","=HYPERLINK(""https://www.google.com/search?q=Fresh%20Organic%20Ridge%20Gourd%20(Turai)%20food&tbm=isch"", ""View Image"")"
"ridge_gourd__turai__var_1652","Sun-Dried Ridge Gourd (Turai) (Dried)","vegetables","CURATED_KEYWORD_MATCH","NO - Curated","99%","https://images.unsplash.com/photo-1592417817098-8f3d6eb2251a?auto=format&fit=crop&w=800&q=80","Wikimedia / Fresh Farm Ridge Gourd (Turai)","https://www.google.com/search?q=Sun-Dried%20Ridge%20Gourd%20(Turai)%20(Dried)%20food&tbm=isch","=HYPERLINK(""https://www.google.com/search?q=Sun-Dried%20Ridge%20Gourd%20(Turai)%20(Dried)%20food&tbm=isch"", ""View Image"")"
"ridge_gourd__turai__var_1653","Himalayan Grade Ridge Gourd (Turai) (Special)","vegetables","CURATED_KEYWORD_MATCH","NO - Curated","99%","https://images.unsplash.com/photo-1592417817098-8f3d6eb2251a?auto=format&fit=crop&w=800&q=80","Wikimedia / Fresh Farm Ridge Gourd (Turai)","https://www.google.com/search?q=Himalayan%20Grade%20Ridge%20Gourd%20(Turai)%20(Special)%20food&tbm=isch","=HYPERLINK(""https://www.google.com/search?q=Himalayan%20Grade%20Ridge%20Gourd%20(Turai)%20(Special)%20food&tbm=isch"", ""View Image"")"
"ridge_gourd__turai__var_1654","South Indian Ridge Gourd (Turai) (Traditional)","vegetables","CURATED_KEYWORD_MATCH","NO - Curated","99%","https://images.unsplash.com/photo-1592417817098-8f3d6eb2251a?auto=format&fit=crop&w=800&q=80","Wikimedia / Fresh Farm Ridge Gourd (Turai)","https://www.google.com/search?q=South%20Indian%20Ridge%20Gourd%20(Turai)%20(Traditional)%20food&tbm=isch","=HYPERLINK(""https://www.google.com/search?q=South%20Indian%20Ridge%20Gourd%20(Turai)%20(Traditional)%20food&tbm=isch"", ""View Image"")"
"ridge_gourd__turai__var_1655","North Indian Style Ridge Gourd (Turai) (Spiced)","vegetables","CURATED_KEYWORD_MATCH","NO - Curated","99%","https://images.unsplash.com/photo-1592417817098-8f3d6eb2251a?auto=format&fit=crop&w=800&q=80","Wikimedia / Fresh Farm Ridge Gourd (Turai)","https://www.google.com/search?q=North%20Indian%20Style%20Ridge%20Gourd%20(Turai)%20(Spiced)%20food&tbm=isch","=HYPERLINK(""https://www.google.com/search?q=North%20Indian%20Style%20Ridge%20Gourd%20(Turai)%20(Spiced)%20food&tbm=isch"", ""View Image"")"
"ridge_gourd__turai__var_1656","Mediterranean Classic Ridge Gourd (Turai) (Imported)","vegetables","CURATED_KEYWORD_MATCH","NO - Curated","99%","https://images.unsplash.com/photo-1592417817098-8f3d6eb2251a?auto=format&fit=crop&w=800&q=80","Wikimedia / Fresh Farm Ridge Gourd (Turai)","https://www.google.com/search?q=Mediterranean%20Classic%20Ridge%20Gourd%20(Turai)%20(Imported)%20food&tbm=isch","=HYPERLINK(""https://www.google.com/search?q=Mediterranean%20Classic%20Ridge%20Gourd%20(Turai)%20(Imported)%20food&tbm=isch"", ""View Image"")"
"ridge_gourd__turai__var_1657","Asian Specialty Ridge Gourd (Turai) (Select)","vegetables","CURATED_KEYWORD_MATCH","NO - Curated","99%","https://images.unsplash.com/photo-1592417817098-8f3d6eb2251a?auto=format&fit=crop&w=800&q=80","Wikimedia / Fresh Farm Ridge Gourd (Turai)","https://www.google.com/search?q=Asian%20Specialty%20Ridge%20Gourd%20(Turai)%20(Select)%20food&tbm=isch","=HYPERLINK(""https://www.google.com/search?q=Asian%20Specialty%20Ridge%20Gourd%20(Turai)%20(Select)%20food&tbm=isch"", ""View Image"")"
"ridge_gourd__turai__var_1658","European Heirloom Ridge Gourd (Turai) (Artisanal)","vegetables","CURATED_KEYWORD_MATCH","NO - Curated","99%","https://images.unsplash.com/photo-1592417817098-8f3d6eb2251a?auto=format&fit=crop&w=800&q=80","Wikimedia / Fresh Farm Ridge Gourd (Turai)","https://www.google.com/search?q=European%20Heirloom%20Ridge%20Gourd%20(Turai)%20(Artisanal)%20food&tbm=isch","=HYPERLINK(""https://www.google.com/search?q=European%20Heirloom%20Ridge%20Gourd%20(Turai)%20(Artisanal)%20food&tbm=isch"", ""View Image"")"
"ridge_gourd__turai__var_1659","Farm-Fresh Premium Ridge Gourd (Turai) (A-Grade)","vegetables","CURATED_KEYWORD_MATCH","NO - Curated","99%","https://images.unsplash.com/photo-1592417817098-8f3d6eb2251a?auto=format&fit=crop&w=800&q=80","Wikimedia / Fresh Farm Ridge Gourd (Turai)","https://www.google.com/search?q=Farm-Fresh%20Premium%20Ridge%20Gourd%20(Turai)%20(A-Grade)%20food&tbm=isch","=HYPERLINK(""https://www.google.com/search?q=Farm-Fresh%20Premium%20Ridge%20Gourd%20(Turai)%20(A-Grade)%20food&tbm=isch"", ""View Image"")"
"ridge_gourd__turai__var_1660","Wild-Harvested Ridge Gourd (Turai) (Pure)","vegetables","CURATED_KEYWORD_MATCH","NO - Curated","99%","https://images.unsplash.com/photo-1592417817098-8f3d6eb2251a?auto=format&fit=crop&w=800&q=80","Wikimedia / Fresh Farm Ridge Gourd (Turai)","https://www.google.com/search?q=Wild-Harvested%20Ridge%20Gourd%20(Turai)%20(Pure)%20food&tbm=isch","=HYPERLINK(""https://www.google.com/search?q=Wild-Harvested%20Ridge%20Gourd%20(Turai)%20(Pure)%20food&tbm=isch"", ""View Image"")"
"snake_gourd","Snake Gourd","vegetables","CURATED_KEYWORD_MATCH","NO - Curated","99%","https://images.unsplash.com/photo-1592417817098-8f3d6eb2251a?auto=format&fit=crop&w=800&q=80","Wikimedia / Tender Fresh Snake Gourd","https://www.google.com/search?q=Snake%20Gourd%20food&tbm=isch","=HYPERLINK(""https://www.google.com/search?q=Snake%20Gourd%20food&tbm=isch"", ""View Image"")"
"snake_gourd_var_1661","Fresh Organic Snake Gourd","vegetables","CURATED_KEYWORD_MATCH","NO - Curated","99%","https://images.unsplash.com/photo-1592417817098-8f3d6eb2251a?auto=format&fit=crop&w=800&q=80","Wikimedia / Tender Fresh Snake Gourd","https://www.google.com/search?q=Fresh%20Organic%20Snake%20Gourd%20food&tbm=isch","=HYPERLINK(""https://www.google.com/search?q=Fresh%20Organic%20Snake%20Gourd%20food&tbm=isch"", ""View Image"")"
"snake_gourd_var_1662","Sun-Dried Snake Gourd (Dried)","vegetables","CURATED_KEYWORD_MATCH","NO - Curated","99%","https://images.unsplash.com/photo-1592417817098-8f3d6eb2251a?auto=format&fit=crop&w=800&q=80","Wikimedia / Tender Fresh Snake Gourd","https://www.google.com/search?q=Sun-Dried%20Snake%20Gourd%20(Dried)%20food&tbm=isch","=HYPERLINK(""https://www.google.com/search?q=Sun-Dried%20Snake%20Gourd%20(Dried)%20food&tbm=isch"", ""View Image"")"
"snake_gourd_var_1663","Himalayan Grade Snake Gourd (Special)","vegetables","CURATED_KEYWORD_MATCH","NO - Curated","99%","https://images.unsplash.com/photo-1592417817098-8f3d6eb2251a?auto=format&fit=crop&w=800&q=80","Wikimedia / Tender Fresh Snake Gourd","https://www.google.com/search?q=Himalayan%20Grade%20Snake%20Gourd%20(Special)%20food&tbm=isch","=HYPERLINK(""https://www.google.com/search?q=Himalayan%20Grade%20Snake%20Gourd%20(Special)%20food&tbm=isch"", ""View Image"")"
"snake_gourd_var_1664","South Indian Snake Gourd (Traditional)","vegetables","CURATED_KEYWORD_MATCH","NO - Curated","99%","https://images.unsplash.com/photo-1592417817098-8f3d6eb2251a?auto=format&fit=crop&w=800&q=80","Wikimedia / Tender Fresh Snake Gourd","https://www.google.com/search?q=South%20Indian%20Snake%20Gourd%20(Traditional)%20food&tbm=isch","=HYPERLINK(""https://www.google.com/search?q=South%20Indian%20Snake%20Gourd%20(Traditional)%20food&tbm=isch"", ""View Image"")"
"snake_gourd_var_1665","North Indian Style Snake Gourd (Spiced)","vegetables","CURATED_KEYWORD_MATCH","NO - Curated","99%","https://images.unsplash.com/photo-1592417817098-8f3d6eb2251a?auto=format&fit=crop&w=800&q=80","Wikimedia / Tender Fresh Snake Gourd","https://www.google.com/search?q=North%20Indian%20Style%20Snake%20Gourd%20(Spiced)%20food&tbm=isch","=HYPERLINK(""https://www.google.com/search?q=North%20Indian%20Style%20Snake%20Gourd%20(Spiced)%20food&tbm=isch"", ""View Image"")"
"snake_gourd_var_1666","Mediterranean Classic Snake Gourd (Imported)","vegetables","CURATED_KEYWORD_MATCH","NO - Curated","99%","https://images.unsplash.com/photo-1592417817098-8f3d6eb2251a?auto=format&fit=crop&w=800&q=80","Wikimedia / Tender Fresh Snake Gourd","https://www.google.com/search?q=Mediterranean%20Classic%20Snake%20Gourd%20(Imported)%20food&tbm=isch","=HYPERLINK(""https://www.google.com/search?q=Mediterranean%20Classic%20Snake%20Gourd%20(Imported)%20food&tbm=isch"", ""View Image"")"
"snake_gourd_var_1667","Asian Specialty Snake Gourd (Select)","vegetables","CURATED_KEYWORD_MATCH","NO - Curated","99%","https://images.unsplash.com/photo-1592417817098-8f3d6eb2251a?auto=format&fit=crop&w=800&q=80","Wikimedia / Tender Fresh Snake Gourd","https://www.google.com/search?q=Asian%20Specialty%20Snake%20Gourd%20(Select)%20food&tbm=isch","=HYPERLINK(""https://www.google.com/search?q=Asian%20Specialty%20Snake%20Gourd%20(Select)%20food&tbm=isch"", ""View Image"")"
"snake_gourd_var_1668","European Heirloom Snake Gourd (Artisanal)","vegetables","CURATED_KEYWORD_MATCH","NO - Curated","99%","https://images.unsplash.com/photo-1592417817098-8f3d6eb2251a?auto=format&fit=crop&w=800&q=80","Wikimedia / Tender Fresh Snake Gourd","https://www.google.com/search?q=European%20Heirloom%20Snake%20Gourd%20(Artisanal)%20food&tbm=isch","=HYPERLINK(""https://www.google.com/search?q=European%20Heirloom%20Snake%20Gourd%20(Artisanal)%20food&tbm=isch"", ""View Image"")"
"snake_gourd_var_1669","Farm-Fresh Premium Snake Gourd (A-Grade)","vegetables","CURATED_KEYWORD_MATCH","NO - Curated","99%","https://images.unsplash.com/photo-1592417817098-8f3d6eb2251a?auto=format&fit=crop&w=800&q=80","Wikimedia / Tender Fresh Snake Gourd","https://www.google.com/search?q=Farm-Fresh%20Premium%20Snake%20Gourd%20(A-Grade)%20food&tbm=isch","=HYPERLINK(""https://www.google.com/search?q=Farm-Fresh%20Premium%20Snake%20Gourd%20(A-Grade)%20food&tbm=isch"", ""View Image"")"
"snake_gourd_var_1670","Wild-Harvested Snake Gourd (Pure)","vegetables","CURATED_KEYWORD_MATCH","NO - Curated","99%","https://images.unsplash.com/photo-1592417817098-8f3d6eb2251a?auto=format&fit=crop&w=800&q=80","Wikimedia / Tender Fresh Snake Gourd","https://www.google.com/search?q=Wild-Harvested%20Snake%20Gourd%20(Pure)%20food&tbm=isch","=HYPERLINK(""https://www.google.com/search?q=Wild-Harvested%20Snake%20Gourd%20(Pure)%20food&tbm=isch"", ""View Image"")"
"ash_gourd__petha_","Ash Gourd (Petha)","vegetables","CURATED_KEYWORD_MATCH","NO - Curated","99%","https://images.unsplash.com/photo-1592417817098-8f3d6eb2251a?auto=format&fit=crop&w=800&q=80","Wikimedia / Traditional Asian Ash Gourd (Winter Melon)","https://www.google.com/search?q=Ash%20Gourd%20(Petha)%20food&tbm=isch","=HYPERLINK(""https://www.google.com/search?q=Ash%20Gourd%20(Petha)%20food&tbm=isch"", ""View Image"")"
"ash_gourd__petha__var_1671","Fresh Organic Ash Gourd (Petha)","vegetables","CURATED_KEYWORD_MATCH","NO - Curated","99%","https://images.unsplash.com/photo-1592417817098-8f3d6eb2251a?auto=format&fit=crop&w=800&q=80","Wikimedia / Traditional Asian Ash Gourd (Winter Melon)","https://www.google.com/search?q=Fresh%20Organic%20Ash%20Gourd%20(Petha)%20food&tbm=isch","=HYPERLINK(""https://www.google.com/search?q=Fresh%20Organic%20Ash%20Gourd%20(Petha)%20food&tbm=isch"", ""View Image"")"
"ash_gourd__petha__var_1672","Sun-Dried Ash Gourd (Petha) (Dried)","vegetables","CURATED_KEYWORD_MATCH","NO - Curated","99%","https://images.unsplash.com/photo-1592417817098-8f3d6eb2251a?auto=format&fit=crop&w=800&q=80","Wikimedia / Traditional Asian Ash Gourd (Winter Melon)","https://www.google.com/search?q=Sun-Dried%20Ash%20Gourd%20(Petha)%20(Dried)%20food&tbm=isch","=HYPERLINK(""https://www.google.com/search?q=Sun-Dried%20Ash%20Gourd%20(Petha)%20(Dried)%20food&tbm=isch"", ""View Image"")"
"ash_gourd__petha__var_1673","Himalayan Grade Ash Gourd (Petha) (Special)","vegetables","CURATED_KEYWORD_MATCH","NO - Curated","99%","https://images.unsplash.com/photo-1592417817098-8f3d6eb2251a?auto=format&fit=crop&w=800&q=80","Wikimedia / Traditional Asian Ash Gourd (Winter Melon)","https://www.google.com/search?q=Himalayan%20Grade%20Ash%20Gourd%20(Petha)%20(Special)%20food&tbm=isch","=HYPERLINK(""https://www.google.com/search?q=Himalayan%20Grade%20Ash%20Gourd%20(Petha)%20(Special)%20food&tbm=isch"", ""View Image"")"
"ash_gourd__petha__var_1674","South Indian Ash Gourd (Petha) (Traditional)","vegetables","CURATED_KEYWORD_MATCH","NO - Curated","99%","https://images.unsplash.com/photo-1592417817098-8f3d6eb2251a?auto=format&fit=crop&w=800&q=80","Wikimedia / Traditional Asian Ash Gourd (Winter Melon)","https://www.google.com/search?q=South%20Indian%20Ash%20Gourd%20(Petha)%20(Traditional)%20food&tbm=isch","=HYPERLINK(""https://www.google.com/search?q=South%20Indian%20Ash%20Gourd%20(Petha)%20(Traditional)%20food&tbm=isch"", ""View Image"")"
"ash_gourd__petha__var_1675","North Indian Style Ash Gourd (Petha) (Spiced)","vegetables","CURATED_KEYWORD_MATCH","NO - Curated","99%","https://images.unsplash.com/photo-1592417817098-8f3d6eb2251a?auto=format&fit=crop&w=800&q=80","Wikimedia / Traditional Asian Ash Gourd (Winter Melon)","https://www.google.com/search?q=North%20Indian%20Style%20Ash%20Gourd%20(Petha)%20(Spiced)%20food&tbm=isch","=HYPERLINK(""https://www.google.com/search?q=North%20Indian%20Style%20Ash%20Gourd%20(Petha)%20(Spiced)%20food&tbm=isch"", ""View Image"")"
"ash_gourd__petha__var_1676","Mediterranean Classic Ash Gourd (Petha) (Imported)","vegetables","CURATED_KEYWORD_MATCH","NO - Curated","99%","https://images.unsplash.com/photo-1592417817098-8f3d6eb2251a?auto=format&fit=crop&w=800&q=80","Wikimedia / Traditional Asian Ash Gourd (Winter Melon)","https://www.google.com/search?q=Mediterranean%20Classic%20Ash%20Gourd%20(Petha)%20(Imported)%20food&tbm=isch","=HYPERLINK(""https://www.google.com/search?q=Mediterranean%20Classic%20Ash%20Gourd%20(Petha)%20(Imported)%20food&tbm=isch"", ""View Image"")"
"ash_gourd__petha__var_1677","Asian Specialty Ash Gourd (Petha) (Select)","vegetables","CURATED_KEYWORD_MATCH","NO - Curated","99%","https://images.unsplash.com/photo-1592417817098-8f3d6eb2251a?auto=format&fit=crop&w=800&q=80","Wikimedia / Traditional Asian Ash Gourd (Winter Melon)","https://www.google.com/search?q=Asian%20Specialty%20Ash%20Gourd%20(Petha)%20(Select)%20food&tbm=isch","=HYPERLINK(""https://www.google.com/search?q=Asian%20Specialty%20Ash%20Gourd%20(Petha)%20(Select)%20food&tbm=isch"", ""View Image"")"
"ash_gourd__petha__var_1678","European Heirloom Ash Gourd (Petha) (Artisanal)","vegetables","CURATED_KEYWORD_MATCH","NO - Curated","99%","https://images.unsplash.com/photo-1592417817098-8f3d6eb2251a?auto=format&fit=crop&w=800&q=80","Wikimedia / Traditional Asian Ash Gourd (Winter Melon)","https://www.google.com/search?q=European%20Heirloom%20Ash%20Gourd%20(Petha)%20(Artisanal)%20food&tbm=isch","=HYPERLINK(""https://www.google.com/search?q=European%20Heirloom%20Ash%20Gourd%20(Petha)%20(Artisanal)%20food&tbm=isch"", ""View Image"")"
"ash_gourd__petha__var_1679","Farm-Fresh Premium Ash Gourd (Petha) (A-Grade)","vegetables","CURATED_KEYWORD_MATCH","NO - Curated","99%","https://images.unsplash.com/photo-1592417817098-8f3d6eb2251a?auto=format&fit=crop&w=800&q=80","Wikimedia / Traditional Asian Ash Gourd (Winter Melon)","https://www.google.com/search?q=Farm-Fresh%20Premium%20Ash%20Gourd%20(Petha)%20(A-Grade)%20food&tbm=isch","=HYPERLINK(""https://www.google.com/search?q=Farm-Fresh%20Premium%20Ash%20Gourd%20(Petha)%20(A-Grade)%20food&tbm=isch"", ""View Image"")"
"ash_gourd__petha__var_1680","Wild-Harvested Ash Gourd (Petha) (Pure)","vegetables","CURATED_KEYWORD_MATCH","NO - Curated","99%","https://images.unsplash.com/photo-1592417817098-8f3d6eb2251a?auto=format&fit=crop&w=800&q=80","Wikimedia / Traditional Asian Ash Gourd (Winter Melon)","https://www.google.com/search?q=Wild-Harvested%20Ash%20Gourd%20(Petha)%20(Pure)%20food&tbm=isch","=HYPERLINK(""https://www.google.com/search?q=Wild-Harvested%20Ash%20Gourd%20(Petha)%20(Pure)%20food&tbm=isch"", ""View Image"")"
"drumstick__moringa_pods_","Drumstick (Moringa Pods)","vegetables","CURATED_KEYWORD_MATCH","NO - Curated","99%","https://images.unsplash.com/photo-1590779033100-9f60a05a013d?auto=format&fit=crop&w=800&q=80","Wikimedia / Moringa Oleifera Drumsticks & Leaves","https://www.google.com/search?q=Drumstick%20(Moringa%20Pods)%20food&tbm=isch","=HYPERLINK(""https://www.google.com/search?q=Drumstick%20(Moringa%20Pods)%20food&tbm=isch"", ""View Image"")"
"drumstick__moringa_pods__var_1681","Fresh Organic Drumstick (Moringa Pods)","vegetables","CURATED_KEYWORD_MATCH","NO - Curated","99%","https://images.unsplash.com/photo-1590779033100-9f60a05a013d?auto=format&fit=crop&w=800&q=80","Wikimedia / Moringa Oleifera Drumsticks & Leaves","https://www.google.com/search?q=Fresh%20Organic%20Drumstick%20(Moringa%20Pods)%20food&tbm=isch","=HYPERLINK(""https://www.google.com/search?q=Fresh%20Organic%20Drumstick%20(Moringa%20Pods)%20food&tbm=isch"", ""View Image"")"
"drumstick__moringa_pods__var_1682","Sun-Dried Drumstick (Moringa Pods) (Dried)","vegetables","CURATED_KEYWORD_MATCH","NO - Curated","99%","https://images.unsplash.com/photo-1590779033100-9f60a05a013d?auto=format&fit=crop&w=800&q=80","Wikimedia / Moringa Oleifera Drumsticks & Leaves","https://www.google.com/search?q=Sun-Dried%20Drumstick%20(Moringa%20Pods)%20(Dried)%20food&tbm=isch","=HYPERLINK(""https://www.google.com/search?q=Sun-Dried%20Drumstick%20(Moringa%20Pods)%20(Dried)%20food&tbm=isch"", ""View Image"")"
"drumstick__moringa_pods__var_1683","Himalayan Grade Drumstick (Moringa Pods) (Special)","vegetables","CURATED_KEYWORD_MATCH","NO - Curated","99%","https://images.unsplash.com/photo-1590779033100-9f60a05a013d?auto=format&fit=crop&w=800&q=80","Wikimedia / Moringa Oleifera Drumsticks & Leaves","https://www.google.com/search?q=Himalayan%20Grade%20Drumstick%20(Moringa%20Pods)%20(Special)%20food&tbm=isch","=HYPERLINK(""https://www.google.com/search?q=Himalayan%20Grade%20Drumstick%20(Moringa%20Pods)%20(Special)%20food&tbm=isch"", ""View Image"")"
"drumstick__moringa_pods__var_1684","South Indian Drumstick (Moringa Pods) (Traditional)","vegetables","CURATED_KEYWORD_MATCH","NO - Curated","99%","https://images.unsplash.com/photo-1590779033100-9f60a05a013d?auto=format&fit=crop&w=800&q=80","Wikimedia / Moringa Oleifera Drumsticks & Leaves","https://www.google.com/search?q=South%20Indian%20Drumstick%20(Moringa%20Pods)%20(Traditional)%20food&tbm=isch","=HYPERLINK(""https://www.google.com/search?q=South%20Indian%20Drumstick%20(Moringa%20Pods)%20(Traditional)%20food&tbm=isch"", ""View Image"")"
"drumstick__moringa_pods__var_1685","North Indian Style Drumstick (Moringa Pods) (Spiced)","vegetables","CURATED_KEYWORD_MATCH","NO - Curated","99%","https://images.unsplash.com/photo-1590779033100-9f60a05a013d?auto=format&fit=crop&w=800&q=80","Wikimedia / Moringa Oleifera Drumsticks & Leaves","https://www.google.com/search?q=North%20Indian%20Style%20Drumstick%20(Moringa%20Pods)%20(Spiced)%20food&tbm=isch","=HYPERLINK(""https://www.google.com/search?q=North%20Indian%20Style%20Drumstick%20(Moringa%20Pods)%20(Spiced)%20food&tbm=isch"", ""View Image"")"
"drumstick__moringa_pods__var_1686","Mediterranean Classic Drumstick (Moringa Pods) (Imported)","vegetables","CURATED_KEYWORD_MATCH","NO - Curated","99%","https://images.unsplash.com/photo-1590779033100-9f60a05a013d?auto=format&fit=crop&w=800&q=80","Wikimedia / Moringa Oleifera Drumsticks & Leaves","https://www.google.com/search?q=Mediterranean%20Classic%20Drumstick%20(Moringa%20Pods)%20(Imported)%20food&tbm=isch","=HYPERLINK(""https://www.google.com/search?q=Mediterranean%20Classic%20Drumstick%20(Moringa%20Pods)%20(Imported)%20food&tbm=isch"", ""View Image"")"
"drumstick__moringa_pods__var_1687","Asian Specialty Drumstick (Moringa Pods) (Select)","vegetables","CURATED_KEYWORD_MATCH","NO - Curated","99%","https://images.unsplash.com/photo-1590779033100-9f60a05a013d?auto=format&fit=crop&w=800&q=80","Wikimedia / Moringa Oleifera Drumsticks & Leaves","https://www.google.com/search?q=Asian%20Specialty%20Drumstick%20(Moringa%20Pods)%20(Select)%20food&tbm=isch","=HYPERLINK(""https://www.google.com/search?q=Asian%20Specialty%20Drumstick%20(Moringa%20Pods)%20(Select)%20food&tbm=isch"", ""View Image"")"
"drumstick__moringa_pods__var_1688","European Heirloom Drumstick (Moringa Pods) (Artisanal)","vegetables","CURATED_KEYWORD_MATCH","NO - Curated","99%","https://images.unsplash.com/photo-1590779033100-9f60a05a013d?auto=format&fit=crop&w=800&q=80","Wikimedia / Moringa Oleifera Drumsticks & Leaves","https://www.google.com/search?q=European%20Heirloom%20Drumstick%20(Moringa%20Pods)%20(Artisanal)%20food&tbm=isch","=HYPERLINK(""https://www.google.com/search?q=European%20Heirloom%20Drumstick%20(Moringa%20Pods)%20(Artisanal)%20food&tbm=isch"", ""View Image"")"
"drumstick__moringa_pods__var_1689","Farm-Fresh Premium Drumstick (Moringa Pods) (A-Grade)","vegetables","CURATED_KEYWORD_MATCH","NO - Curated","99%","https://images.unsplash.com/photo-1590779033100-9f60a05a013d?auto=format&fit=crop&w=800&q=80","Wikimedia / Moringa Oleifera Drumsticks & Leaves","https://www.google.com/search?q=Farm-Fresh%20Premium%20Drumstick%20(Moringa%20Pods)%20(A-Grade)%20food&tbm=isch","=HYPERLINK(""https://www.google.com/search?q=Farm-Fresh%20Premium%20Drumstick%20(Moringa%20Pods)%20(A-Grade)%20food&tbm=isch"", ""View Image"")"
"drumstick__moringa_pods__var_1690","Wild-Harvested Drumstick (Moringa Pods) (Pure)","vegetables","CURATED_KEYWORD_MATCH","NO - Curated","99%","https://images.unsplash.com/photo-1590779033100-9f60a05a013d?auto=format&fit=crop&w=800&q=80","Wikimedia / Moringa Oleifera Drumsticks & Leaves","https://www.google.com/search?q=Wild-Harvested%20Drumstick%20(Moringa%20Pods)%20(Pure)%20food&tbm=isch","=HYPERLINK(""https://www.google.com/search?q=Wild-Harvested%20Drumstick%20(Moringa%20Pods)%20(Pure)%20food&tbm=isch"", ""View Image"")"
"moringa_leaves","Moringa Leaves","vegetables","CURATED_KEYWORD_MATCH","NO - Curated","99%","https://images.unsplash.com/photo-1590779033100-9f60a05a013d?auto=format&fit=crop&w=800&q=80","Wikimedia / Moringa Oleifera Drumsticks & Leaves","https://www.google.com/search?q=Moringa%20Leaves%20food&tbm=isch","=HYPERLINK(""https://www.google.com/search?q=Moringa%20Leaves%20food&tbm=isch"", ""View Image"")"
"moringa_leaves_var_1691","Fresh Organic Moringa Leaves","vegetables","CURATED_KEYWORD_MATCH","NO - Curated","99%","https://images.unsplash.com/photo-1590779033100-9f60a05a013d?auto=format&fit=crop&w=800&q=80","Wikimedia / Moringa Oleifera Drumsticks & Leaves","https://www.google.com/search?q=Fresh%20Organic%20Moringa%20Leaves%20food&tbm=isch","=HYPERLINK(""https://www.google.com/search?q=Fresh%20Organic%20Moringa%20Leaves%20food&tbm=isch"", ""View Image"")"
"moringa_leaves_var_1692","Sun-Dried Moringa Leaves (Dried)","vegetables","CURATED_KEYWORD_MATCH","NO - Curated","99%","https://images.unsplash.com/photo-1590779033100-9f60a05a013d?auto=format&fit=crop&w=800&q=80","Wikimedia / Moringa Oleifera Drumsticks & Leaves","https://www.google.com/search?q=Sun-Dried%20Moringa%20Leaves%20(Dried)%20food&tbm=isch","=HYPERLINK(""https://www.google.com/search?q=Sun-Dried%20Moringa%20Leaves%20(Dried)%20food&tbm=isch"", ""View Image"")"
"moringa_leaves_var_1693","Himalayan Grade Moringa Leaves (Special)","vegetables","CURATED_KEYWORD_MATCH","NO - Curated","99%","https://images.unsplash.com/photo-1590779033100-9f60a05a013d?auto=format&fit=crop&w=800&q=80","Wikimedia / Moringa Oleifera Drumsticks & Leaves","https://www.google.com/search?q=Himalayan%20Grade%20Moringa%20Leaves%20(Special)%20food&tbm=isch","=HYPERLINK(""https://www.google.com/search?q=Himalayan%20Grade%20Moringa%20Leaves%20(Special)%20food&tbm=isch"", ""View Image"")"
"moringa_leaves_var_1694","South Indian Moringa Leaves (Traditional)","vegetables","CURATED_KEYWORD_MATCH","NO - Curated","99%","https://images.unsplash.com/photo-1590779033100-9f60a05a013d?auto=format&fit=crop&w=800&q=80","Wikimedia / Moringa Oleifera Drumsticks & Leaves","https://www.google.com/search?q=South%20Indian%20Moringa%20Leaves%20(Traditional)%20food&tbm=isch","=HYPERLINK(""https://www.google.com/search?q=South%20Indian%20Moringa%20Leaves%20(Traditional)%20food&tbm=isch"", ""View Image"")"
"moringa_leaves_var_1695","North Indian Style Moringa Leaves (Spiced)","vegetables","CURATED_KEYWORD_MATCH","NO - Curated","99%","https://images.unsplash.com/photo-1590779033100-9f60a05a013d?auto=format&fit=crop&w=800&q=80","Wikimedia / Moringa Oleifera Drumsticks & Leaves","https://www.google.com/search?q=North%20Indian%20Style%20Moringa%20Leaves%20(Spiced)%20food&tbm=isch","=HYPERLINK(""https://www.google.com/search?q=North%20Indian%20Style%20Moringa%20Leaves%20(Spiced)%20food&tbm=isch"", ""View Image"")"
"moringa_leaves_var_1696","Mediterranean Classic Moringa Leaves (Imported)","vegetables","CURATED_KEYWORD_MATCH","NO - Curated","99%","https://images.unsplash.com/photo-1590779033100-9f60a05a013d?auto=format&fit=crop&w=800&q=80","Wikimedia / Moringa Oleifera Drumsticks & Leaves","https://www.google.com/search?q=Mediterranean%20Classic%20Moringa%20Leaves%20(Imported)%20food&tbm=isch","=HYPERLINK(""https://www.google.com/search?q=Mediterranean%20Classic%20Moringa%20Leaves%20(Imported)%20food&tbm=isch"", ""View Image"")"
"moringa_leaves_var_1697","Asian Specialty Moringa Leaves (Select)","vegetables","CURATED_KEYWORD_MATCH","NO - Curated","99%","https://images.unsplash.com/photo-1590779033100-9f60a05a013d?auto=format&fit=crop&w=800&q=80","Wikimedia / Moringa Oleifera Drumsticks & Leaves","https://www.google.com/search?q=Asian%20Specialty%20Moringa%20Leaves%20(Select)%20food&tbm=isch","=HYPERLINK(""https://www.google.com/search?q=Asian%20Specialty%20Moringa%20Leaves%20(Select)%20food&tbm=isch"", ""View Image"")"
"moringa_leaves_var_1698","European Heirloom Moringa Leaves (Artisanal)","vegetables","CURATED_KEYWORD_MATCH","NO - Curated","99%","https://images.unsplash.com/photo-1590779033100-9f60a05a013d?auto=format&fit=crop&w=800&q=80","Wikimedia / Moringa Oleifera Drumsticks & Leaves","https://www.google.com/search?q=European%20Heirloom%20Moringa%20Leaves%20(Artisanal)%20food&tbm=isch","=HYPERLINK(""https://www.google.com/search?q=European%20Heirloom%20Moringa%20Leaves%20(Artisanal)%20food&tbm=isch"", ""View Image"")"
"moringa_leaves_var_1699","Farm-Fresh Premium Moringa Leaves (A-Grade)","vegetables","CURATED_KEYWORD_MATCH","NO - Curated","99%","https://images.unsplash.com/photo-1590779033100-9f60a05a013d?auto=format&fit=crop&w=800&q=80","Wikimedia / Moringa Oleifera Drumsticks & Leaves","https://www.google.com/search?q=Farm-Fresh%20Premium%20Moringa%20Leaves%20(A-Grade)%20food&tbm=isch","=HYPERLINK(""https://www.google.com/search?q=Farm-Fresh%20Premium%20Moringa%20Leaves%20(A-Grade)%20food&tbm=isch"", ""View Image"")"
"moringa_leaves_var_1700","Wild-Harvested Moringa Leaves (Pure)","vegetables","CURATED_KEYWORD_MATCH","NO - Curated","99%","https://images.unsplash.com/photo-1590779033100-9f60a05a013d?auto=format&fit=crop&w=800&q=80","Wikimedia / Moringa Oleifera Drumsticks & Leaves","https://www.google.com/search?q=Wild-Harvested%20Moringa%20Leaves%20(Pure)%20food&tbm=isch","=HYPERLINK(""https://www.google.com/search?q=Wild-Harvested%20Moringa%20Leaves%20(Pure)%20food&tbm=isch"", ""View Image"")"
"zucchini","Zucchini","vegetables","CURATED_KEYWORD_MATCH","NO - Curated","99%","https://images.unsplash.com/photo-1590779033100-9f60a05a013d?auto=format&fit=crop&w=800&q=80","Unsplash / Fresh Zucchini & Garden Squash","https://www.google.com/search?q=Zucchini%20food&tbm=isch","=HYPERLINK(""https://www.google.com/search?q=Zucchini%20food&tbm=isch"", ""View Image"")"
"zucchini_var_1701","Fresh Organic Zucchini","vegetables","CURATED_KEYWORD_MATCH","NO - Curated","99%","https://images.unsplash.com/photo-1590779033100-9f60a05a013d?auto=format&fit=crop&w=800&q=80","Unsplash / Fresh Zucchini & Garden Squash","https://www.google.com/search?q=Fresh%20Organic%20Zucchini%20food&tbm=isch","=HYPERLINK(""https://www.google.com/search?q=Fresh%20Organic%20Zucchini%20food&tbm=isch"", ""View Image"")"
"zucchini_var_1702","Sun-Dried Zucchini (Dried)","vegetables","CURATED_KEYWORD_MATCH","NO - Curated","99%","https://images.unsplash.com/photo-1590779033100-9f60a05a013d?auto=format&fit=crop&w=800&q=80","Unsplash / Fresh Zucchini & Garden Squash","https://www.google.com/search?q=Sun-Dried%20Zucchini%20(Dried)%20food&tbm=isch","=HYPERLINK(""https://www.google.com/search?q=Sun-Dried%20Zucchini%20(Dried)%20food&tbm=isch"", ""View Image"")"
"zucchini_var_1703","Himalayan Grade Zucchini (Special)","vegetables","CURATED_KEYWORD_MATCH","NO - Curated","99%","https://images.unsplash.com/photo-1590779033100-9f60a05a013d?auto=format&fit=crop&w=800&q=80","Unsplash / Fresh Zucchini & Garden Squash","https://www.google.com/search?q=Himalayan%20Grade%20Zucchini%20(Special)%20food&tbm=isch","=HYPERLINK(""https://www.google.com/search?q=Himalayan%20Grade%20Zucchini%20(Special)%20food&tbm=isch"", ""View Image"")"
"zucchini_var_1704","South Indian Zucchini (Traditional)","vegetables","CURATED_KEYWORD_MATCH","NO - Curated","99%","https://images.unsplash.com/photo-1590779033100-9f60a05a013d?auto=format&fit=crop&w=800&q=80","Unsplash / Fresh Zucchini & Garden Squash","https://www.google.com/search?q=South%20Indian%20Zucchini%20(Traditional)%20food&tbm=isch","=HYPERLINK(""https://www.google.com/search?q=South%20Indian%20Zucchini%20(Traditional)%20food&tbm=isch"", ""View Image"")"
"zucchini_var_1705","North Indian Style Zucchini (Spiced)","vegetables","CURATED_KEYWORD_MATCH","NO - Curated","99%","https://images.unsplash.com/photo-1590779033100-9f60a05a013d?auto=format&fit=crop&w=800&q=80","Unsplash / Fresh Zucchini & Garden Squash","https://www.google.com/search?q=North%20Indian%20Style%20Zucchini%20(Spiced)%20food&tbm=isch","=HYPERLINK(""https://www.google.com/search?q=North%20Indian%20Style%20Zucchini%20(Spiced)%20food&tbm=isch"", ""View Image"")"
"zucchini_var_1706","Mediterranean Classic Zucchini (Imported)","vegetables","CURATED_KEYWORD_MATCH","NO - Curated","99%","https://images.unsplash.com/photo-1590779033100-9f60a05a013d?auto=format&fit=crop&w=800&q=80","Unsplash / Fresh Zucchini & Garden Squash","https://www.google.com/search?q=Mediterranean%20Classic%20Zucchini%20(Imported)%20food&tbm=isch","=HYPERLINK(""https://www.google.com/search?q=Mediterranean%20Classic%20Zucchini%20(Imported)%20food&tbm=isch"", ""View Image"")"
"zucchini_var_1707","Asian Specialty Zucchini (Select)","vegetables","CURATED_KEYWORD_MATCH","NO - Curated","99%","https://images.unsplash.com/photo-1590779033100-9f60a05a013d?auto=format&fit=crop&w=800&q=80","Unsplash / Fresh Zucchini & Garden Squash","https://www.google.com/search?q=Asian%20Specialty%20Zucchini%20(Select)%20food&tbm=isch","=HYPERLINK(""https://www.google.com/search?q=Asian%20Specialty%20Zucchini%20(Select)%20food&tbm=isch"", ""View Image"")"
"zucchini_var_1708","European Heirloom Zucchini (Artisanal)","vegetables","CURATED_KEYWORD_MATCH","NO - Curated","99%","https://images.unsplash.com/photo-1590779033100-9f60a05a013d?auto=format&fit=crop&w=800&q=80","Unsplash / Fresh Zucchini & Garden Squash","https://www.google.com/search?q=European%20Heirloom%20Zucchini%20(Artisanal)%20food&tbm=isch","=HYPERLINK(""https://www.google.com/search?q=European%20Heirloom%20Zucchini%20(Artisanal)%20food&tbm=isch"", ""View Image"")"
"zucchini_var_1709","Farm-Fresh Premium Zucchini (A-Grade)","vegetables","CURATED_KEYWORD_MATCH","NO - Curated","99%","https://images.unsplash.com/photo-1590779033100-9f60a05a013d?auto=format&fit=crop&w=800&q=80","Unsplash / Fresh Zucchini & Garden Squash","https://www.google.com/search?q=Farm-Fresh%20Premium%20Zucchini%20(A-Grade)%20food&tbm=isch","=HYPERLINK(""https://www.google.com/search?q=Farm-Fresh%20Premium%20Zucchini%20(A-Grade)%20food&tbm=isch"", ""View Image"")"
"zucchini_var_1710","Wild-Harvested Zucchini (Pure)","vegetables","CURATED_KEYWORD_MATCH","NO - Curated","99%","https://images.unsplash.com/photo-1590779033100-9f60a05a013d?auto=format&fit=crop&w=800&q=80","Unsplash / Fresh Zucchini & Garden Squash","https://www.google.com/search?q=Wild-Harvested%20Zucchini%20(Pure)%20food&tbm=isch","=HYPERLINK(""https://www.google.com/search?q=Wild-Harvested%20Zucchini%20(Pure)%20food&tbm=isch"", ""View Image"")"
"asparagus_var_1711","Fresh Organic Asparagus","vegetables","CURATED_KEYWORD_MATCH","NO - Curated","99%","https://images.unsplash.com/photo-1515471209610-e3f15d785718?auto=format&fit=crop&w=800&q=80","Unsplash / Fresh Green Asparagus Spears","https://www.google.com/search?q=Fresh%20Organic%20Asparagus%20food&tbm=isch","=HYPERLINK(""https://www.google.com/search?q=Fresh%20Organic%20Asparagus%20food&tbm=isch"", ""View Image"")"
"asparagus_var_1712","Sun-Dried Asparagus (Dried)","vegetables","CURATED_KEYWORD_MATCH","NO - Curated","99%","https://images.unsplash.com/photo-1515471209610-e3f15d785718?auto=format&fit=crop&w=800&q=80","Unsplash / Fresh Green Asparagus Spears","https://www.google.com/search?q=Sun-Dried%20Asparagus%20(Dried)%20food&tbm=isch","=HYPERLINK(""https://www.google.com/search?q=Sun-Dried%20Asparagus%20(Dried)%20food&tbm=isch"", ""View Image"")"
"asparagus_var_1713","Himalayan Grade Asparagus (Special)","vegetables","CURATED_KEYWORD_MATCH","NO - Curated","99%","https://images.unsplash.com/photo-1515471209610-e3f15d785718?auto=format&fit=crop&w=800&q=80","Unsplash / Fresh Green Asparagus Spears","https://www.google.com/search?q=Himalayan%20Grade%20Asparagus%20(Special)%20food&tbm=isch","=HYPERLINK(""https://www.google.com/search?q=Himalayan%20Grade%20Asparagus%20(Special)%20food&tbm=isch"", ""View Image"")"
"asparagus_var_1714","South Indian Asparagus (Traditional)","vegetables","CURATED_KEYWORD_MATCH","NO - Curated","99%","https://images.unsplash.com/photo-1515471209610-e3f15d785718?auto=format&fit=crop&w=800&q=80","Unsplash / Fresh Green Asparagus Spears","https://www.google.com/search?q=South%20Indian%20Asparagus%20(Traditional)%20food&tbm=isch","=HYPERLINK(""https://www.google.com/search?q=South%20Indian%20Asparagus%20(Traditional)%20food&tbm=isch"", ""View Image"")"
"asparagus_var_1715","North Indian Style Asparagus (Spiced)","vegetables","CURATED_KEYWORD_MATCH","NO - Curated","99%","https://images.unsplash.com/photo-1515471209610-e3f15d785718?auto=format&fit=crop&w=800&q=80","Unsplash / Fresh Green Asparagus Spears","https://www.google.com/search?q=North%20Indian%20Style%20Asparagus%20(Spiced)%20food&tbm=isch","=HYPERLINK(""https://www.google.com/search?q=North%20Indian%20Style%20Asparagus%20(Spiced)%20food&tbm=isch"", ""View Image"")"
"asparagus_var_1716","Mediterranean Classic Asparagus (Imported)","vegetables","CURATED_KEYWORD_MATCH","NO - Curated","99%","https://images.unsplash.com/photo-1515471209610-e3f15d785718?auto=format&fit=crop&w=800&q=80","Unsplash / Fresh Green Asparagus Spears","https://www.google.com/search?q=Mediterranean%20Classic%20Asparagus%20(Imported)%20food&tbm=isch","=HYPERLINK(""https://www.google.com/search?q=Mediterranean%20Classic%20Asparagus%20(Imported)%20food&tbm=isch"", ""View Image"")"
"asparagus_var_1717","Asian Specialty Asparagus (Select)","vegetables","CURATED_KEYWORD_MATCH","NO - Curated","99%","https://images.unsplash.com/photo-1515471209610-e3f15d785718?auto=format&fit=crop&w=800&q=80","Unsplash / Fresh Green Asparagus Spears","https://www.google.com/search?q=Asian%20Specialty%20Asparagus%20(Select)%20food&tbm=isch","=HYPERLINK(""https://www.google.com/search?q=Asian%20Specialty%20Asparagus%20(Select)%20food&tbm=isch"", ""View Image"")"
"asparagus_var_1718","European Heirloom Asparagus (Artisanal)","vegetables","CURATED_KEYWORD_MATCH","NO - Curated","99%","https://images.unsplash.com/photo-1515471209610-e3f15d785718?auto=format&fit=crop&w=800&q=80","Unsplash / Fresh Green Asparagus Spears","https://www.google.com/search?q=European%20Heirloom%20Asparagus%20(Artisanal)%20food&tbm=isch","=HYPERLINK(""https://www.google.com/search?q=European%20Heirloom%20Asparagus%20(Artisanal)%20food&tbm=isch"", ""View Image"")"
"asparagus_var_1719","Farm-Fresh Premium Asparagus (A-Grade)","vegetables","CURATED_KEYWORD_MATCH","NO - Curated","99%","https://images.unsplash.com/photo-1515471209610-e3f15d785718?auto=format&fit=crop&w=800&q=80","Unsplash / Fresh Green Asparagus Spears","https://www.google.com/search?q=Farm-Fresh%20Premium%20Asparagus%20(A-Grade)%20food&tbm=isch","=HYPERLINK(""https://www.google.com/search?q=Farm-Fresh%20Premium%20Asparagus%20(A-Grade)%20food&tbm=isch"", ""View Image"")"
"asparagus_var_1720","Wild-Harvested Asparagus (Pure)","vegetables","CURATED_KEYWORD_MATCH","NO - Curated","99%","https://images.unsplash.com/photo-1515471209610-e3f15d785718?auto=format&fit=crop&w=800&q=80","Unsplash / Fresh Green Asparagus Spears","https://www.google.com/search?q=Wild-Harvested%20Asparagus%20(Pure)%20food&tbm=isch","=HYPERLINK(""https://www.google.com/search?q=Wild-Harvested%20Asparagus%20(Pure)%20food&tbm=isch"", ""View Image"")"
"artichoke","Artichoke","vegetables","CURATED_KEYWORD_MATCH","NO - Curated","99%","https://images.unsplash.com/photo-1518977822534-7049a61ee0c2?auto=format&fit=crop&w=800&q=80","Unsplash / Fresh Whole Globe Artichoke","https://www.google.com/search?q=Artichoke%20food&tbm=isch","=HYPERLINK(""https://www.google.com/search?q=Artichoke%20food&tbm=isch"", ""View Image"")"
"artichoke_var_1721","Fresh Organic Artichoke","vegetables","CURATED_KEYWORD_MATCH","NO - Curated","99%","https://images.unsplash.com/photo-1518977822534-7049a61ee0c2?auto=format&fit=crop&w=800&q=80","Unsplash / Fresh Whole Globe Artichoke","https://www.google.com/search?q=Fresh%20Organic%20Artichoke%20food&tbm=isch","=HYPERLINK(""https://www.google.com/search?q=Fresh%20Organic%20Artichoke%20food&tbm=isch"", ""View Image"")"
"artichoke_var_1722","Sun-Dried Artichoke (Dried)","vegetables","CURATED_KEYWORD_MATCH","NO - Curated","99%","https://images.unsplash.com/photo-1518977822534-7049a61ee0c2?auto=format&fit=crop&w=800&q=80","Unsplash / Fresh Whole Globe Artichoke","https://www.google.com/search?q=Sun-Dried%20Artichoke%20(Dried)%20food&tbm=isch","=HYPERLINK(""https://www.google.com/search?q=Sun-Dried%20Artichoke%20(Dried)%20food&tbm=isch"", ""View Image"")"
"artichoke_var_1723","Himalayan Grade Artichoke (Special)","vegetables","CURATED_KEYWORD_MATCH","NO - Curated","99%","https://images.unsplash.com/photo-1518977822534-7049a61ee0c2?auto=format&fit=crop&w=800&q=80","Unsplash / Fresh Whole Globe Artichoke","https://www.google.com/search?q=Himalayan%20Grade%20Artichoke%20(Special)%20food&tbm=isch","=HYPERLINK(""https://www.google.com/search?q=Himalayan%20Grade%20Artichoke%20(Special)%20food&tbm=isch"", ""View Image"")"
"artichoke_var_1724","South Indian Artichoke (Traditional)","vegetables","CURATED_KEYWORD_MATCH","NO - Curated","99%","https://images.unsplash.com/photo-1518977822534-7049a61ee0c2?auto=format&fit=crop&w=800&q=80","Unsplash / Fresh Whole Globe Artichoke","https://www.google.com/search?q=South%20Indian%20Artichoke%20(Traditional)%20food&tbm=isch","=HYPERLINK(""https://www.google.com/search?q=South%20Indian%20Artichoke%20(Traditional)%20food&tbm=isch"", ""View Image"")"
"artichoke_var_1725","North Indian Style Artichoke (Spiced)","vegetables","CURATED_KEYWORD_MATCH","NO - Curated","99%","https://images.unsplash.com/photo-1518977822534-7049a61ee0c2?auto=format&fit=crop&w=800&q=80","Unsplash / Fresh Whole Globe Artichoke","https://www.google.com/search?q=North%20Indian%20Style%20Artichoke%20(Spiced)%20food&tbm=isch","=HYPERLINK(""https://www.google.com/search?q=North%20Indian%20Style%20Artichoke%20(Spiced)%20food&tbm=isch"", ""View Image"")"
"artichoke_var_1726","Mediterranean Classic Artichoke (Imported)","vegetables","CURATED_KEYWORD_MATCH","NO - Curated","99%","https://images.unsplash.com/photo-1518977822534-7049a61ee0c2?auto=format&fit=crop&w=800&q=80","Unsplash / Fresh Whole Globe Artichoke","https://www.google.com/search?q=Mediterranean%20Classic%20Artichoke%20(Imported)%20food&tbm=isch","=HYPERLINK(""https://www.google.com/search?q=Mediterranean%20Classic%20Artichoke%20(Imported)%20food&tbm=isch"", ""View Image"")"
"artichoke_var_1727","Asian Specialty Artichoke (Select)","vegetables","CURATED_KEYWORD_MATCH","NO - Curated","99%","https://images.unsplash.com/photo-1518977822534-7049a61ee0c2?auto=format&fit=crop&w=800&q=80","Unsplash / Fresh Whole Globe Artichoke","https://www.google.com/search?q=Asian%20Specialty%20Artichoke%20(Select)%20food&tbm=isch","=HYPERLINK(""https://www.google.com/search?q=Asian%20Specialty%20Artichoke%20(Select)%20food&tbm=isch"", ""View Image"")"
"artichoke_var_1728","European Heirloom Artichoke (Artisanal)","vegetables","CURATED_KEYWORD_MATCH","NO - Curated","99%","https://images.unsplash.com/photo-1518977822534-7049a61ee0c2?auto=format&fit=crop&w=800&q=80","Unsplash / Fresh Whole Globe Artichoke","https://www.google.com/search?q=European%20Heirloom%20Artichoke%20(Artisanal)%20food&tbm=isch","=HYPERLINK(""https://www.google.com/search?q=European%20Heirloom%20Artichoke%20(Artisanal)%20food&tbm=isch"", ""View Image"")"
"artichoke_var_1729","Farm-Fresh Premium Artichoke (A-Grade)","vegetables","CURATED_KEYWORD_MATCH","NO - Curated","99%","https://images.unsplash.com/photo-1518977822534-7049a61ee0c2?auto=format&fit=crop&w=800&q=80","Unsplash / Fresh Whole Globe Artichoke","https://www.google.com/search?q=Farm-Fresh%20Premium%20Artichoke%20(A-Grade)%20food&tbm=isch","=HYPERLINK(""https://www.google.com/search?q=Farm-Fresh%20Premium%20Artichoke%20(A-Grade)%20food&tbm=isch"", ""View Image"")"
"artichoke_var_1730","Wild-Harvested Artichoke (Pure)","vegetables","CURATED_KEYWORD_MATCH","NO - Curated","99%","https://images.unsplash.com/photo-1518977822534-7049a61ee0c2?auto=format&fit=crop&w=800&q=80","Unsplash / Fresh Whole Globe Artichoke","https://www.google.com/search?q=Wild-Harvested%20Artichoke%20(Pure)%20food&tbm=isch","=HYPERLINK(""https://www.google.com/search?q=Wild-Harvested%20Artichoke%20(Pure)%20food&tbm=isch"", ""View Image"")"
"basmati_rice__aromatic__var_1731","Fresh Organic Basmati Rice (Aromatic)","grains","CURATED_KEYWORD_MATCH","NO - Curated","99%","https://images.unsplash.com/photo-1586201375761-83865001e8ac?auto=format&fit=crop&w=800&q=80","Unsplash / Long-Grain Aged Basmati Rice","https://www.google.com/search?q=Fresh%20Organic%20Basmati%20Rice%20(Aromatic)%20food&tbm=isch","=HYPERLINK(""https://www.google.com/search?q=Fresh%20Organic%20Basmati%20Rice%20(Aromatic)%20food&tbm=isch"", ""View Image"")"
"basmati_rice__aromatic__var_1732","Sun-Dried Basmati Rice (Aromatic) (Dried)","grains","CURATED_KEYWORD_MATCH","NO - Curated","99%","https://images.unsplash.com/photo-1586201375761-83865001e8ac?auto=format&fit=crop&w=800&q=80","Unsplash / Long-Grain Aged Basmati Rice","https://www.google.com/search?q=Sun-Dried%20Basmati%20Rice%20(Aromatic)%20(Dried)%20food&tbm=isch","=HYPERLINK(""https://www.google.com/search?q=Sun-Dried%20Basmati%20Rice%20(Aromatic)%20(Dried)%20food&tbm=isch"", ""View Image"")"
"basmati_rice__aromatic__var_1733","Himalayan Grade Basmati Rice (Aromatic) (Special)","grains","CURATED_KEYWORD_MATCH","NO - Curated","99%","https://images.unsplash.com/photo-1586201375761-83865001e8ac?auto=format&fit=crop&w=800&q=80","Unsplash / Long-Grain Aged Basmati Rice","https://www.google.com/search?q=Himalayan%20Grade%20Basmati%20Rice%20(Aromatic)%20(Special)%20food&tbm=isch","=HYPERLINK(""https://www.google.com/search?q=Himalayan%20Grade%20Basmati%20Rice%20(Aromatic)%20(Special)%20food&tbm=isch"", ""View Image"")"
"basmati_rice__aromatic__var_1734","South Indian Basmati Rice (Aromatic) (Traditional)","grains","CURATED_KEYWORD_MATCH","NO - Curated","99%","https://images.unsplash.com/photo-1586201375761-83865001e8ac?auto=format&fit=crop&w=800&q=80","Unsplash / Long-Grain Aged Basmati Rice","https://www.google.com/search?q=South%20Indian%20Basmati%20Rice%20(Aromatic)%20(Traditional)%20food&tbm=isch","=HYPERLINK(""https://www.google.com/search?q=South%20Indian%20Basmati%20Rice%20(Aromatic)%20(Traditional)%20food&tbm=isch"", ""View Image"")"
"basmati_rice__aromatic__var_1735","North Indian Style Basmati Rice (Aromatic) (Spiced)","grains","CURATED_KEYWORD_MATCH","NO - Curated","99%","https://images.unsplash.com/photo-1586201375761-83865001e8ac?auto=format&fit=crop&w=800&q=80","Unsplash / Long-Grain Aged Basmati Rice","https://www.google.com/search?q=North%20Indian%20Style%20Basmati%20Rice%20(Aromatic)%20(Spiced)%20food&tbm=isch","=HYPERLINK(""https://www.google.com/search?q=North%20Indian%20Style%20Basmati%20Rice%20(Aromatic)%20(Spiced)%20food&tbm=isch"", ""View Image"")"
"basmati_rice__aromatic__var_1736","Mediterranean Classic Basmati Rice (Aromatic) (Imported)","grains","CURATED_KEYWORD_MATCH","NO - Curated","99%","https://images.unsplash.com/photo-1586201375761-83865001e8ac?auto=format&fit=crop&w=800&q=80","Unsplash / Long-Grain Aged Basmati Rice","https://www.google.com/search?q=Mediterranean%20Classic%20Basmati%20Rice%20(Aromatic)%20(Imported)%20food&tbm=isch","=HYPERLINK(""https://www.google.com/search?q=Mediterranean%20Classic%20Basmati%20Rice%20(Aromatic)%20(Imported)%20food&tbm=isch"", ""View Image"")"
"basmati_rice__aromatic__var_1737","Asian Specialty Basmati Rice (Aromatic) (Select)","grains","CURATED_KEYWORD_MATCH","NO - Curated","99%","https://images.unsplash.com/photo-1586201375761-83865001e8ac?auto=format&fit=crop&w=800&q=80","Unsplash / Long-Grain Aged Basmati Rice","https://www.google.com/search?q=Asian%20Specialty%20Basmati%20Rice%20(Aromatic)%20(Select)%20food&tbm=isch","=HYPERLINK(""https://www.google.com/search?q=Asian%20Specialty%20Basmati%20Rice%20(Aromatic)%20(Select)%20food&tbm=isch"", ""View Image"")"
"basmati_rice__aromatic__var_1738","European Heirloom Basmati Rice (Aromatic) (Artisanal)","grains","CURATED_KEYWORD_MATCH","NO - Curated","99%","https://images.unsplash.com/photo-1586201375761-83865001e8ac?auto=format&fit=crop&w=800&q=80","Unsplash / Long-Grain Aged Basmati Rice","https://www.google.com/search?q=European%20Heirloom%20Basmati%20Rice%20(Aromatic)%20(Artisanal)%20food&tbm=isch","=HYPERLINK(""https://www.google.com/search?q=European%20Heirloom%20Basmati%20Rice%20(Aromatic)%20(Artisanal)%20food&tbm=isch"", ""View Image"")"
"basmati_rice__aromatic__var_1739","Farm-Fresh Premium Basmati Rice (Aromatic) (A-Grade)","grains","CURATED_KEYWORD_MATCH","NO - Curated","99%","https://images.unsplash.com/photo-1586201375761-83865001e8ac?auto=format&fit=crop&w=800&q=80","Unsplash / Long-Grain Aged Basmati Rice","https://www.google.com/search?q=Farm-Fresh%20Premium%20Basmati%20Rice%20(Aromatic)%20(A-Grade)%20food&tbm=isch","=HYPERLINK(""https://www.google.com/search?q=Farm-Fresh%20Premium%20Basmati%20Rice%20(Aromatic)%20(A-Grade)%20food&tbm=isch"", ""View Image"")"
"basmati_rice__aromatic__var_1740","Wild-Harvested Basmati Rice (Aromatic) (Pure)","grains","CURATED_KEYWORD_MATCH","NO - Curated","99%","https://images.unsplash.com/photo-1586201375761-83865001e8ac?auto=format&fit=crop&w=800&q=80","Unsplash / Long-Grain Aged Basmati Rice","https://www.google.com/search?q=Wild-Harvested%20Basmati%20Rice%20(Aromatic)%20(Pure)%20food&tbm=isch","=HYPERLINK(""https://www.google.com/search?q=Wild-Harvested%20Basmati%20Rice%20(Aromatic)%20(Pure)%20food&tbm=isch"", ""View Image"")"
"sona_masoori_rice","Sona Masoori Rice","grains","CURATED_KEYWORD_MATCH","NO - Curated","99%","https://images.unsplash.com/photo-1586201375761-83865001e8ac?auto=format&fit=crop&w=800&q=80","Unsplash / Premium Whole Grain & Red Cargo Rice","https://www.google.com/search?q=Sona%20Masoori%20Rice%20food&tbm=isch","=HYPERLINK(""https://www.google.com/search?q=Sona%20Masoori%20Rice%20food&tbm=isch"", ""View Image"")"
"sona_masoori_rice_var_1741","Fresh Organic Sona Masoori Rice","grains","CURATED_KEYWORD_MATCH","NO - Curated","99%","https://images.unsplash.com/photo-1586201375761-83865001e8ac?auto=format&fit=crop&w=800&q=80","Unsplash / Premium Whole Grain & Red Cargo Rice","https://www.google.com/search?q=Fresh%20Organic%20Sona%20Masoori%20Rice%20food&tbm=isch","=HYPERLINK(""https://www.google.com/search?q=Fresh%20Organic%20Sona%20Masoori%20Rice%20food&tbm=isch"", ""View Image"")"
"sona_masoori_rice_var_1742","Sun-Dried Sona Masoori Rice (Dried)","grains","CURATED_KEYWORD_MATCH","NO - Curated","99%","https://images.unsplash.com/photo-1586201375761-83865001e8ac?auto=format&fit=crop&w=800&q=80","Unsplash / Premium Whole Grain & Red Cargo Rice","https://www.google.com/search?q=Sun-Dried%20Sona%20Masoori%20Rice%20(Dried)%20food&tbm=isch","=HYPERLINK(""https://www.google.com/search?q=Sun-Dried%20Sona%20Masoori%20Rice%20(Dried)%20food&tbm=isch"", ""View Image"")"
"sona_masoori_rice_var_1743","Himalayan Grade Sona Masoori Rice (Special)","grains","CURATED_KEYWORD_MATCH","NO - Curated","99%","https://images.unsplash.com/photo-1586201375761-83865001e8ac?auto=format&fit=crop&w=800&q=80","Unsplash / Premium Whole Grain & Red Cargo Rice","https://www.google.com/search?q=Himalayan%20Grade%20Sona%20Masoori%20Rice%20(Special)%20food&tbm=isch","=HYPERLINK(""https://www.google.com/search?q=Himalayan%20Grade%20Sona%20Masoori%20Rice%20(Special)%20food&tbm=isch"", ""View Image"")"
"sona_masoori_rice_var_1744","South Indian Sona Masoori Rice (Traditional)","grains","CURATED_KEYWORD_MATCH","NO - Curated","99%","https://images.unsplash.com/photo-1586201375761-83865001e8ac?auto=format&fit=crop&w=800&q=80","Unsplash / Premium Whole Grain & Red Cargo Rice","https://www.google.com/search?q=South%20Indian%20Sona%20Masoori%20Rice%20(Traditional)%20food&tbm=isch","=HYPERLINK(""https://www.google.com/search?q=South%20Indian%20Sona%20Masoori%20Rice%20(Traditional)%20food&tbm=isch"", ""View Image"")"
"sona_masoori_rice_var_1745","North Indian Style Sona Masoori Rice (Spiced)","grains","CURATED_KEYWORD_MATCH","NO - Curated","99%","https://images.unsplash.com/photo-1586201375761-83865001e8ac?auto=format&fit=crop&w=800&q=80","Unsplash / Premium Whole Grain & Red Cargo Rice","https://www.google.com/search?q=North%20Indian%20Style%20Sona%20Masoori%20Rice%20(Spiced)%20food&tbm=isch","=HYPERLINK(""https://www.google.com/search?q=North%20Indian%20Style%20Sona%20Masoori%20Rice%20(Spiced)%20food&tbm=isch"", ""View Image"")"
"sona_masoori_rice_var_1746","Mediterranean Classic Sona Masoori Rice (Imported)","grains","CURATED_KEYWORD_MATCH","NO - Curated","99%","https://images.unsplash.com/photo-1586201375761-83865001e8ac?auto=format&fit=crop&w=800&q=80","Unsplash / Premium Whole Grain & Red Cargo Rice","https://www.google.com/search?q=Mediterranean%20Classic%20Sona%20Masoori%20Rice%20(Imported)%20food&tbm=isch","=HYPERLINK(""https://www.google.com/search?q=Mediterranean%20Classic%20Sona%20Masoori%20Rice%20(Imported)%20food&tbm=isch"", ""View Image"")"
"sona_masoori_rice_var_1747","Asian Specialty Sona Masoori Rice (Select)","grains","CURATED_KEYWORD_MATCH","NO - Curated","99%","https://images.unsplash.com/photo-1586201375761-83865001e8ac?auto=format&fit=crop&w=800&q=80","Unsplash / Premium Whole Grain & Red Cargo Rice","https://www.google.com/search?q=Asian%20Specialty%20Sona%20Masoori%20Rice%20(Select)%20food&tbm=isch","=HYPERLINK(""https://www.google.com/search?q=Asian%20Specialty%20Sona%20Masoori%20Rice%20(Select)%20food&tbm=isch"", ""View Image"")"
"sona_masoori_rice_var_1748","European Heirloom Sona Masoori Rice (Artisanal)","grains","CURATED_KEYWORD_MATCH","NO - Curated","99%","https://images.unsplash.com/photo-1586201375761-83865001e8ac?auto=format&fit=crop&w=800&q=80","Unsplash / Premium Whole Grain & Red Cargo Rice","https://www.google.com/search?q=European%20Heirloom%20Sona%20Masoori%20Rice%20(Artisanal)%20food&tbm=isch","=HYPERLINK(""https://www.google.com/search?q=European%20Heirloom%20Sona%20Masoori%20Rice%20(Artisanal)%20food&tbm=isch"", ""View Image"")"
"sona_masoori_rice_var_1749","Farm-Fresh Premium Sona Masoori Rice (A-Grade)","grains","CURATED_KEYWORD_MATCH","NO - Curated","99%","https://images.unsplash.com/photo-1586201375761-83865001e8ac?auto=format&fit=crop&w=800&q=80","Unsplash / Premium Whole Grain & Red Cargo Rice","https://www.google.com/search?q=Farm-Fresh%20Premium%20Sona%20Masoori%20Rice%20(A-Grade)%20food&tbm=isch","=HYPERLINK(""https://www.google.com/search?q=Farm-Fresh%20Premium%20Sona%20Masoori%20Rice%20(A-Grade)%20food&tbm=isch"", ""View Image"")"
"sona_masoori_rice_var_1750","Wild-Harvested Sona Masoori Rice (Pure)","grains","CURATED_KEYWORD_MATCH","NO - Curated","99%","https://images.unsplash.com/photo-1586201375761-83865001e8ac?auto=format&fit=crop&w=800&q=80","Unsplash / Premium Whole Grain & Red Cargo Rice","https://www.google.com/search?q=Wild-Harvested%20Sona%20Masoori%20Rice%20(Pure)%20food&tbm=isch","=HYPERLINK(""https://www.google.com/search?q=Wild-Harvested%20Sona%20Masoori%20Rice%20(Pure)%20food&tbm=isch"", ""View Image"")"
"red_cargo_rice","Red Cargo Rice","grains","CURATED_KEYWORD_MATCH","NO - Curated","99%","https://images.unsplash.com/photo-1586201375761-83865001e8ac?auto=format&fit=crop&w=800&q=80","Unsplash / Premium Whole Grain & Red Cargo Rice","https://www.google.com/search?q=Red%20Cargo%20Rice%20food&tbm=isch","=HYPERLINK(""https://www.google.com/search?q=Red%20Cargo%20Rice%20food&tbm=isch"", ""View Image"")"
"red_cargo_rice_var_1751","Fresh Organic Red Cargo Rice","grains","CURATED_KEYWORD_MATCH","NO - Curated","99%","https://images.unsplash.com/photo-1586201375761-83865001e8ac?auto=format&fit=crop&w=800&q=80","Unsplash / Premium Whole Grain & Red Cargo Rice","https://www.google.com/search?q=Fresh%20Organic%20Red%20Cargo%20Rice%20food&tbm=isch","=HYPERLINK(""https://www.google.com/search?q=Fresh%20Organic%20Red%20Cargo%20Rice%20food&tbm=isch"", ""View Image"")"
"red_cargo_rice_var_1752","Sun-Dried Red Cargo Rice (Dried)","grains","CURATED_KEYWORD_MATCH","NO - Curated","99%","https://images.unsplash.com/photo-1586201375761-83865001e8ac?auto=format&fit=crop&w=800&q=80","Unsplash / Premium Whole Grain & Red Cargo Rice","https://www.google.com/search?q=Sun-Dried%20Red%20Cargo%20Rice%20(Dried)%20food&tbm=isch","=HYPERLINK(""https://www.google.com/search?q=Sun-Dried%20Red%20Cargo%20Rice%20(Dried)%20food&tbm=isch"", ""View Image"")"
"red_cargo_rice_var_1753","Himalayan Grade Red Cargo Rice (Special)","grains","CURATED_KEYWORD_MATCH","NO - Curated","99%","https://images.unsplash.com/photo-1586201375761-83865001e8ac?auto=format&fit=crop&w=800&q=80","Unsplash / Premium Whole Grain & Red Cargo Rice","https://www.google.com/search?q=Himalayan%20Grade%20Red%20Cargo%20Rice%20(Special)%20food&tbm=isch","=HYPERLINK(""https://www.google.com/search?q=Himalayan%20Grade%20Red%20Cargo%20Rice%20(Special)%20food&tbm=isch"", ""View Image"")"
"red_cargo_rice_var_1754","South Indian Red Cargo Rice (Traditional)","grains","CURATED_KEYWORD_MATCH","NO - Curated","99%","https://images.unsplash.com/photo-1586201375761-83865001e8ac?auto=format&fit=crop&w=800&q=80","Unsplash / Premium Whole Grain & Red Cargo Rice","https://www.google.com/search?q=South%20Indian%20Red%20Cargo%20Rice%20(Traditional)%20food&tbm=isch","=HYPERLINK(""https://www.google.com/search?q=South%20Indian%20Red%20Cargo%20Rice%20(Traditional)%20food&tbm=isch"", ""View Image"")"
"red_cargo_rice_var_1755","North Indian Style Red Cargo Rice (Spiced)","grains","CURATED_KEYWORD_MATCH","NO - Curated","99%","https://images.unsplash.com/photo-1586201375761-83865001e8ac?auto=format&fit=crop&w=800&q=80","Unsplash / Premium Whole Grain & Red Cargo Rice","https://www.google.com/search?q=North%20Indian%20Style%20Red%20Cargo%20Rice%20(Spiced)%20food&tbm=isch","=HYPERLINK(""https://www.google.com/search?q=North%20Indian%20Style%20Red%20Cargo%20Rice%20(Spiced)%20food&tbm=isch"", ""View Image"")"
"red_cargo_rice_var_1756","Mediterranean Classic Red Cargo Rice (Imported)","grains","CURATED_KEYWORD_MATCH","NO - Curated","99%","https://images.unsplash.com/photo-1586201375761-83865001e8ac?auto=format&fit=crop&w=800&q=80","Unsplash / Premium Whole Grain & Red Cargo Rice","https://www.google.com/search?q=Mediterranean%20Classic%20Red%20Cargo%20Rice%20(Imported)%20food&tbm=isch","=HYPERLINK(""https://www.google.com/search?q=Mediterranean%20Classic%20Red%20Cargo%20Rice%20(Imported)%20food&tbm=isch"", ""View Image"")"
"red_cargo_rice_var_1757","Asian Specialty Red Cargo Rice (Select)","grains","CURATED_KEYWORD_MATCH","NO - Curated","99%","https://images.unsplash.com/photo-1586201375761-83865001e8ac?auto=format&fit=crop&w=800&q=80","Unsplash / Premium Whole Grain & Red Cargo Rice","https://www.google.com/search?q=Asian%20Specialty%20Red%20Cargo%20Rice%20(Select)%20food&tbm=isch","=HYPERLINK(""https://www.google.com/search?q=Asian%20Specialty%20Red%20Cargo%20Rice%20(Select)%20food&tbm=isch"", ""View Image"")"
"red_cargo_rice_var_1758","European Heirloom Red Cargo Rice (Artisanal)","grains","CURATED_KEYWORD_MATCH","NO - Curated","99%","https://images.unsplash.com/photo-1586201375761-83865001e8ac?auto=format&fit=crop&w=800&q=80","Unsplash / Premium Whole Grain & Red Cargo Rice","https://www.google.com/search?q=European%20Heirloom%20Red%20Cargo%20Rice%20(Artisanal)%20food&tbm=isch","=HYPERLINK(""https://www.google.com/search?q=European%20Heirloom%20Red%20Cargo%20Rice%20(Artisanal)%20food&tbm=isch"", ""View Image"")"
"red_cargo_rice_var_1759","Farm-Fresh Premium Red Cargo Rice (A-Grade)","grains","CURATED_KEYWORD_MATCH","NO - Curated","99%","https://images.unsplash.com/photo-1586201375761-83865001e8ac?auto=format&fit=crop&w=800&q=80","Unsplash / Premium Whole Grain & Red Cargo Rice","https://www.google.com/search?q=Farm-Fresh%20Premium%20Red%20Cargo%20Rice%20(A-Grade)%20food&tbm=isch","=HYPERLINK(""https://www.google.com/search?q=Farm-Fresh%20Premium%20Red%20Cargo%20Rice%20(A-Grade)%20food&tbm=isch"", ""View Image"")"
"red_cargo_rice_var_1760","Wild-Harvested Red Cargo Rice (Pure)","grains","CURATED_KEYWORD_MATCH","NO - Curated","99%","https://images.unsplash.com/photo-1586201375761-83865001e8ac?auto=format&fit=crop&w=800&q=80","Unsplash / Premium Whole Grain & Red Cargo Rice","https://www.google.com/search?q=Wild-Harvested%20Red%20Cargo%20Rice%20(Pure)%20food&tbm=isch","=HYPERLINK(""https://www.google.com/search?q=Wild-Harvested%20Red%20Cargo%20Rice%20(Pure)%20food&tbm=isch"", ""View Image"")"
"black_forbidden_rice","Black Forbidden Rice","grains","CURATED_KEYWORD_MATCH","NO - Curated","99%","https://images.unsplash.com/photo-1586201375761-83865001e8ac?auto=format&fit=crop&w=800&q=80","Unsplash / Antioxidant-Rich Black Forbidden Rice","https://www.google.com/search?q=Black%20Forbidden%20Rice%20food&tbm=isch","=HYPERLINK(""https://www.google.com/search?q=Black%20Forbidden%20Rice%20food&tbm=isch"", ""View Image"")"
"black_forbidden_rice_var_1761","Fresh Organic Black Forbidden Rice","grains","CURATED_KEYWORD_MATCH","NO - Curated","99%","https://images.unsplash.com/photo-1586201375761-83865001e8ac?auto=format&fit=crop&w=800&q=80","Unsplash / Antioxidant-Rich Black Forbidden Rice","https://www.google.com/search?q=Fresh%20Organic%20Black%20Forbidden%20Rice%20food&tbm=isch","=HYPERLINK(""https://www.google.com/search?q=Fresh%20Organic%20Black%20Forbidden%20Rice%20food&tbm=isch"", ""View Image"")"
"black_forbidden_rice_var_1762","Sun-Dried Black Forbidden Rice (Dried)","grains","CURATED_KEYWORD_MATCH","NO - Curated","99%","https://images.unsplash.com/photo-1586201375761-83865001e8ac?auto=format&fit=crop&w=800&q=80","Unsplash / Antioxidant-Rich Black Forbidden Rice","https://www.google.com/search?q=Sun-Dried%20Black%20Forbidden%20Rice%20(Dried)%20food&tbm=isch","=HYPERLINK(""https://www.google.com/search?q=Sun-Dried%20Black%20Forbidden%20Rice%20(Dried)%20food&tbm=isch"", ""View Image"")"
"black_forbidden_rice_var_1763","Himalayan Grade Black Forbidden Rice (Special)","grains","CURATED_KEYWORD_MATCH","NO - Curated","99%","https://images.unsplash.com/photo-1586201375761-83865001e8ac?auto=format&fit=crop&w=800&q=80","Unsplash / Antioxidant-Rich Black Forbidden Rice","https://www.google.com/search?q=Himalayan%20Grade%20Black%20Forbidden%20Rice%20(Special)%20food&tbm=isch","=HYPERLINK(""https://www.google.com/search?q=Himalayan%20Grade%20Black%20Forbidden%20Rice%20(Special)%20food&tbm=isch"", ""View Image"")"
"black_forbidden_rice_var_1764","South Indian Black Forbidden Rice (Traditional)","grains","CURATED_KEYWORD_MATCH","NO - Curated","99%","https://images.unsplash.com/photo-1586201375761-83865001e8ac?auto=format&fit=crop&w=800&q=80","Unsplash / Antioxidant-Rich Black Forbidden Rice","https://www.google.com/search?q=South%20Indian%20Black%20Forbidden%20Rice%20(Traditional)%20food&tbm=isch","=HYPERLINK(""https://www.google.com/search?q=South%20Indian%20Black%20Forbidden%20Rice%20(Traditional)%20food&tbm=isch"", ""View Image"")"
"black_forbidden_rice_var_1765","North Indian Style Black Forbidden Rice (Spiced)","grains","CURATED_KEYWORD_MATCH","NO - Curated","99%","https://images.unsplash.com/photo-1586201375761-83865001e8ac?auto=format&fit=crop&w=800&q=80","Unsplash / Antioxidant-Rich Black Forbidden Rice","https://www.google.com/search?q=North%20Indian%20Style%20Black%20Forbidden%20Rice%20(Spiced)%20food&tbm=isch","=HYPERLINK(""https://www.google.com/search?q=North%20Indian%20Style%20Black%20Forbidden%20Rice%20(Spiced)%20food&tbm=isch"", ""View Image"")"
"black_forbidden_rice_var_1766","Mediterranean Classic Black Forbidden Rice (Imported)","grains","CURATED_KEYWORD_MATCH","NO - Curated","99%","https://images.unsplash.com/photo-1586201375761-83865001e8ac?auto=format&fit=crop&w=800&q=80","Unsplash / Antioxidant-Rich Black Forbidden Rice","https://www.google.com/search?q=Mediterranean%20Classic%20Black%20Forbidden%20Rice%20(Imported)%20food&tbm=isch","=HYPERLINK(""https://www.google.com/search?q=Mediterranean%20Classic%20Black%20Forbidden%20Rice%20(Imported)%20food&tbm=isch"", ""View Image"")"
"black_forbidden_rice_var_1767","Asian Specialty Black Forbidden Rice (Select)","grains","CURATED_KEYWORD_MATCH","NO - Curated","99%","https://images.unsplash.com/photo-1586201375761-83865001e8ac?auto=format&fit=crop&w=800&q=80","Unsplash / Antioxidant-Rich Black Forbidden Rice","https://www.google.com/search?q=Asian%20Specialty%20Black%20Forbidden%20Rice%20(Select)%20food&tbm=isch","=HYPERLINK(""https://www.google.com/search?q=Asian%20Specialty%20Black%20Forbidden%20Rice%20(Select)%20food&tbm=isch"", ""View Image"")"
"black_forbidden_rice_var_1768","European Heirloom Black Forbidden Rice (Artisanal)","grains","CURATED_KEYWORD_MATCH","NO - Curated","99%","https://images.unsplash.com/photo-1586201375761-83865001e8ac?auto=format&fit=crop&w=800&q=80","Unsplash / Antioxidant-Rich Black Forbidden Rice","https://www.google.com/search?q=European%20Heirloom%20Black%20Forbidden%20Rice%20(Artisanal)%20food&tbm=isch","=HYPERLINK(""https://www.google.com/search?q=European%20Heirloom%20Black%20Forbidden%20Rice%20(Artisanal)%20food&tbm=isch"", ""View Image"")"
"black_forbidden_rice_var_1769","Farm-Fresh Premium Black Forbidden Rice (A-Grade)","grains","CURATED_KEYWORD_MATCH","NO - Curated","99%","https://images.unsplash.com/photo-1586201375761-83865001e8ac?auto=format&fit=crop&w=800&q=80","Unsplash / Antioxidant-Rich Black Forbidden Rice","https://www.google.com/search?q=Farm-Fresh%20Premium%20Black%20Forbidden%20Rice%20(A-Grade)%20food&tbm=isch","=HYPERLINK(""https://www.google.com/search?q=Farm-Fresh%20Premium%20Black%20Forbidden%20Rice%20(A-Grade)%20food&tbm=isch"", ""View Image"")"
"black_forbidden_rice_var_1770","Wild-Harvested Black Forbidden Rice (Pure)","grains","CURATED_KEYWORD_MATCH","NO - Curated","99%","https://images.unsplash.com/photo-1586201375761-83865001e8ac?auto=format&fit=crop&w=800&q=80","Unsplash / Antioxidant-Rich Black Forbidden Rice","https://www.google.com/search?q=Wild-Harvested%20Black%20Forbidden%20Rice%20(Pure)%20food&tbm=isch","=HYPERLINK(""https://www.google.com/search?q=Wild-Harvested%20Black%20Forbidden%20Rice%20(Pure)%20food&tbm=isch"", ""View Image"")"
"quinoa__organic_tricolor__var_1771","Fresh Organic Quinoa (Organic Tricolor)","grains","CURATED_KEYWORD_MATCH","NO - Curated","99%","https://images.unsplash.com/photo-1595661677316-e5ece76be7c0?auto=format&fit=crop&w=800&q=80","Unsplash / Organic Golden Quinoa Grain","https://www.google.com/search?q=Fresh%20Organic%20Quinoa%20(Organic%20Tricolor)%20food&tbm=isch","=HYPERLINK(""https://www.google.com/search?q=Fresh%20Organic%20Quinoa%20(Organic%20Tricolor)%20food&tbm=isch"", ""View Image"")"
"quinoa__organic_tricolor__var_1772","Sun-Dried Quinoa (Organic Tricolor) (Dried)","grains","CURATED_KEYWORD_MATCH","NO - Curated","99%","https://images.unsplash.com/photo-1595661677316-e5ece76be7c0?auto=format&fit=crop&w=800&q=80","Unsplash / Organic Golden Quinoa Grain","https://www.google.com/search?q=Sun-Dried%20Quinoa%20(Organic%20Tricolor)%20(Dried)%20food&tbm=isch","=HYPERLINK(""https://www.google.com/search?q=Sun-Dried%20Quinoa%20(Organic%20Tricolor)%20(Dried)%20food&tbm=isch"", ""View Image"")"
"quinoa__organic_tricolor__var_1773","Himalayan Grade Quinoa (Organic Tricolor) (Special)","grains","CURATED_KEYWORD_MATCH","NO - Curated","99%","https://images.unsplash.com/photo-1595661677316-e5ece76be7c0?auto=format&fit=crop&w=800&q=80","Unsplash / Organic Golden Quinoa Grain","https://www.google.com/search?q=Himalayan%20Grade%20Quinoa%20(Organic%20Tricolor)%20(Special)%20food&tbm=isch","=HYPERLINK(""https://www.google.com/search?q=Himalayan%20Grade%20Quinoa%20(Organic%20Tricolor)%20(Special)%20food&tbm=isch"", ""View Image"")"
"quinoa__organic_tricolor__var_1774","South Indian Quinoa (Organic Tricolor) (Traditional)","grains","CURATED_KEYWORD_MATCH","NO - Curated","99%","https://images.unsplash.com/photo-1595661677316-e5ece76be7c0?auto=format&fit=crop&w=800&q=80","Unsplash / Organic Golden Quinoa Grain","https://www.google.com/search?q=South%20Indian%20Quinoa%20(Organic%20Tricolor)%20(Traditional)%20food&tbm=isch","=HYPERLINK(""https://www.google.com/search?q=South%20Indian%20Quinoa%20(Organic%20Tricolor)%20(Traditional)%20food&tbm=isch"", ""View Image"")"
"quinoa__organic_tricolor__var_1775","North Indian Style Quinoa (Organic Tricolor) (Spiced)","grains","CURATED_KEYWORD_MATCH","NO - Curated","99%","https://images.unsplash.com/photo-1595661677316-e5ece76be7c0?auto=format&fit=crop&w=800&q=80","Unsplash / Organic Golden Quinoa Grain","https://www.google.com/search?q=North%20Indian%20Style%20Quinoa%20(Organic%20Tricolor)%20(Spiced)%20food&tbm=isch","=HYPERLINK(""https://www.google.com/search?q=North%20Indian%20Style%20Quinoa%20(Organic%20Tricolor)%20(Spiced)%20food&tbm=isch"", ""View Image"")"
"quinoa__organic_tricolor__var_1776","Mediterranean Classic Quinoa (Organic Tricolor) (Imported)","grains","CURATED_KEYWORD_MATCH","NO - Curated","99%","https://images.unsplash.com/photo-1595661677316-e5ece76be7c0?auto=format&fit=crop&w=800&q=80","Unsplash / Organic Golden Quinoa Grain","https://www.google.com/search?q=Mediterranean%20Classic%20Quinoa%20(Organic%20Tricolor)%20(Imported)%20food&tbm=isch","=HYPERLINK(""https://www.google.com/search?q=Mediterranean%20Classic%20Quinoa%20(Organic%20Tricolor)%20(Imported)%20food&tbm=isch"", ""View Image"")"
"quinoa__organic_tricolor__var_1777","Asian Specialty Quinoa (Organic Tricolor) (Select)","grains","CURATED_KEYWORD_MATCH","NO - Curated","99%","https://images.unsplash.com/photo-1595661677316-e5ece76be7c0?auto=format&fit=crop&w=800&q=80","Unsplash / Organic Golden Quinoa Grain","https://www.google.com/search?q=Asian%20Specialty%20Quinoa%20(Organic%20Tricolor)%20(Select)%20food&tbm=isch","=HYPERLINK(""https://www.google.com/search?q=Asian%20Specialty%20Quinoa%20(Organic%20Tricolor)%20(Select)%20food&tbm=isch"", ""View Image"")"
"quinoa__organic_tricolor__var_1778","European Heirloom Quinoa (Organic Tricolor) (Artisanal)","grains","CURATED_KEYWORD_MATCH","NO - Curated","99%","https://images.unsplash.com/photo-1595661677316-e5ece76be7c0?auto=format&fit=crop&w=800&q=80","Unsplash / Organic Golden Quinoa Grain","https://www.google.com/search?q=European%20Heirloom%20Quinoa%20(Organic%20Tricolor)%20(Artisanal)%20food&tbm=isch","=HYPERLINK(""https://www.google.com/search?q=European%20Heirloom%20Quinoa%20(Organic%20Tricolor)%20(Artisanal)%20food&tbm=isch"", ""View Image"")"
"quinoa__organic_tricolor__var_1779","Farm-Fresh Premium Quinoa (Organic Tricolor) (A-Grade)","grains","CURATED_KEYWORD_MATCH","NO - Curated","99%","https://images.unsplash.com/photo-1595661677316-e5ece76be7c0?auto=format&fit=crop&w=800&q=80","Unsplash / Organic Golden Quinoa Grain","https://www.google.com/search?q=Farm-Fresh%20Premium%20Quinoa%20(Organic%20Tricolor)%20(A-Grade)%20food&tbm=isch","=HYPERLINK(""https://www.google.com/search?q=Farm-Fresh%20Premium%20Quinoa%20(Organic%20Tricolor)%20(A-Grade)%20food&tbm=isch"", ""View Image"")"
"quinoa__organic_tricolor__var_1780","Wild-Harvested Quinoa (Organic Tricolor) (Pure)","grains","CURATED_KEYWORD_MATCH","NO - Curated","99%","https://images.unsplash.com/photo-1595661677316-e5ece76be7c0?auto=format&fit=crop&w=800&q=80","Unsplash / Organic Golden Quinoa Grain","https://www.google.com/search?q=Wild-Harvested%20Quinoa%20(Organic%20Tricolor)%20(Pure)%20food&tbm=isch","=HYPERLINK(""https://www.google.com/search?q=Wild-Harvested%20Quinoa%20(Organic%20Tricolor)%20(Pure)%20food&tbm=isch"", ""View Image"")"
"rolled_oats_var_1781","Fresh Organic Rolled Oats","grains","CURATED_KEYWORD_MATCH","NO - Curated","99%","https://images.unsplash.com/photo-1471193945509-9ad0617afabf?auto=format&fit=crop&w=800&q=80","Unsplash / Organic Rolled Oats Bowl","https://www.google.com/search?q=Fresh%20Organic%20Rolled%20Oats%20food&tbm=isch","=HYPERLINK(""https://www.google.com/search?q=Fresh%20Organic%20Rolled%20Oats%20food&tbm=isch"", ""View Image"")"
"rolled_oats_var_1782","Sun-Dried Rolled Oats (Dried)","grains","CURATED_KEYWORD_MATCH","NO - Curated","99%","https://images.unsplash.com/photo-1471193945509-9ad0617afabf?auto=format&fit=crop&w=800&q=80","Unsplash / Organic Rolled Oats Bowl","https://www.google.com/search?q=Sun-Dried%20Rolled%20Oats%20(Dried)%20food&tbm=isch","=HYPERLINK(""https://www.google.com/search?q=Sun-Dried%20Rolled%20Oats%20(Dried)%20food&tbm=isch"", ""View Image"")"
"rolled_oats_var_1783","Himalayan Grade Rolled Oats (Special)","grains","CURATED_KEYWORD_MATCH","NO - Curated","99%","https://images.unsplash.com/photo-1471193945509-9ad0617afabf?auto=format&fit=crop&w=800&q=80","Unsplash / Organic Rolled Oats Bowl","https://www.google.com/search?q=Himalayan%20Grade%20Rolled%20Oats%20(Special)%20food&tbm=isch","=HYPERLINK(""https://www.google.com/search?q=Himalayan%20Grade%20Rolled%20Oats%20(Special)%20food&tbm=isch"", ""View Image"")"
"rolled_oats_var_1784","South Indian Rolled Oats (Traditional)","grains","CURATED_KEYWORD_MATCH","NO - Curated","99%","https://images.unsplash.com/photo-1471193945509-9ad0617afabf?auto=format&fit=crop&w=800&q=80","Unsplash / Organic Rolled Oats Bowl","https://www.google.com/search?q=South%20Indian%20Rolled%20Oats%20(Traditional)%20food&tbm=isch","=HYPERLINK(""https://www.google.com/search?q=South%20Indian%20Rolled%20Oats%20(Traditional)%20food&tbm=isch"", ""View Image"")"
"rolled_oats_var_1785","North Indian Style Rolled Oats (Spiced)","grains","CURATED_KEYWORD_MATCH","NO - Curated","99%","https://images.unsplash.com/photo-1471193945509-9ad0617afabf?auto=format&fit=crop&w=800&q=80","Unsplash / Organic Rolled Oats Bowl","https://www.google.com/search?q=North%20Indian%20Style%20Rolled%20Oats%20(Spiced)%20food&tbm=isch","=HYPERLINK(""https://www.google.com/search?q=North%20Indian%20Style%20Rolled%20Oats%20(Spiced)%20food&tbm=isch"", ""View Image"")"
"rolled_oats_var_1786","Mediterranean Classic Rolled Oats (Imported)","grains","CURATED_KEYWORD_MATCH","NO - Curated","99%","https://images.unsplash.com/photo-1471193945509-9ad0617afabf?auto=format&fit=crop&w=800&q=80","Unsplash / Organic Rolled Oats Bowl","https://www.google.com/search?q=Mediterranean%20Classic%20Rolled%20Oats%20(Imported)%20food&tbm=isch","=HYPERLINK(""https://www.google.com/search?q=Mediterranean%20Classic%20Rolled%20Oats%20(Imported)%20food&tbm=isch"", ""View Image"")"
"rolled_oats_var_1787","Asian Specialty Rolled Oats (Select)","grains","CURATED_KEYWORD_MATCH","NO - Curated","99%","https://images.unsplash.com/photo-1471193945509-9ad0617afabf?auto=format&fit=crop&w=800&q=80","Unsplash / Organic Rolled Oats Bowl","https://www.google.com/search?q=Asian%20Specialty%20Rolled%20Oats%20(Select)%20food&tbm=isch","=HYPERLINK(""https://www.google.com/search?q=Asian%20Specialty%20Rolled%20Oats%20(Select)%20food&tbm=isch"", ""View Image"")"
"rolled_oats_var_1788","European Heirloom Rolled Oats (Artisanal)","grains","CURATED_KEYWORD_MATCH","NO - Curated","99%","https://images.unsplash.com/photo-1471193945509-9ad0617afabf?auto=format&fit=crop&w=800&q=80","Unsplash / Organic Rolled Oats Bowl","https://www.google.com/search?q=European%20Heirloom%20Rolled%20Oats%20(Artisanal)%20food&tbm=isch","=HYPERLINK(""https://www.google.com/search?q=European%20Heirloom%20Rolled%20Oats%20(Artisanal)%20food&tbm=isch"", ""View Image"")"
"rolled_oats_var_1789","Farm-Fresh Premium Rolled Oats (A-Grade)","grains","CURATED_KEYWORD_MATCH","NO - Curated","99%","https://images.unsplash.com/photo-1471193945509-9ad0617afabf?auto=format&fit=crop&w=800&q=80","Unsplash / Organic Rolled Oats Bowl","https://www.google.com/search?q=Farm-Fresh%20Premium%20Rolled%20Oats%20(A-Grade)%20food&tbm=isch","=HYPERLINK(""https://www.google.com/search?q=Farm-Fresh%20Premium%20Rolled%20Oats%20(A-Grade)%20food&tbm=isch"", ""View Image"")"
"rolled_oats_var_1790","Wild-Harvested Rolled Oats (Pure)","grains","CURATED_KEYWORD_MATCH","NO - Curated","99%","https://images.unsplash.com/photo-1471193945509-9ad0617afabf?auto=format&fit=crop&w=800&q=80","Unsplash / Organic Rolled Oats Bowl","https://www.google.com/search?q=Wild-Harvested%20Rolled%20Oats%20(Pure)%20food&tbm=isch","=HYPERLINK(""https://www.google.com/search?q=Wild-Harvested%20Rolled%20Oats%20(Pure)%20food&tbm=isch"", ""View Image"")"
"pearl_millet__bajra_","Pearl Millet (Bajra)","grains","CURATED_KEYWORD_MATCH","NO - Curated","99%","https://images.unsplash.com/photo-1586201375761-83865001e8ac?auto=format&fit=crop&w=800&q=80","Unsplash / Whole Grain Pearl Millet (Bajra)","https://www.google.com/search?q=Pearl%20Millet%20(Bajra)%20food&tbm=isch","=HYPERLINK(""https://www.google.com/search?q=Pearl%20Millet%20(Bajra)%20food&tbm=isch"", ""View Image"")"
"pearl_millet__bajra__var_1791","Fresh Organic Pearl Millet (Bajra)","grains","CURATED_KEYWORD_MATCH","NO - Curated","99%","https://images.unsplash.com/photo-1586201375761-83865001e8ac?auto=format&fit=crop&w=800&q=80","Unsplash / Whole Grain Pearl Millet (Bajra)","https://www.google.com/search?q=Fresh%20Organic%20Pearl%20Millet%20(Bajra)%20food&tbm=isch","=HYPERLINK(""https://www.google.com/search?q=Fresh%20Organic%20Pearl%20Millet%20(Bajra)%20food&tbm=isch"", ""View Image"")"
"pearl_millet__bajra__var_1792","Sun-Dried Pearl Millet (Bajra) (Dried)","grains","CURATED_KEYWORD_MATCH","NO - Curated","99%","https://images.unsplash.com/photo-1586201375761-83865001e8ac?auto=format&fit=crop&w=800&q=80","Unsplash / Whole Grain Pearl Millet (Bajra)","https://www.google.com/search?q=Sun-Dried%20Pearl%20Millet%20(Bajra)%20(Dried)%20food&tbm=isch","=HYPERLINK(""https://www.google.com/search?q=Sun-Dried%20Pearl%20Millet%20(Bajra)%20(Dried)%20food&tbm=isch"", ""View Image"")"
"pearl_millet__bajra__var_1793","Himalayan Grade Pearl Millet (Bajra) (Special)","grains","CURATED_KEYWORD_MATCH","NO - Curated","99%","https://images.unsplash.com/photo-1586201375761-83865001e8ac?auto=format&fit=crop&w=800&q=80","Unsplash / Whole Grain Pearl Millet (Bajra)","https://www.google.com/search?q=Himalayan%20Grade%20Pearl%20Millet%20(Bajra)%20(Special)%20food&tbm=isch","=HYPERLINK(""https://www.google.com/search?q=Himalayan%20Grade%20Pearl%20Millet%20(Bajra)%20(Special)%20food&tbm=isch"", ""View Image"")"
"pearl_millet__bajra__var_1794","South Indian Pearl Millet (Bajra) (Traditional)","grains","CURATED_KEYWORD_MATCH","NO - Curated","99%","https://images.unsplash.com/photo-1586201375761-83865001e8ac?auto=format&fit=crop&w=800&q=80","Unsplash / Whole Grain Pearl Millet (Bajra)","https://www.google.com/search?q=South%20Indian%20Pearl%20Millet%20(Bajra)%20(Traditional)%20food&tbm=isch","=HYPERLINK(""https://www.google.com/search?q=South%20Indian%20Pearl%20Millet%20(Bajra)%20(Traditional)%20food&tbm=isch"", ""View Image"")"
"pearl_millet__bajra__var_1795","North Indian Style Pearl Millet (Bajra) (Spiced)","grains","CURATED_KEYWORD_MATCH","NO - Curated","99%","https://images.unsplash.com/photo-1586201375761-83865001e8ac?auto=format&fit=crop&w=800&q=80","Unsplash / Whole Grain Pearl Millet (Bajra)","https://www.google.com/search?q=North%20Indian%20Style%20Pearl%20Millet%20(Bajra)%20(Spiced)%20food&tbm=isch","=HYPERLINK(""https://www.google.com/search?q=North%20Indian%20Style%20Pearl%20Millet%20(Bajra)%20(Spiced)%20food&tbm=isch"", ""View Image"")"
"pearl_millet__bajra__var_1796","Mediterranean Classic Pearl Millet (Bajra) (Imported)","grains","CURATED_KEYWORD_MATCH","NO - Curated","99%","https://images.unsplash.com/photo-1586201375761-83865001e8ac?auto=format&fit=crop&w=800&q=80","Unsplash / Whole Grain Pearl Millet (Bajra)","https://www.google.com/search?q=Mediterranean%20Classic%20Pearl%20Millet%20(Bajra)%20(Imported)%20food&tbm=isch","=HYPERLINK(""https://www.google.com/search?q=Mediterranean%20Classic%20Pearl%20Millet%20(Bajra)%20(Imported)%20food&tbm=isch"", ""View Image"")"
"pearl_millet__bajra__var_1797","Asian Specialty Pearl Millet (Bajra) (Select)","grains","CURATED_KEYWORD_MATCH","NO - Curated","99%","https://images.unsplash.com/photo-1586201375761-83865001e8ac?auto=format&fit=crop&w=800&q=80","Unsplash / Whole Grain Pearl Millet (Bajra)","https://www.google.com/search?q=Asian%20Specialty%20Pearl%20Millet%20(Bajra)%20(Select)%20food&tbm=isch","=HYPERLINK(""https://www.google.com/search?q=Asian%20Specialty%20Pearl%20Millet%20(Bajra)%20(Select)%20food&tbm=isch"", ""View Image"")"
"pearl_millet__bajra__var_1798","European Heirloom Pearl Millet (Bajra) (Artisanal)","grains","CURATED_KEYWORD_MATCH","NO - Curated","99%","https://images.unsplash.com/photo-1586201375761-83865001e8ac?auto=format&fit=crop&w=800&q=80","Unsplash / Whole Grain Pearl Millet (Bajra)","https://www.google.com/search?q=European%20Heirloom%20Pearl%20Millet%20(Bajra)%20(Artisanal)%20food&tbm=isch","=HYPERLINK(""https://www.google.com/search?q=European%20Heirloom%20Pearl%20Millet%20(Bajra)%20(Artisanal)%20food&tbm=isch"", ""View Image"")"
"pearl_millet__bajra__var_1799","Farm-Fresh Premium Pearl Millet (Bajra) (A-Grade)","grains","CURATED_KEYWORD_MATCH","NO - Curated","99%","https://images.unsplash.com/photo-1586201375761-83865001e8ac?auto=format&fit=crop&w=800&q=80","Unsplash / Whole Grain Pearl Millet (Bajra)","https://www.google.com/search?q=Farm-Fresh%20Premium%20Pearl%20Millet%20(Bajra)%20(A-Grade)%20food&tbm=isch","=HYPERLINK(""https://www.google.com/search?q=Farm-Fresh%20Premium%20Pearl%20Millet%20(Bajra)%20(A-Grade)%20food&tbm=isch"", ""View Image"")"
"pearl_millet__bajra__var_1800","Wild-Harvested Pearl Millet (Bajra) (Pure)","grains","CURATED_KEYWORD_MATCH","NO - Curated","99%","https://images.unsplash.com/photo-1586201375761-83865001e8ac?auto=format&fit=crop&w=800&q=80","Unsplash / Whole Grain Pearl Millet (Bajra)","https://www.google.com/search?q=Wild-Harvested%20Pearl%20Millet%20(Bajra)%20(Pure)%20food&tbm=isch","=HYPERLINK(""https://www.google.com/search?q=Wild-Harvested%20Pearl%20Millet%20(Bajra)%20(Pure)%20food&tbm=isch"", ""View Image"")"
"finger_millet__ragi_","Finger Millet (Ragi)","grains","CURATED_KEYWORD_MATCH","NO - Curated","99%","https://images.unsplash.com/photo-1622542086073-346a41ce35fe?auto=format&fit=crop&w=800&q=80","Wikimedia / Ancient Organic Pearl Millets & Grains","https://www.google.com/search?q=Finger%20Millet%20(Ragi)%20food&tbm=isch","=HYPERLINK(""https://www.google.com/search?q=Finger%20Millet%20(Ragi)%20food&tbm=isch"", ""View Image"")"
"finger_millet__ragi__var_1801","Fresh Organic Finger Millet (Ragi)","grains","CURATED_KEYWORD_MATCH","NO - Curated","99%","https://images.unsplash.com/photo-1622542086073-346a41ce35fe?auto=format&fit=crop&w=800&q=80","Wikimedia / Ancient Organic Pearl Millets & Grains","https://www.google.com/search?q=Fresh%20Organic%20Finger%20Millet%20(Ragi)%20food&tbm=isch","=HYPERLINK(""https://www.google.com/search?q=Fresh%20Organic%20Finger%20Millet%20(Ragi)%20food&tbm=isch"", ""View Image"")"
"finger_millet__ragi__var_1802","Sun-Dried Finger Millet (Ragi) (Dried)","grains","CURATED_KEYWORD_MATCH","NO - Curated","99%","https://images.unsplash.com/photo-1622542086073-346a41ce35fe?auto=format&fit=crop&w=800&q=80","Wikimedia / Ancient Organic Pearl Millets & Grains","https://www.google.com/search?q=Sun-Dried%20Finger%20Millet%20(Ragi)%20(Dried)%20food&tbm=isch","=HYPERLINK(""https://www.google.com/search?q=Sun-Dried%20Finger%20Millet%20(Ragi)%20(Dried)%20food&tbm=isch"", ""View Image"")"
"finger_millet__ragi__var_1803","Himalayan Grade Finger Millet (Ragi) (Special)","grains","CURATED_KEYWORD_MATCH","NO - Curated","99%","https://images.unsplash.com/photo-1622542086073-346a41ce35fe?auto=format&fit=crop&w=800&q=80","Wikimedia / Ancient Organic Pearl Millets & Grains","https://www.google.com/search?q=Himalayan%20Grade%20Finger%20Millet%20(Ragi)%20(Special)%20food&tbm=isch","=HYPERLINK(""https://www.google.com/search?q=Himalayan%20Grade%20Finger%20Millet%20(Ragi)%20(Special)%20food&tbm=isch"", ""View Image"")"
"finger_millet__ragi__var_1804","South Indian Finger Millet (Ragi) (Traditional)","grains","CURATED_KEYWORD_MATCH","NO - Curated","99%","https://images.unsplash.com/photo-1622542086073-346a41ce35fe?auto=format&fit=crop&w=800&q=80","Wikimedia / Ancient Organic Pearl Millets & Grains","https://www.google.com/search?q=South%20Indian%20Finger%20Millet%20(Ragi)%20(Traditional)%20food&tbm=isch","=HYPERLINK(""https://www.google.com/search?q=South%20Indian%20Finger%20Millet%20(Ragi)%20(Traditional)%20food&tbm=isch"", ""View Image"")"
"finger_millet__ragi__var_1805","North Indian Style Finger Millet (Ragi) (Spiced)","grains","CURATED_KEYWORD_MATCH","NO - Curated","99%","https://images.unsplash.com/photo-1622542086073-346a41ce35fe?auto=format&fit=crop&w=800&q=80","Wikimedia / Ancient Organic Pearl Millets & Grains","https://www.google.com/search?q=North%20Indian%20Style%20Finger%20Millet%20(Ragi)%20(Spiced)%20food&tbm=isch","=HYPERLINK(""https://www.google.com/search?q=North%20Indian%20Style%20Finger%20Millet%20(Ragi)%20(Spiced)%20food&tbm=isch"", ""View Image"")"
"finger_millet__ragi__var_1806","Mediterranean Classic Finger Millet (Ragi) (Imported)","grains","CURATED_KEYWORD_MATCH","NO - Curated","99%","https://images.unsplash.com/photo-1622542086073-346a41ce35fe?auto=format&fit=crop&w=800&q=80","Wikimedia / Ancient Organic Pearl Millets & Grains","https://www.google.com/search?q=Mediterranean%20Classic%20Finger%20Millet%20(Ragi)%20(Imported)%20food&tbm=isch","=HYPERLINK(""https://www.google.com/search?q=Mediterranean%20Classic%20Finger%20Millet%20(Ragi)%20(Imported)%20food&tbm=isch"", ""View Image"")"
"finger_millet__ragi__var_1807","Asian Specialty Finger Millet (Ragi) (Select)","grains","CURATED_KEYWORD_MATCH","NO - Curated","99%","https://images.unsplash.com/photo-1622542086073-346a41ce35fe?auto=format&fit=crop&w=800&q=80","Wikimedia / Ancient Organic Pearl Millets & Grains","https://www.google.com/search?q=Asian%20Specialty%20Finger%20Millet%20(Ragi)%20(Select)%20food&tbm=isch","=HYPERLINK(""https://www.google.com/search?q=Asian%20Specialty%20Finger%20Millet%20(Ragi)%20(Select)%20food&tbm=isch"", ""View Image"")"
"finger_millet__ragi__var_1808","European Heirloom Finger Millet (Ragi) (Artisanal)","grains","CURATED_KEYWORD_MATCH","NO - Curated","99%","https://images.unsplash.com/photo-1622542086073-346a41ce35fe?auto=format&fit=crop&w=800&q=80","Wikimedia / Ancient Organic Pearl Millets & Grains","https://www.google.com/search?q=European%20Heirloom%20Finger%20Millet%20(Ragi)%20(Artisanal)%20food&tbm=isch","=HYPERLINK(""https://www.google.com/search?q=European%20Heirloom%20Finger%20Millet%20(Ragi)%20(Artisanal)%20food&tbm=isch"", ""View Image"")"
"finger_millet__ragi__var_1809","Farm-Fresh Premium Finger Millet (Ragi) (A-Grade)","grains","CURATED_KEYWORD_MATCH","NO - Curated","99%","https://images.unsplash.com/photo-1622542086073-346a41ce35fe?auto=format&fit=crop&w=800&q=80","Wikimedia / Ancient Organic Pearl Millets & Grains","https://www.google.com/search?q=Farm-Fresh%20Premium%20Finger%20Millet%20(Ragi)%20(A-Grade)%20food&tbm=isch","=HYPERLINK(""https://www.google.com/search?q=Farm-Fresh%20Premium%20Finger%20Millet%20(Ragi)%20(A-Grade)%20food&tbm=isch"", ""View Image"")"
"finger_millet__ragi__var_1810","Wild-Harvested Finger Millet (Ragi) (Pure)","grains","CURATED_KEYWORD_MATCH","NO - Curated","99%","https://images.unsplash.com/photo-1622542086073-346a41ce35fe?auto=format&fit=crop&w=800&q=80","Wikimedia / Ancient Organic Pearl Millets & Grains","https://www.google.com/search?q=Wild-Harvested%20Finger%20Millet%20(Ragi)%20(Pure)%20food&tbm=isch","=HYPERLINK(""https://www.google.com/search?q=Wild-Harvested%20Finger%20Millet%20(Ragi)%20(Pure)%20food&tbm=isch"", ""View Image"")"
"foxtail_millet__kangni_","Foxtail Millet (Kangni)","grains","CURATED_KEYWORD_MATCH","NO - Curated","99%","https://images.unsplash.com/photo-1622542086073-346a41ce35fe?auto=format&fit=crop&w=800&q=80","Wikimedia / Ancient Organic Pearl Millets & Grains","https://www.google.com/search?q=Foxtail%20Millet%20(Kangni)%20food&tbm=isch","=HYPERLINK(""https://www.google.com/search?q=Foxtail%20Millet%20(Kangni)%20food&tbm=isch"", ""View Image"")"
"foxtail_millet__kangni__var_1811","Fresh Organic Foxtail Millet (Kangni)","grains","CURATED_KEYWORD_MATCH","NO - Curated","99%","https://images.unsplash.com/photo-1622542086073-346a41ce35fe?auto=format&fit=crop&w=800&q=80","Wikimedia / Ancient Organic Pearl Millets & Grains","https://www.google.com/search?q=Fresh%20Organic%20Foxtail%20Millet%20(Kangni)%20food&tbm=isch","=HYPERLINK(""https://www.google.com/search?q=Fresh%20Organic%20Foxtail%20Millet%20(Kangni)%20food&tbm=isch"", ""View Image"")"
"foxtail_millet__kangni__var_1812","Sun-Dried Foxtail Millet (Kangni) (Dried)","grains","CURATED_KEYWORD_MATCH","NO - Curated","99%","https://images.unsplash.com/photo-1622542086073-346a41ce35fe?auto=format&fit=crop&w=800&q=80","Wikimedia / Ancient Organic Pearl Millets & Grains","https://www.google.com/search?q=Sun-Dried%20Foxtail%20Millet%20(Kangni)%20(Dried)%20food&tbm=isch","=HYPERLINK(""https://www.google.com/search?q=Sun-Dried%20Foxtail%20Millet%20(Kangni)%20(Dried)%20food&tbm=isch"", ""View Image"")"
"foxtail_millet__kangni__var_1813","Himalayan Grade Foxtail Millet (Kangni) (Special)","grains","CURATED_KEYWORD_MATCH","NO - Curated","99%","https://images.unsplash.com/photo-1622542086073-346a41ce35fe?auto=format&fit=crop&w=800&q=80","Wikimedia / Ancient Organic Pearl Millets & Grains","https://www.google.com/search?q=Himalayan%20Grade%20Foxtail%20Millet%20(Kangni)%20(Special)%20food&tbm=isch","=HYPERLINK(""https://www.google.com/search?q=Himalayan%20Grade%20Foxtail%20Millet%20(Kangni)%20(Special)%20food&tbm=isch"", ""View Image"")"
"foxtail_millet__kangni__var_1814","South Indian Foxtail Millet (Kangni) (Traditional)","grains","CURATED_KEYWORD_MATCH","NO - Curated","99%","https://images.unsplash.com/photo-1622542086073-346a41ce35fe?auto=format&fit=crop&w=800&q=80","Wikimedia / Ancient Organic Pearl Millets & Grains","https://www.google.com/search?q=South%20Indian%20Foxtail%20Millet%20(Kangni)%20(Traditional)%20food&tbm=isch","=HYPERLINK(""https://www.google.com/search?q=South%20Indian%20Foxtail%20Millet%20(Kangni)%20(Traditional)%20food&tbm=isch"", ""View Image"")"
"foxtail_millet__kangni__var_1815","North Indian Style Foxtail Millet (Kangni) (Spiced)","grains","CURATED_KEYWORD_MATCH","NO - Curated","99%","https://images.unsplash.com/photo-1622542086073-346a41ce35fe?auto=format&fit=crop&w=800&q=80","Wikimedia / Ancient Organic Pearl Millets & Grains","https://www.google.com/search?q=North%20Indian%20Style%20Foxtail%20Millet%20(Kangni)%20(Spiced)%20food&tbm=isch","=HYPERLINK(""https://www.google.com/search?q=North%20Indian%20Style%20Foxtail%20Millet%20(Kangni)%20(Spiced)%20food&tbm=isch"", ""View Image"")"
"foxtail_millet__kangni__var_1816","Mediterranean Classic Foxtail Millet (Kangni) (Imported)","grains","CURATED_KEYWORD_MATCH","NO - Curated","99%","https://images.unsplash.com/photo-1622542086073-346a41ce35fe?auto=format&fit=crop&w=800&q=80","Wikimedia / Ancient Organic Pearl Millets & Grains","https://www.google.com/search?q=Mediterranean%20Classic%20Foxtail%20Millet%20(Kangni)%20(Imported)%20food&tbm=isch","=HYPERLINK(""https://www.google.com/search?q=Mediterranean%20Classic%20Foxtail%20Millet%20(Kangni)%20(Imported)%20food&tbm=isch"", ""View Image"")"
"foxtail_millet__kangni__var_1817","Asian Specialty Foxtail Millet (Kangni) (Select)","grains","CURATED_KEYWORD_MATCH","NO - Curated","99%","https://images.unsplash.com/photo-1622542086073-346a41ce35fe?auto=format&fit=crop&w=800&q=80","Wikimedia / Ancient Organic Pearl Millets & Grains","https://www.google.com/search?q=Asian%20Specialty%20Foxtail%20Millet%20(Kangni)%20(Select)%20food&tbm=isch","=HYPERLINK(""https://www.google.com/search?q=Asian%20Specialty%20Foxtail%20Millet%20(Kangni)%20(Select)%20food&tbm=isch"", ""View Image"")"
"foxtail_millet__kangni__var_1818","European Heirloom Foxtail Millet (Kangni) (Artisanal)","grains","CURATED_KEYWORD_MATCH","NO - Curated","99%","https://images.unsplash.com/photo-1622542086073-346a41ce35fe?auto=format&fit=crop&w=800&q=80","Wikimedia / Ancient Organic Pearl Millets & Grains","https://www.google.com/search?q=European%20Heirloom%20Foxtail%20Millet%20(Kangni)%20(Artisanal)%20food&tbm=isch","=HYPERLINK(""https://www.google.com/search?q=European%20Heirloom%20Foxtail%20Millet%20(Kangni)%20(Artisanal)%20food&tbm=isch"", ""View Image"")"
"foxtail_millet__kangni__var_1819","Farm-Fresh Premium Foxtail Millet (Kangni) (A-Grade)","grains","CURATED_KEYWORD_MATCH","NO - Curated","99%","https://images.unsplash.com/photo-1622542086073-346a41ce35fe?auto=format&fit=crop&w=800&q=80","Wikimedia / Ancient Organic Pearl Millets & Grains","https://www.google.com/search?q=Farm-Fresh%20Premium%20Foxtail%20Millet%20(Kangni)%20(A-Grade)%20food&tbm=isch","=HYPERLINK(""https://www.google.com/search?q=Farm-Fresh%20Premium%20Foxtail%20Millet%20(Kangni)%20(A-Grade)%20food&tbm=isch"", ""View Image"")"
"foxtail_millet__kangni__var_1820","Wild-Harvested Foxtail Millet (Kangni) (Pure)","grains","CURATED_KEYWORD_MATCH","NO - Curated","99%","https://images.unsplash.com/photo-1622542086073-346a41ce35fe?auto=format&fit=crop&w=800&q=80","Wikimedia / Ancient Organic Pearl Millets & Grains","https://www.google.com/search?q=Wild-Harvested%20Foxtail%20Millet%20(Kangni)%20(Pure)%20food&tbm=isch","=HYPERLINK(""https://www.google.com/search?q=Wild-Harvested%20Foxtail%20Millet%20(Kangni)%20(Pure)%20food&tbm=isch"", ""View Image"")"
"sorghum__jowar_","Sorghum (Jowar)","grains","CURATED_KEYWORD_MATCH","NO - Curated","99%","https://images.unsplash.com/photo-1622542086073-346a41ce35fe?auto=format&fit=crop&w=800&q=80","Wikimedia / Ancient Organic Pearl Millets & Grains","https://www.google.com/search?q=Sorghum%20(Jowar)%20food&tbm=isch","=HYPERLINK(""https://www.google.com/search?q=Sorghum%20(Jowar)%20food&tbm=isch"", ""View Image"")"
"sorghum__jowar__var_1821","Fresh Organic Sorghum (Jowar)","grains","CURATED_KEYWORD_MATCH","NO - Curated","99%","https://images.unsplash.com/photo-1622542086073-346a41ce35fe?auto=format&fit=crop&w=800&q=80","Wikimedia / Ancient Organic Pearl Millets & Grains","https://www.google.com/search?q=Fresh%20Organic%20Sorghum%20(Jowar)%20food&tbm=isch","=HYPERLINK(""https://www.google.com/search?q=Fresh%20Organic%20Sorghum%20(Jowar)%20food&tbm=isch"", ""View Image"")"
"sorghum__jowar__var_1822","Sun-Dried Sorghum (Jowar) (Dried)","grains","CURATED_KEYWORD_MATCH","NO - Curated","99%","https://images.unsplash.com/photo-1622542086073-346a41ce35fe?auto=format&fit=crop&w=800&q=80","Wikimedia / Ancient Organic Pearl Millets & Grains","https://www.google.com/search?q=Sun-Dried%20Sorghum%20(Jowar)%20(Dried)%20food&tbm=isch","=HYPERLINK(""https://www.google.com/search?q=Sun-Dried%20Sorghum%20(Jowar)%20(Dried)%20food&tbm=isch"", ""View Image"")"
"sorghum__jowar__var_1823","Himalayan Grade Sorghum (Jowar) (Special)","grains","CURATED_KEYWORD_MATCH","NO - Curated","99%","https://images.unsplash.com/photo-1622542086073-346a41ce35fe?auto=format&fit=crop&w=800&q=80","Wikimedia / Ancient Organic Pearl Millets & Grains","https://www.google.com/search?q=Himalayan%20Grade%20Sorghum%20(Jowar)%20(Special)%20food&tbm=isch","=HYPERLINK(""https://www.google.com/search?q=Himalayan%20Grade%20Sorghum%20(Jowar)%20(Special)%20food&tbm=isch"", ""View Image"")"
"sorghum__jowar__var_1824","South Indian Sorghum (Jowar) (Traditional)","grains","CURATED_KEYWORD_MATCH","NO - Curated","99%","https://images.unsplash.com/photo-1622542086073-346a41ce35fe?auto=format&fit=crop&w=800&q=80","Wikimedia / Ancient Organic Pearl Millets & Grains","https://www.google.com/search?q=South%20Indian%20Sorghum%20(Jowar)%20(Traditional)%20food&tbm=isch","=HYPERLINK(""https://www.google.com/search?q=South%20Indian%20Sorghum%20(Jowar)%20(Traditional)%20food&tbm=isch"", ""View Image"")"
"sorghum__jowar__var_1825","North Indian Style Sorghum (Jowar) (Spiced)","grains","CURATED_KEYWORD_MATCH","NO - Curated","99%","https://images.unsplash.com/photo-1622542086073-346a41ce35fe?auto=format&fit=crop&w=800&q=80","Wikimedia / Ancient Organic Pearl Millets & Grains","https://www.google.com/search?q=North%20Indian%20Style%20Sorghum%20(Jowar)%20(Spiced)%20food&tbm=isch","=HYPERLINK(""https://www.google.com/search?q=North%20Indian%20Style%20Sorghum%20(Jowar)%20(Spiced)%20food&tbm=isch"", ""View Image"")"
"sorghum__jowar__var_1826","Mediterranean Classic Sorghum (Jowar) (Imported)","grains","CURATED_KEYWORD_MATCH","NO - Curated","99%","https://images.unsplash.com/photo-1622542086073-346a41ce35fe?auto=format&fit=crop&w=800&q=80","Wikimedia / Ancient Organic Pearl Millets & Grains","https://www.google.com/search?q=Mediterranean%20Classic%20Sorghum%20(Jowar)%20(Imported)%20food&tbm=isch","=HYPERLINK(""https://www.google.com/search?q=Mediterranean%20Classic%20Sorghum%20(Jowar)%20(Imported)%20food&tbm=isch"", ""View Image"")"
"sorghum__jowar__var_1827","Asian Specialty Sorghum (Jowar) (Select)","grains","CURATED_KEYWORD_MATCH","NO - Curated","99%","https://images.unsplash.com/photo-1622542086073-346a41ce35fe?auto=format&fit=crop&w=800&q=80","Wikimedia / Ancient Organic Pearl Millets & Grains","https://www.google.com/search?q=Asian%20Specialty%20Sorghum%20(Jowar)%20(Select)%20food&tbm=isch","=HYPERLINK(""https://www.google.com/search?q=Asian%20Specialty%20Sorghum%20(Jowar)%20(Select)%20food&tbm=isch"", ""View Image"")"
"sorghum__jowar__var_1828","European Heirloom Sorghum (Jowar) (Artisanal)","grains","CURATED_KEYWORD_MATCH","NO - Curated","99%","https://images.unsplash.com/photo-1622542086073-346a41ce35fe?auto=format&fit=crop&w=800&q=80","Wikimedia / Ancient Organic Pearl Millets & Grains","https://www.google.com/search?q=European%20Heirloom%20Sorghum%20(Jowar)%20(Artisanal)%20food&tbm=isch","=HYPERLINK(""https://www.google.com/search?q=European%20Heirloom%20Sorghum%20(Jowar)%20(Artisanal)%20food&tbm=isch"", ""View Image"")"
"sorghum__jowar__var_1829","Farm-Fresh Premium Sorghum (Jowar) (A-Grade)","grains","CURATED_KEYWORD_MATCH","NO - Curated","99%","https://images.unsplash.com/photo-1622542086073-346a41ce35fe?auto=format&fit=crop&w=800&q=80","Wikimedia / Ancient Organic Pearl Millets & Grains","https://www.google.com/search?q=Farm-Fresh%20Premium%20Sorghum%20(Jowar)%20(A-Grade)%20food&tbm=isch","=HYPERLINK(""https://www.google.com/search?q=Farm-Fresh%20Premium%20Sorghum%20(Jowar)%20(A-Grade)%20food&tbm=isch"", ""View Image"")"
"sorghum__jowar__var_1830","Wild-Harvested Sorghum (Jowar) (Pure)","grains","CURATED_KEYWORD_MATCH","NO - Curated","99%","https://images.unsplash.com/photo-1622542086073-346a41ce35fe?auto=format&fit=crop&w=800&q=80","Wikimedia / Ancient Organic Pearl Millets & Grains","https://www.google.com/search?q=Wild-Harvested%20Sorghum%20(Jowar)%20(Pure)%20food&tbm=isch","=HYPERLINK(""https://www.google.com/search?q=Wild-Harvested%20Sorghum%20(Jowar)%20(Pure)%20food&tbm=isch"", ""View Image"")"
"toor_dal__pigeon_peas_","Toor Dal (Pigeon Peas)","legumes","CURATED_KEYWORD_MATCH","NO - Curated","99%","https://images.unsplash.com/photo-1587735243615-c03f25aaff15?auto=format&fit=crop&w=800&q=80","Unsplash / Sweet Tender Green Garden Peas","https://www.google.com/search?q=Toor%20Dal%20(Pigeon%20Peas)%20food&tbm=isch","=HYPERLINK(""https://www.google.com/search?q=Toor%20Dal%20(Pigeon%20Peas)%20food&tbm=isch"", ""View Image"")"
"toor_dal__pigeon_peas__var_1831","Fresh Organic Toor Dal (Pigeon Peas)","legumes","CURATED_KEYWORD_MATCH","NO - Curated","99%","https://images.unsplash.com/photo-1587735243615-c03f25aaff15?auto=format&fit=crop&w=800&q=80","Unsplash / Sweet Tender Green Garden Peas","https://www.google.com/search?q=Fresh%20Organic%20Toor%20Dal%20(Pigeon%20Peas)%20food&tbm=isch","=HYPERLINK(""https://www.google.com/search?q=Fresh%20Organic%20Toor%20Dal%20(Pigeon%20Peas)%20food&tbm=isch"", ""View Image"")"
"toor_dal__pigeon_peas__var_1832","Sun-Dried Toor Dal (Pigeon Peas) (Dried)","legumes","CURATED_KEYWORD_MATCH","NO - Curated","99%","https://images.unsplash.com/photo-1587735243615-c03f25aaff15?auto=format&fit=crop&w=800&q=80","Unsplash / Sweet Tender Green Garden Peas","https://www.google.com/search?q=Sun-Dried%20Toor%20Dal%20(Pigeon%20Peas)%20(Dried)%20food&tbm=isch","=HYPERLINK(""https://www.google.com/search?q=Sun-Dried%20Toor%20Dal%20(Pigeon%20Peas)%20(Dried)%20food&tbm=isch"", ""View Image"")"
"toor_dal__pigeon_peas__var_1833","Himalayan Grade Toor Dal (Pigeon Peas) (Special)","legumes","CURATED_KEYWORD_MATCH","NO - Curated","99%","https://images.unsplash.com/photo-1587735243615-c03f25aaff15?auto=format&fit=crop&w=800&q=80","Unsplash / Sweet Tender Green Garden Peas","https://www.google.com/search?q=Himalayan%20Grade%20Toor%20Dal%20(Pigeon%20Peas)%20(Special)%20food&tbm=isch","=HYPERLINK(""https://www.google.com/search?q=Himalayan%20Grade%20Toor%20Dal%20(Pigeon%20Peas)%20(Special)%20food&tbm=isch"", ""View Image"")"
"toor_dal__pigeon_peas__var_1834","South Indian Toor Dal (Pigeon Peas) (Traditional)","legumes","CURATED_KEYWORD_MATCH","NO - Curated","99%","https://images.unsplash.com/photo-1587735243615-c03f25aaff15?auto=format&fit=crop&w=800&q=80","Unsplash / Sweet Tender Green Garden Peas","https://www.google.com/search?q=South%20Indian%20Toor%20Dal%20(Pigeon%20Peas)%20(Traditional)%20food&tbm=isch","=HYPERLINK(""https://www.google.com/search?q=South%20Indian%20Toor%20Dal%20(Pigeon%20Peas)%20(Traditional)%20food&tbm=isch"", ""View Image"")"
"toor_dal__pigeon_peas__var_1835","North Indian Style Toor Dal (Pigeon Peas) (Spiced)","legumes","CURATED_KEYWORD_MATCH","NO - Curated","99%","https://images.unsplash.com/photo-1587735243615-c03f25aaff15?auto=format&fit=crop&w=800&q=80","Unsplash / Sweet Tender Green Garden Peas","https://www.google.com/search?q=North%20Indian%20Style%20Toor%20Dal%20(Pigeon%20Peas)%20(Spiced)%20food&tbm=isch","=HYPERLINK(""https://www.google.com/search?q=North%20Indian%20Style%20Toor%20Dal%20(Pigeon%20Peas)%20(Spiced)%20food&tbm=isch"", ""View Image"")"
"toor_dal__pigeon_peas__var_1836","Mediterranean Classic Toor Dal (Pigeon Peas) (Imported)","legumes","CURATED_KEYWORD_MATCH","NO - Curated","99%","https://images.unsplash.com/photo-1587735243615-c03f25aaff15?auto=format&fit=crop&w=800&q=80","Unsplash / Sweet Tender Green Garden Peas","https://www.google.com/search?q=Mediterranean%20Classic%20Toor%20Dal%20(Pigeon%20Peas)%20(Imported)%20food&tbm=isch","=HYPERLINK(""https://www.google.com/search?q=Mediterranean%20Classic%20Toor%20Dal%20(Pigeon%20Peas)%20(Imported)%20food&tbm=isch"", ""View Image"")"
"toor_dal__pigeon_peas__var_1837","Asian Specialty Toor Dal (Pigeon Peas) (Select)","legumes","CURATED_KEYWORD_MATCH","NO - Curated","99%","https://images.unsplash.com/photo-1587735243615-c03f25aaff15?auto=format&fit=crop&w=800&q=80","Unsplash / Sweet Tender Green Garden Peas","https://www.google.com/search?q=Asian%20Specialty%20Toor%20Dal%20(Pigeon%20Peas)%20(Select)%20food&tbm=isch","=HYPERLINK(""https://www.google.com/search?q=Asian%20Specialty%20Toor%20Dal%20(Pigeon%20Peas)%20(Select)%20food&tbm=isch"", ""View Image"")"
"toor_dal__pigeon_peas__var_1838","European Heirloom Toor Dal (Pigeon Peas) (Artisanal)","legumes","CURATED_KEYWORD_MATCH","NO - Curated","99%","https://images.unsplash.com/photo-1587735243615-c03f25aaff15?auto=format&fit=crop&w=800&q=80","Unsplash / Sweet Tender Green Garden Peas","https://www.google.com/search?q=European%20Heirloom%20Toor%20Dal%20(Pigeon%20Peas)%20(Artisanal)%20food&tbm=isch","=HYPERLINK(""https://www.google.com/search?q=European%20Heirloom%20Toor%20Dal%20(Pigeon%20Peas)%20(Artisanal)%20food&tbm=isch"", ""View Image"")"
"toor_dal__pigeon_peas__var_1839","Farm-Fresh Premium Toor Dal (Pigeon Peas) (A-Grade)","legumes","CURATED_KEYWORD_MATCH","NO - Curated","99%","https://images.unsplash.com/photo-1587735243615-c03f25aaff15?auto=format&fit=crop&w=800&q=80","Unsplash / Sweet Tender Green Garden Peas","https://www.google.com/search?q=Farm-Fresh%20Premium%20Toor%20Dal%20(Pigeon%20Peas)%20(A-Grade)%20food&tbm=isch","=HYPERLINK(""https://www.google.com/search?q=Farm-Fresh%20Premium%20Toor%20Dal%20(Pigeon%20Peas)%20(A-Grade)%20food&tbm=isch"", ""View Image"")"
"toor_dal__pigeon_peas__var_1840","Wild-Harvested Toor Dal (Pigeon Peas) (Pure)","legumes","CURATED_KEYWORD_MATCH","NO - Curated","99%","https://images.unsplash.com/photo-1587735243615-c03f25aaff15?auto=format&fit=crop&w=800&q=80","Unsplash / Sweet Tender Green Garden Peas","https://www.google.com/search?q=Wild-Harvested%20Toor%20Dal%20(Pigeon%20Peas)%20(Pure)%20food&tbm=isch","=HYPERLINK(""https://www.google.com/search?q=Wild-Harvested%20Toor%20Dal%20(Pigeon%20Peas)%20(Pure)%20food&tbm=isch"", ""View Image"")"
"moong_dal__yellow_split_","Moong Dal (Yellow Split)","legumes","CURATED_KEYWORD_MATCH","NO - Curated","99%","https://images.unsplash.com/photo-1612257999756-9d63c78eee46?auto=format&fit=crop&w=800&q=80","Unsplash / High-Protein Traditional Lentils (Dal)","https://www.google.com/search?q=Moong%20Dal%20(Yellow%20Split)%20food&tbm=isch","=HYPERLINK(""https://www.google.com/search?q=Moong%20Dal%20(Yellow%20Split)%20food&tbm=isch"", ""View Image"")"
"moong_dal__yellow_split__var_1841","Fresh Organic Moong Dal (Yellow Split)","legumes","CURATED_KEYWORD_MATCH","NO - Curated","99%","https://images.unsplash.com/photo-1612257999756-9d63c78eee46?auto=format&fit=crop&w=800&q=80","Unsplash / High-Protein Traditional Lentils (Dal)","https://www.google.com/search?q=Fresh%20Organic%20Moong%20Dal%20(Yellow%20Split)%20food&tbm=isch","=HYPERLINK(""https://www.google.com/search?q=Fresh%20Organic%20Moong%20Dal%20(Yellow%20Split)%20food&tbm=isch"", ""View Image"")"
"moong_dal__yellow_split__var_1842","Sun-Dried Moong Dal (Yellow Split) (Dried)","legumes","CURATED_KEYWORD_MATCH","NO - Curated","99%","https://images.unsplash.com/photo-1612257999756-9d63c78eee46?auto=format&fit=crop&w=800&q=80","Unsplash / High-Protein Traditional Lentils (Dal)","https://www.google.com/search?q=Sun-Dried%20Moong%20Dal%20(Yellow%20Split)%20(Dried)%20food&tbm=isch","=HYPERLINK(""https://www.google.com/search?q=Sun-Dried%20Moong%20Dal%20(Yellow%20Split)%20(Dried)%20food&tbm=isch"", ""View Image"")"
"moong_dal__yellow_split__var_1843","Himalayan Grade Moong Dal (Yellow Split) (Special)","legumes","CURATED_KEYWORD_MATCH","NO - Curated","99%","https://images.unsplash.com/photo-1612257999756-9d63c78eee46?auto=format&fit=crop&w=800&q=80","Unsplash / High-Protein Traditional Lentils (Dal)","https://www.google.com/search?q=Himalayan%20Grade%20Moong%20Dal%20(Yellow%20Split)%20(Special)%20food&tbm=isch","=HYPERLINK(""https://www.google.com/search?q=Himalayan%20Grade%20Moong%20Dal%20(Yellow%20Split)%20(Special)%20food&tbm=isch"", ""View Image"")"
"moong_dal__yellow_split__var_1844","South Indian Moong Dal (Yellow Split) (Traditional)","legumes","CURATED_KEYWORD_MATCH","NO - Curated","99%","https://images.unsplash.com/photo-1612257999756-9d63c78eee46?auto=format&fit=crop&w=800&q=80","Unsplash / High-Protein Traditional Lentils (Dal)","https://www.google.com/search?q=South%20Indian%20Moong%20Dal%20(Yellow%20Split)%20(Traditional)%20food&tbm=isch","=HYPERLINK(""https://www.google.com/search?q=South%20Indian%20Moong%20Dal%20(Yellow%20Split)%20(Traditional)%20food&tbm=isch"", ""View Image"")"
"moong_dal__yellow_split__var_1845","North Indian Style Moong Dal (Yellow Split) (Spiced)","legumes","CURATED_KEYWORD_MATCH","NO - Curated","99%","https://images.unsplash.com/photo-1612257999756-9d63c78eee46?auto=format&fit=crop&w=800&q=80","Unsplash / High-Protein Traditional Lentils (Dal)","https://www.google.com/search?q=North%20Indian%20Style%20Moong%20Dal%20(Yellow%20Split)%20(Spiced)%20food&tbm=isch","=HYPERLINK(""https://www.google.com/search?q=North%20Indian%20Style%20Moong%20Dal%20(Yellow%20Split)%20(Spiced)%20food&tbm=isch"", ""View Image"")"
"moong_dal__yellow_split__var_1846","Mediterranean Classic Moong Dal (Yellow Split) (Imported)","legumes","CURATED_KEYWORD_MATCH","NO - Curated","99%","https://images.unsplash.com/photo-1612257999756-9d63c78eee46?auto=format&fit=crop&w=800&q=80","Unsplash / High-Protein Traditional Lentils (Dal)","https://www.google.com/search?q=Mediterranean%20Classic%20Moong%20Dal%20(Yellow%20Split)%20(Imported)%20food&tbm=isch","=HYPERLINK(""https://www.google.com/search?q=Mediterranean%20Classic%20Moong%20Dal%20(Yellow%20Split)%20(Imported)%20food&tbm=isch"", ""View Image"")"
"moong_dal__yellow_split__var_1847","Asian Specialty Moong Dal (Yellow Split) (Select)","legumes","CURATED_KEYWORD_MATCH","NO - Curated","99%","https://images.unsplash.com/photo-1612257999756-9d63c78eee46?auto=format&fit=crop&w=800&q=80","Unsplash / High-Protein Traditional Lentils (Dal)","https://www.google.com/search?q=Asian%20Specialty%20Moong%20Dal%20(Yellow%20Split)%20(Select)%20food&tbm=isch","=HYPERLINK(""https://www.google.com/search?q=Asian%20Specialty%20Moong%20Dal%20(Yellow%20Split)%20(Select)%20food&tbm=isch"", ""View Image"")"
"moong_dal__yellow_split__var_1848","European Heirloom Moong Dal (Yellow Split) (Artisanal)","legumes","CURATED_KEYWORD_MATCH","NO - Curated","99%","https://images.unsplash.com/photo-1612257999756-9d63c78eee46?auto=format&fit=crop&w=800&q=80","Unsplash / High-Protein Traditional Lentils (Dal)","https://www.google.com/search?q=European%20Heirloom%20Moong%20Dal%20(Yellow%20Split)%20(Artisanal)%20food&tbm=isch","=HYPERLINK(""https://www.google.com/search?q=European%20Heirloom%20Moong%20Dal%20(Yellow%20Split)%20(Artisanal)%20food&tbm=isch"", ""View Image"")"
"moong_dal__yellow_split__var_1849","Farm-Fresh Premium Moong Dal (Yellow Split) (A-Grade)","legumes","CURATED_KEYWORD_MATCH","NO - Curated","99%","https://images.unsplash.com/photo-1612257999756-9d63c78eee46?auto=format&fit=crop&w=800&q=80","Unsplash / High-Protein Traditional Lentils (Dal)","https://www.google.com/search?q=Farm-Fresh%20Premium%20Moong%20Dal%20(Yellow%20Split)%20(A-Grade)%20food&tbm=isch","=HYPERLINK(""https://www.google.com/search?q=Farm-Fresh%20Premium%20Moong%20Dal%20(Yellow%20Split)%20(A-Grade)%20food&tbm=isch"", ""View Image"")"
"moong_dal__yellow_split__var_1850","Wild-Harvested Moong Dal (Yellow Split) (Pure)","legumes","CURATED_KEYWORD_MATCH","NO - Curated","99%","https://images.unsplash.com/photo-1612257999756-9d63c78eee46?auto=format&fit=crop&w=800&q=80","Unsplash / High-Protein Traditional Lentils (Dal)","https://www.google.com/search?q=Wild-Harvested%20Moong%20Dal%20(Yellow%20Split)%20(Pure)%20food&tbm=isch","=HYPERLINK(""https://www.google.com/search?q=Wild-Harvested%20Moong%20Dal%20(Yellow%20Split)%20(Pure)%20food&tbm=isch"", ""View Image"")"
"chana_dal__bengal_gram_","Chana Dal (Bengal Gram)","legumes","CURATED_KEYWORD_MATCH","NO - Curated","99%","https://images.unsplash.com/photo-1612257999756-9d63c78eee46?auto=format&fit=crop&w=800&q=80","Unsplash / High-Protein Traditional Lentils (Dal)","https://www.google.com/search?q=Chana%20Dal%20(Bengal%20Gram)%20food&tbm=isch","=HYPERLINK(""https://www.google.com/search?q=Chana%20Dal%20(Bengal%20Gram)%20food&tbm=isch"", ""View Image"")"
"chana_dal__bengal_gram__var_1851","Fresh Organic Chana Dal (Bengal Gram)","legumes","CURATED_KEYWORD_MATCH","NO - Curated","99%","https://images.unsplash.com/photo-1612257999756-9d63c78eee46?auto=format&fit=crop&w=800&q=80","Unsplash / High-Protein Traditional Lentils (Dal)","https://www.google.com/search?q=Fresh%20Organic%20Chana%20Dal%20(Bengal%20Gram)%20food&tbm=isch","=HYPERLINK(""https://www.google.com/search?q=Fresh%20Organic%20Chana%20Dal%20(Bengal%20Gram)%20food&tbm=isch"", ""View Image"")"
"chana_dal__bengal_gram__var_1852","Sun-Dried Chana Dal (Bengal Gram) (Dried)","legumes","CURATED_KEYWORD_MATCH","NO - Curated","99%","https://images.unsplash.com/photo-1612257999756-9d63c78eee46?auto=format&fit=crop&w=800&q=80","Unsplash / High-Protein Traditional Lentils (Dal)","https://www.google.com/search?q=Sun-Dried%20Chana%20Dal%20(Bengal%20Gram)%20(Dried)%20food&tbm=isch","=HYPERLINK(""https://www.google.com/search?q=Sun-Dried%20Chana%20Dal%20(Bengal%20Gram)%20(Dried)%20food&tbm=isch"", ""View Image"")"
"chana_dal__bengal_gram__var_1853","Himalayan Grade Chana Dal (Bengal Gram) (Special)","legumes","CURATED_KEYWORD_MATCH","NO - Curated","99%","https://images.unsplash.com/photo-1612257999756-9d63c78eee46?auto=format&fit=crop&w=800&q=80","Unsplash / High-Protein Traditional Lentils (Dal)","https://www.google.com/search?q=Himalayan%20Grade%20Chana%20Dal%20(Bengal%20Gram)%20(Special)%20food&tbm=isch","=HYPERLINK(""https://www.google.com/search?q=Himalayan%20Grade%20Chana%20Dal%20(Bengal%20Gram)%20(Special)%20food&tbm=isch"", ""View Image"")"
"chana_dal__bengal_gram__var_1854","South Indian Chana Dal (Bengal Gram) (Traditional)","legumes","CURATED_KEYWORD_MATCH","NO - Curated","99%","https://images.unsplash.com/photo-1612257999756-9d63c78eee46?auto=format&fit=crop&w=800&q=80","Unsplash / High-Protein Traditional Lentils (Dal)","https://www.google.com/search?q=South%20Indian%20Chana%20Dal%20(Bengal%20Gram)%20(Traditional)%20food&tbm=isch","=HYPERLINK(""https://www.google.com/search?q=South%20Indian%20Chana%20Dal%20(Bengal%20Gram)%20(Traditional)%20food&tbm=isch"", ""View Image"")"
"chana_dal__bengal_gram__var_1855","North Indian Style Chana Dal (Bengal Gram) (Spiced)","legumes","CURATED_KEYWORD_MATCH","NO - Curated","99%","https://images.unsplash.com/photo-1612257999756-9d63c78eee46?auto=format&fit=crop&w=800&q=80","Unsplash / High-Protein Traditional Lentils (Dal)","https://www.google.com/search?q=North%20Indian%20Style%20Chana%20Dal%20(Bengal%20Gram)%20(Spiced)%20food&tbm=isch","=HYPERLINK(""https://www.google.com/search?q=North%20Indian%20Style%20Chana%20Dal%20(Bengal%20Gram)%20(Spiced)%20food&tbm=isch"", ""View Image"")"
"chana_dal__bengal_gram__var_1856","Mediterranean Classic Chana Dal (Bengal Gram) (Imported)","legumes","CURATED_KEYWORD_MATCH","NO - Curated","99%","https://images.unsplash.com/photo-1612257999756-9d63c78eee46?auto=format&fit=crop&w=800&q=80","Unsplash / High-Protein Traditional Lentils (Dal)","https://www.google.com/search?q=Mediterranean%20Classic%20Chana%20Dal%20(Bengal%20Gram)%20(Imported)%20food&tbm=isch","=HYPERLINK(""https://www.google.com/search?q=Mediterranean%20Classic%20Chana%20Dal%20(Bengal%20Gram)%20(Imported)%20food&tbm=isch"", ""View Image"")"
"chana_dal__bengal_gram__var_1857","Asian Specialty Chana Dal (Bengal Gram) (Select)","legumes","CURATED_KEYWORD_MATCH","NO - Curated","99%","https://images.unsplash.com/photo-1612257999756-9d63c78eee46?auto=format&fit=crop&w=800&q=80","Unsplash / High-Protein Traditional Lentils (Dal)","https://www.google.com/search?q=Asian%20Specialty%20Chana%20Dal%20(Bengal%20Gram)%20(Select)%20food&tbm=isch","=HYPERLINK(""https://www.google.com/search?q=Asian%20Specialty%20Chana%20Dal%20(Bengal%20Gram)%20(Select)%20food&tbm=isch"", ""View Image"")"
"chana_dal__bengal_gram__var_1858","European Heirloom Chana Dal (Bengal Gram) (Artisanal)","legumes","CURATED_KEYWORD_MATCH","NO - Curated","99%","https://images.unsplash.com/photo-1612257999756-9d63c78eee46?auto=format&fit=crop&w=800&q=80","Unsplash / High-Protein Traditional Lentils (Dal)","https://www.google.com/search?q=European%20Heirloom%20Chana%20Dal%20(Bengal%20Gram)%20(Artisanal)%20food&tbm=isch","=HYPERLINK(""https://www.google.com/search?q=European%20Heirloom%20Chana%20Dal%20(Bengal%20Gram)%20(Artisanal)%20food&tbm=isch"", ""View Image"")"
"chana_dal__bengal_gram__var_1859","Farm-Fresh Premium Chana Dal (Bengal Gram) (A-Grade)","legumes","CURATED_KEYWORD_MATCH","NO - Curated","99%","https://images.unsplash.com/photo-1612257999756-9d63c78eee46?auto=format&fit=crop&w=800&q=80","Unsplash / High-Protein Traditional Lentils (Dal)","https://www.google.com/search?q=Farm-Fresh%20Premium%20Chana%20Dal%20(Bengal%20Gram)%20(A-Grade)%20food&tbm=isch","=HYPERLINK(""https://www.google.com/search?q=Farm-Fresh%20Premium%20Chana%20Dal%20(Bengal%20Gram)%20(A-Grade)%20food&tbm=isch"", ""View Image"")"
"chana_dal__bengal_gram__var_1860","Wild-Harvested Chana Dal (Bengal Gram) (Pure)","legumes","CURATED_KEYWORD_MATCH","NO - Curated","99%","https://images.unsplash.com/photo-1612257999756-9d63c78eee46?auto=format&fit=crop&w=800&q=80","Unsplash / High-Protein Traditional Lentils (Dal)","https://www.google.com/search?q=Wild-Harvested%20Chana%20Dal%20(Bengal%20Gram)%20(Pure)%20food&tbm=isch","=HYPERLINK(""https://www.google.com/search?q=Wild-Harvested%20Chana%20Dal%20(Bengal%20Gram)%20(Pure)%20food&tbm=isch"", ""View Image"")"
"urad_dal__black_gram_","Urad Dal (Black Gram)","legumes","CURATED_KEYWORD_MATCH","NO - Curated","99%","https://images.unsplash.com/photo-1612257999756-9d63c78eee46?auto=format&fit=crop&w=800&q=80","Unsplash / High-Protein Traditional Lentils (Dal)","https://www.google.com/search?q=Urad%20Dal%20(Black%20Gram)%20food&tbm=isch","=HYPERLINK(""https://www.google.com/search?q=Urad%20Dal%20(Black%20Gram)%20food&tbm=isch"", ""View Image"")"
"urad_dal__black_gram__var_1861","Fresh Organic Urad Dal (Black Gram)","legumes","CURATED_KEYWORD_MATCH","NO - Curated","99%","https://images.unsplash.com/photo-1612257999756-9d63c78eee46?auto=format&fit=crop&w=800&q=80","Unsplash / High-Protein Traditional Lentils (Dal)","https://www.google.com/search?q=Fresh%20Organic%20Urad%20Dal%20(Black%20Gram)%20food&tbm=isch","=HYPERLINK(""https://www.google.com/search?q=Fresh%20Organic%20Urad%20Dal%20(Black%20Gram)%20food&tbm=isch"", ""View Image"")"
"urad_dal__black_gram__var_1862","Sun-Dried Urad Dal (Black Gram) (Dried)","legumes","CURATED_KEYWORD_MATCH","NO - Curated","99%","https://images.unsplash.com/photo-1612257999756-9d63c78eee46?auto=format&fit=crop&w=800&q=80","Unsplash / High-Protein Traditional Lentils (Dal)","https://www.google.com/search?q=Sun-Dried%20Urad%20Dal%20(Black%20Gram)%20(Dried)%20food&tbm=isch","=HYPERLINK(""https://www.google.com/search?q=Sun-Dried%20Urad%20Dal%20(Black%20Gram)%20(Dried)%20food&tbm=isch"", ""View Image"")"
"urad_dal__black_gram__var_1863","Himalayan Grade Urad Dal (Black Gram) (Special)","legumes","CURATED_KEYWORD_MATCH","NO - Curated","99%","https://images.unsplash.com/photo-1612257999756-9d63c78eee46?auto=format&fit=crop&w=800&q=80","Unsplash / High-Protein Traditional Lentils (Dal)","https://www.google.com/search?q=Himalayan%20Grade%20Urad%20Dal%20(Black%20Gram)%20(Special)%20food&tbm=isch","=HYPERLINK(""https://www.google.com/search?q=Himalayan%20Grade%20Urad%20Dal%20(Black%20Gram)%20(Special)%20food&tbm=isch"", ""View Image"")"
"urad_dal__black_gram__var_1864","South Indian Urad Dal (Black Gram) (Traditional)","legumes","CURATED_KEYWORD_MATCH","NO - Curated","99%","https://images.unsplash.com/photo-1612257999756-9d63c78eee46?auto=format&fit=crop&w=800&q=80","Unsplash / High-Protein Traditional Lentils (Dal)","https://www.google.com/search?q=South%20Indian%20Urad%20Dal%20(Black%20Gram)%20(Traditional)%20food&tbm=isch","=HYPERLINK(""https://www.google.com/search?q=South%20Indian%20Urad%20Dal%20(Black%20Gram)%20(Traditional)%20food&tbm=isch"", ""View Image"")"
"urad_dal__black_gram__var_1865","North Indian Style Urad Dal (Black Gram) (Spiced)","legumes","CURATED_KEYWORD_MATCH","NO - Curated","99%","https://images.unsplash.com/photo-1612257999756-9d63c78eee46?auto=format&fit=crop&w=800&q=80","Unsplash / High-Protein Traditional Lentils (Dal)","https://www.google.com/search?q=North%20Indian%20Style%20Urad%20Dal%20(Black%20Gram)%20(Spiced)%20food&tbm=isch","=HYPERLINK(""https://www.google.com/search?q=North%20Indian%20Style%20Urad%20Dal%20(Black%20Gram)%20(Spiced)%20food&tbm=isch"", ""View Image"")"
"urad_dal__black_gram__var_1866","Mediterranean Classic Urad Dal (Black Gram) (Imported)","legumes","CURATED_KEYWORD_MATCH","NO - Curated","99%","https://images.unsplash.com/photo-1612257999756-9d63c78eee46?auto=format&fit=crop&w=800&q=80","Unsplash / High-Protein Traditional Lentils (Dal)","https://www.google.com/search?q=Mediterranean%20Classic%20Urad%20Dal%20(Black%20Gram)%20(Imported)%20food&tbm=isch","=HYPERLINK(""https://www.google.com/search?q=Mediterranean%20Classic%20Urad%20Dal%20(Black%20Gram)%20(Imported)%20food&tbm=isch"", ""View Image"")"
"urad_dal__black_gram__var_1867","Asian Specialty Urad Dal (Black Gram) (Select)","legumes","CURATED_KEYWORD_MATCH","NO - Curated","99%","https://images.unsplash.com/photo-1612257999756-9d63c78eee46?auto=format&fit=crop&w=800&q=80","Unsplash / High-Protein Traditional Lentils (Dal)","https://www.google.com/search?q=Asian%20Specialty%20Urad%20Dal%20(Black%20Gram)%20(Select)%20food&tbm=isch","=HYPERLINK(""https://www.google.com/search?q=Asian%20Specialty%20Urad%20Dal%20(Black%20Gram)%20(Select)%20food&tbm=isch"", ""View Image"")"
"urad_dal__black_gram__var_1868","European Heirloom Urad Dal (Black Gram) (Artisanal)","legumes","CURATED_KEYWORD_MATCH","NO - Curated","99%","https://images.unsplash.com/photo-1612257999756-9d63c78eee46?auto=format&fit=crop&w=800&q=80","Unsplash / High-Protein Traditional Lentils (Dal)","https://www.google.com/search?q=European%20Heirloom%20Urad%20Dal%20(Black%20Gram)%20(Artisanal)%20food&tbm=isch","=HYPERLINK(""https://www.google.com/search?q=European%20Heirloom%20Urad%20Dal%20(Black%20Gram)%20(Artisanal)%20food&tbm=isch"", ""View Image"")"
"urad_dal__black_gram__var_1869","Farm-Fresh Premium Urad Dal (Black Gram) (A-Grade)","legumes","CURATED_KEYWORD_MATCH","NO - Curated","99%","https://images.unsplash.com/photo-1612257999756-9d63c78eee46?auto=format&fit=crop&w=800&q=80","Unsplash / High-Protein Traditional Lentils (Dal)","https://www.google.com/search?q=Farm-Fresh%20Premium%20Urad%20Dal%20(Black%20Gram)%20(A-Grade)%20food&tbm=isch","=HYPERLINK(""https://www.google.com/search?q=Farm-Fresh%20Premium%20Urad%20Dal%20(Black%20Gram)%20(A-Grade)%20food&tbm=isch"", ""View Image"")"
"urad_dal__black_gram__var_1870","Wild-Harvested Urad Dal (Black Gram) (Pure)","legumes","CURATED_KEYWORD_MATCH","NO - Curated","99%","https://images.unsplash.com/photo-1612257999756-9d63c78eee46?auto=format&fit=crop&w=800&q=80","Unsplash / High-Protein Traditional Lentils (Dal)","https://www.google.com/search?q=Wild-Harvested%20Urad%20Dal%20(Black%20Gram)%20(Pure)%20food&tbm=isch","=HYPERLINK(""https://www.google.com/search?q=Wild-Harvested%20Urad%20Dal%20(Black%20Gram)%20(Pure)%20food&tbm=isch"", ""View Image"")"
"masoor_dal__red_lentils_","Masoor Dal (Red Lentils)","legumes","CURATED_KEYWORD_MATCH","NO - Curated","99%","https://images.unsplash.com/photo-1612257999756-9d63c78eee46?auto=format&fit=crop&w=800&q=80","Unsplash / High-Protein Traditional Lentils (Dal)","https://www.google.com/search?q=Masoor%20Dal%20(Red%20Lentils)%20food&tbm=isch","=HYPERLINK(""https://www.google.com/search?q=Masoor%20Dal%20(Red%20Lentils)%20food&tbm=isch"", ""View Image"")"
"masoor_dal__red_lentils__var_1871","Fresh Organic Masoor Dal (Red Lentils)","legumes","CURATED_KEYWORD_MATCH","NO - Curated","99%","https://images.unsplash.com/photo-1612257999756-9d63c78eee46?auto=format&fit=crop&w=800&q=80","Unsplash / High-Protein Traditional Lentils (Dal)","https://www.google.com/search?q=Fresh%20Organic%20Masoor%20Dal%20(Red%20Lentils)%20food&tbm=isch","=HYPERLINK(""https://www.google.com/search?q=Fresh%20Organic%20Masoor%20Dal%20(Red%20Lentils)%20food&tbm=isch"", ""View Image"")"
"masoor_dal__red_lentils__var_1872","Sun-Dried Masoor Dal (Red Lentils) (Dried)","legumes","CURATED_KEYWORD_MATCH","NO - Curated","99%","https://images.unsplash.com/photo-1612257999756-9d63c78eee46?auto=format&fit=crop&w=800&q=80","Unsplash / High-Protein Traditional Lentils (Dal)","https://www.google.com/search?q=Sun-Dried%20Masoor%20Dal%20(Red%20Lentils)%20(Dried)%20food&tbm=isch","=HYPERLINK(""https://www.google.com/search?q=Sun-Dried%20Masoor%20Dal%20(Red%20Lentils)%20(Dried)%20food&tbm=isch"", ""View Image"")"
"masoor_dal__red_lentils__var_1873","Himalayan Grade Masoor Dal (Red Lentils) (Special)","legumes","CURATED_KEYWORD_MATCH","NO - Curated","99%","https://images.unsplash.com/photo-1612257999756-9d63c78eee46?auto=format&fit=crop&w=800&q=80","Unsplash / High-Protein Traditional Lentils (Dal)","https://www.google.com/search?q=Himalayan%20Grade%20Masoor%20Dal%20(Red%20Lentils)%20(Special)%20food&tbm=isch","=HYPERLINK(""https://www.google.com/search?q=Himalayan%20Grade%20Masoor%20Dal%20(Red%20Lentils)%20(Special)%20food&tbm=isch"", ""View Image"")"
"masoor_dal__red_lentils__var_1874","South Indian Masoor Dal (Red Lentils) (Traditional)","legumes","CURATED_KEYWORD_MATCH","NO - Curated","99%","https://images.unsplash.com/photo-1612257999756-9d63c78eee46?auto=format&fit=crop&w=800&q=80","Unsplash / High-Protein Traditional Lentils (Dal)","https://www.google.com/search?q=South%20Indian%20Masoor%20Dal%20(Red%20Lentils)%20(Traditional)%20food&tbm=isch","=HYPERLINK(""https://www.google.com/search?q=South%20Indian%20Masoor%20Dal%20(Red%20Lentils)%20(Traditional)%20food&tbm=isch"", ""View Image"")"
"masoor_dal__red_lentils__var_1875","North Indian Style Masoor Dal (Red Lentils) (Spiced)","legumes","CURATED_KEYWORD_MATCH","NO - Curated","99%","https://images.unsplash.com/photo-1612257999756-9d63c78eee46?auto=format&fit=crop&w=800&q=80","Unsplash / High-Protein Traditional Lentils (Dal)","https://www.google.com/search?q=North%20Indian%20Style%20Masoor%20Dal%20(Red%20Lentils)%20(Spiced)%20food&tbm=isch","=HYPERLINK(""https://www.google.com/search?q=North%20Indian%20Style%20Masoor%20Dal%20(Red%20Lentils)%20(Spiced)%20food&tbm=isch"", ""View Image"")"
"masoor_dal__red_lentils__var_1876","Mediterranean Classic Masoor Dal (Red Lentils) (Imported)","legumes","CURATED_KEYWORD_MATCH","NO - Curated","99%","https://images.unsplash.com/photo-1612257999756-9d63c78eee46?auto=format&fit=crop&w=800&q=80","Unsplash / High-Protein Traditional Lentils (Dal)","https://www.google.com/search?q=Mediterranean%20Classic%20Masoor%20Dal%20(Red%20Lentils)%20(Imported)%20food&tbm=isch","=HYPERLINK(""https://www.google.com/search?q=Mediterranean%20Classic%20Masoor%20Dal%20(Red%20Lentils)%20(Imported)%20food&tbm=isch"", ""View Image"")"
"masoor_dal__red_lentils__var_1877","Asian Specialty Masoor Dal (Red Lentils) (Select)","legumes","CURATED_KEYWORD_MATCH","NO - Curated","99%","https://images.unsplash.com/photo-1612257999756-9d63c78eee46?auto=format&fit=crop&w=800&q=80","Unsplash / High-Protein Traditional Lentils (Dal)","https://www.google.com/search?q=Asian%20Specialty%20Masoor%20Dal%20(Red%20Lentils)%20(Select)%20food&tbm=isch","=HYPERLINK(""https://www.google.com/search?q=Asian%20Specialty%20Masoor%20Dal%20(Red%20Lentils)%20(Select)%20food&tbm=isch"", ""View Image"")"
"masoor_dal__red_lentils__var_1878","European Heirloom Masoor Dal (Red Lentils) (Artisanal)","legumes","CURATED_KEYWORD_MATCH","NO - Curated","99%","https://images.unsplash.com/photo-1612257999756-9d63c78eee46?auto=format&fit=crop&w=800&q=80","Unsplash / High-Protein Traditional Lentils (Dal)","https://www.google.com/search?q=European%20Heirloom%20Masoor%20Dal%20(Red%20Lentils)%20(Artisanal)%20food&tbm=isch","=HYPERLINK(""https://www.google.com/search?q=European%20Heirloom%20Masoor%20Dal%20(Red%20Lentils)%20(Artisanal)%20food&tbm=isch"", ""View Image"")"
"masoor_dal__red_lentils__var_1879","Farm-Fresh Premium Masoor Dal (Red Lentils) (A-Grade)","legumes","CURATED_KEYWORD_MATCH","NO - Curated","99%","https://images.unsplash.com/photo-1612257999756-9d63c78eee46?auto=format&fit=crop&w=800&q=80","Unsplash / High-Protein Traditional Lentils (Dal)","https://www.google.com/search?q=Farm-Fresh%20Premium%20Masoor%20Dal%20(Red%20Lentils)%20(A-Grade)%20food&tbm=isch","=HYPERLINK(""https://www.google.com/search?q=Farm-Fresh%20Premium%20Masoor%20Dal%20(Red%20Lentils)%20(A-Grade)%20food&tbm=isch"", ""View Image"")"
"masoor_dal__red_lentils__var_1880","Wild-Harvested Masoor Dal (Red Lentils) (Pure)","legumes","CURATED_KEYWORD_MATCH","NO - Curated","99%","https://images.unsplash.com/photo-1612257999756-9d63c78eee46?auto=format&fit=crop&w=800&q=80","Unsplash / High-Protein Traditional Lentils (Dal)","https://www.google.com/search?q=Wild-Harvested%20Masoor%20Dal%20(Red%20Lentils)%20(Pure)%20food&tbm=isch","=HYPERLINK(""https://www.google.com/search?q=Wild-Harvested%20Masoor%20Dal%20(Red%20Lentils)%20(Pure)%20food&tbm=isch"", ""View Image"")"
"chickpeas__kabuli_chana__var_1881","Fresh Organic Chickpeas (Kabuli Chana)","legumes","CURATED_KEYWORD_MATCH","NO - Curated","99%","https://images.unsplash.com/photo-1587735243615-c03f25aaff15?auto=format&fit=crop&w=800&q=80","Unsplash / Sweet Tender Green Garden Peas","https://www.google.com/search?q=Fresh%20Organic%20Chickpeas%20(Kabuli%20Chana)%20food&tbm=isch","=HYPERLINK(""https://www.google.com/search?q=Fresh%20Organic%20Chickpeas%20(Kabuli%20Chana)%20food&tbm=isch"", ""View Image"")"
"chickpeas__kabuli_chana__var_1882","Sun-Dried Chickpeas (Kabuli Chana) (Dried)","legumes","CURATED_KEYWORD_MATCH","NO - Curated","99%","https://images.unsplash.com/photo-1587735243615-c03f25aaff15?auto=format&fit=crop&w=800&q=80","Unsplash / Sweet Tender Green Garden Peas","https://www.google.com/search?q=Sun-Dried%20Chickpeas%20(Kabuli%20Chana)%20(Dried)%20food&tbm=isch","=HYPERLINK(""https://www.google.com/search?q=Sun-Dried%20Chickpeas%20(Kabuli%20Chana)%20(Dried)%20food&tbm=isch"", ""View Image"")"
"chickpeas__kabuli_chana__var_1883","Himalayan Grade Chickpeas (Kabuli Chana) (Special)","legumes","CURATED_KEYWORD_MATCH","NO - Curated","99%","https://images.unsplash.com/photo-1587735243615-c03f25aaff15?auto=format&fit=crop&w=800&q=80","Unsplash / Sweet Tender Green Garden Peas","https://www.google.com/search?q=Himalayan%20Grade%20Chickpeas%20(Kabuli%20Chana)%20(Special)%20food&tbm=isch","=HYPERLINK(""https://www.google.com/search?q=Himalayan%20Grade%20Chickpeas%20(Kabuli%20Chana)%20(Special)%20food&tbm=isch"", ""View Image"")"
"chickpeas__kabuli_chana__var_1884","South Indian Chickpeas (Kabuli Chana) (Traditional)","legumes","CURATED_KEYWORD_MATCH","NO - Curated","99%","https://images.unsplash.com/photo-1587735243615-c03f25aaff15?auto=format&fit=crop&w=800&q=80","Unsplash / Sweet Tender Green Garden Peas","https://www.google.com/search?q=South%20Indian%20Chickpeas%20(Kabuli%20Chana)%20(Traditional)%20food&tbm=isch","=HYPERLINK(""https://www.google.com/search?q=South%20Indian%20Chickpeas%20(Kabuli%20Chana)%20(Traditional)%20food&tbm=isch"", ""View Image"")"
"chickpeas__kabuli_chana__var_1885","North Indian Style Chickpeas (Kabuli Chana) (Spiced)","legumes","CURATED_KEYWORD_MATCH","NO - Curated","99%","https://images.unsplash.com/photo-1587735243615-c03f25aaff15?auto=format&fit=crop&w=800&q=80","Unsplash / Sweet Tender Green Garden Peas","https://www.google.com/search?q=North%20Indian%20Style%20Chickpeas%20(Kabuli%20Chana)%20(Spiced)%20food&tbm=isch","=HYPERLINK(""https://www.google.com/search?q=North%20Indian%20Style%20Chickpeas%20(Kabuli%20Chana)%20(Spiced)%20food&tbm=isch"", ""View Image"")"
"chickpeas__kabuli_chana__var_1886","Mediterranean Classic Chickpeas (Kabuli Chana) (Imported)","legumes","CURATED_KEYWORD_MATCH","NO - Curated","99%","https://images.unsplash.com/photo-1587735243615-c03f25aaff15?auto=format&fit=crop&w=800&q=80","Unsplash / Sweet Tender Green Garden Peas","https://www.google.com/search?q=Mediterranean%20Classic%20Chickpeas%20(Kabuli%20Chana)%20(Imported)%20food&tbm=isch","=HYPERLINK(""https://www.google.com/search?q=Mediterranean%20Classic%20Chickpeas%20(Kabuli%20Chana)%20(Imported)%20food&tbm=isch"", ""View Image"")"
"chickpeas__kabuli_chana__var_1887","Asian Specialty Chickpeas (Kabuli Chana) (Select)","legumes","CURATED_KEYWORD_MATCH","NO - Curated","99%","https://images.unsplash.com/photo-1587735243615-c03f25aaff15?auto=format&fit=crop&w=800&q=80","Unsplash / Sweet Tender Green Garden Peas","https://www.google.com/search?q=Asian%20Specialty%20Chickpeas%20(Kabuli%20Chana)%20(Select)%20food&tbm=isch","=HYPERLINK(""https://www.google.com/search?q=Asian%20Specialty%20Chickpeas%20(Kabuli%20Chana)%20(Select)%20food&tbm=isch"", ""View Image"")"
"chickpeas__kabuli_chana__var_1888","European Heirloom Chickpeas (Kabuli Chana) (Artisanal)","legumes","CURATED_KEYWORD_MATCH","NO - Curated","99%","https://images.unsplash.com/photo-1587735243615-c03f25aaff15?auto=format&fit=crop&w=800&q=80","Unsplash / Sweet Tender Green Garden Peas","https://www.google.com/search?q=European%20Heirloom%20Chickpeas%20(Kabuli%20Chana)%20(Artisanal)%20food&tbm=isch","=HYPERLINK(""https://www.google.com/search?q=European%20Heirloom%20Chickpeas%20(Kabuli%20Chana)%20(Artisanal)%20food&tbm=isch"", ""View Image"")"
"chickpeas__kabuli_chana__var_1889","Farm-Fresh Premium Chickpeas (Kabuli Chana) (A-Grade)","legumes","CURATED_KEYWORD_MATCH","NO - Curated","99%","https://images.unsplash.com/photo-1587735243615-c03f25aaff15?auto=format&fit=crop&w=800&q=80","Unsplash / Sweet Tender Green Garden Peas","https://www.google.com/search?q=Farm-Fresh%20Premium%20Chickpeas%20(Kabuli%20Chana)%20(A-Grade)%20food&tbm=isch","=HYPERLINK(""https://www.google.com/search?q=Farm-Fresh%20Premium%20Chickpeas%20(Kabuli%20Chana)%20(A-Grade)%20food&tbm=isch"", ""View Image"")"
"chickpeas__kabuli_chana__var_1890","Wild-Harvested Chickpeas (Kabuli Chana) (Pure)","legumes","CURATED_KEYWORD_MATCH","NO - Curated","99%","https://images.unsplash.com/photo-1587735243615-c03f25aaff15?auto=format&fit=crop&w=800&q=80","Unsplash / Sweet Tender Green Garden Peas","https://www.google.com/search?q=Wild-Harvested%20Chickpeas%20(Kabuli%20Chana)%20(Pure)%20food&tbm=isch","=HYPERLINK(""https://www.google.com/search?q=Wild-Harvested%20Chickpeas%20(Kabuli%20Chana)%20(Pure)%20food&tbm=isch"", ""View Image"")"
"rajma__red_kidney_beans_","Rajma (Red Kidney Beans)","legumes","CURATED_KEYWORD_MATCH","NO - Curated","99%","https://images.unsplash.com/photo-1551462147-37885acc36f1?auto=format&fit=crop&w=800&q=80","Unsplash / Organic Red Kidney Beans (Rajma)","https://www.google.com/search?q=Rajma%20(Red%20Kidney%20Beans)%20food&tbm=isch","=HYPERLINK(""https://www.google.com/search?q=Rajma%20(Red%20Kidney%20Beans)%20food&tbm=isch"", ""View Image"")"
"rajma__red_kidney_beans__var_1891","Fresh Organic Rajma (Red Kidney Beans)","legumes","CURATED_KEYWORD_MATCH","NO - Curated","99%","https://images.unsplash.com/photo-1551462147-37885acc36f1?auto=format&fit=crop&w=800&q=80","Unsplash / Organic Red Kidney Beans (Rajma)","https://www.google.com/search?q=Fresh%20Organic%20Rajma%20(Red%20Kidney%20Beans)%20food&tbm=isch","=HYPERLINK(""https://www.google.com/search?q=Fresh%20Organic%20Rajma%20(Red%20Kidney%20Beans)%20food&tbm=isch"", ""View Image"")"
"rajma__red_kidney_beans__var_1892","Sun-Dried Rajma (Red Kidney Beans) (Dried)","legumes","CURATED_KEYWORD_MATCH","NO - Curated","99%","https://images.unsplash.com/photo-1551462147-37885acc36f1?auto=format&fit=crop&w=800&q=80","Unsplash / Organic Red Kidney Beans (Rajma)","https://www.google.com/search?q=Sun-Dried%20Rajma%20(Red%20Kidney%20Beans)%20(Dried)%20food&tbm=isch","=HYPERLINK(""https://www.google.com/search?q=Sun-Dried%20Rajma%20(Red%20Kidney%20Beans)%20(Dried)%20food&tbm=isch"", ""View Image"")"
"rajma__red_kidney_beans__var_1893","Himalayan Grade Rajma (Red Kidney Beans) (Special)","legumes","CURATED_KEYWORD_MATCH","NO - Curated","99%","https://images.unsplash.com/photo-1551462147-37885acc36f1?auto=format&fit=crop&w=800&q=80","Unsplash / Organic Red Kidney Beans (Rajma)","https://www.google.com/search?q=Himalayan%20Grade%20Rajma%20(Red%20Kidney%20Beans)%20(Special)%20food&tbm=isch","=HYPERLINK(""https://www.google.com/search?q=Himalayan%20Grade%20Rajma%20(Red%20Kidney%20Beans)%20(Special)%20food&tbm=isch"", ""View Image"")"
"rajma__red_kidney_beans__var_1894","South Indian Rajma (Red Kidney Beans) (Traditional)","legumes","CURATED_KEYWORD_MATCH","NO - Curated","99%","https://images.unsplash.com/photo-1551462147-37885acc36f1?auto=format&fit=crop&w=800&q=80","Unsplash / Organic Red Kidney Beans (Rajma)","https://www.google.com/search?q=South%20Indian%20Rajma%20(Red%20Kidney%20Beans)%20(Traditional)%20food&tbm=isch","=HYPERLINK(""https://www.google.com/search?q=South%20Indian%20Rajma%20(Red%20Kidney%20Beans)%20(Traditional)%20food&tbm=isch"", ""View Image"")"
"rajma__red_kidney_beans__var_1895","North Indian Style Rajma (Red Kidney Beans) (Spiced)","legumes","CURATED_KEYWORD_MATCH","NO - Curated","99%","https://images.unsplash.com/photo-1551462147-37885acc36f1?auto=format&fit=crop&w=800&q=80","Unsplash / Organic Red Kidney Beans (Rajma)","https://www.google.com/search?q=North%20Indian%20Style%20Rajma%20(Red%20Kidney%20Beans)%20(Spiced)%20food&tbm=isch","=HYPERLINK(""https://www.google.com/search?q=North%20Indian%20Style%20Rajma%20(Red%20Kidney%20Beans)%20(Spiced)%20food&tbm=isch"", ""View Image"")"
"rajma__red_kidney_beans__var_1896","Mediterranean Classic Rajma (Red Kidney Beans) (Imported)","legumes","CURATED_KEYWORD_MATCH","NO - Curated","99%","https://images.unsplash.com/photo-1551462147-37885acc36f1?auto=format&fit=crop&w=800&q=80","Unsplash / Organic Red Kidney Beans (Rajma)","https://www.google.com/search?q=Mediterranean%20Classic%20Rajma%20(Red%20Kidney%20Beans)%20(Imported)%20food&tbm=isch","=HYPERLINK(""https://www.google.com/search?q=Mediterranean%20Classic%20Rajma%20(Red%20Kidney%20Beans)%20(Imported)%20food&tbm=isch"", ""View Image"")"
"rajma__red_kidney_beans__var_1897","Asian Specialty Rajma (Red Kidney Beans) (Select)","legumes","CURATED_KEYWORD_MATCH","NO - Curated","99%","https://images.unsplash.com/photo-1551462147-37885acc36f1?auto=format&fit=crop&w=800&q=80","Unsplash / Organic Red Kidney Beans (Rajma)","https://www.google.com/search?q=Asian%20Specialty%20Rajma%20(Red%20Kidney%20Beans)%20(Select)%20food&tbm=isch","=HYPERLINK(""https://www.google.com/search?q=Asian%20Specialty%20Rajma%20(Red%20Kidney%20Beans)%20(Select)%20food&tbm=isch"", ""View Image"")"
"rajma__red_kidney_beans__var_1898","European Heirloom Rajma (Red Kidney Beans) (Artisanal)","legumes","CURATED_KEYWORD_MATCH","NO - Curated","99%","https://images.unsplash.com/photo-1551462147-37885acc36f1?auto=format&fit=crop&w=800&q=80","Unsplash / Organic Red Kidney Beans (Rajma)","https://www.google.com/search?q=European%20Heirloom%20Rajma%20(Red%20Kidney%20Beans)%20(Artisanal)%20food&tbm=isch","=HYPERLINK(""https://www.google.com/search?q=European%20Heirloom%20Rajma%20(Red%20Kidney%20Beans)%20(Artisanal)%20food&tbm=isch"", ""View Image"")"
"rajma__red_kidney_beans__var_1899","Farm-Fresh Premium Rajma (Red Kidney Beans) (A-Grade)","legumes","CURATED_KEYWORD_MATCH","NO - Curated","99%","https://images.unsplash.com/photo-1551462147-37885acc36f1?auto=format&fit=crop&w=800&q=80","Unsplash / Organic Red Kidney Beans (Rajma)","https://www.google.com/search?q=Farm-Fresh%20Premium%20Rajma%20(Red%20Kidney%20Beans)%20(A-Grade)%20food&tbm=isch","=HYPERLINK(""https://www.google.com/search?q=Farm-Fresh%20Premium%20Rajma%20(Red%20Kidney%20Beans)%20(A-Grade)%20food&tbm=isch"", ""View Image"")"
"rajma__red_kidney_beans__var_1900","Wild-Harvested Rajma (Red Kidney Beans) (Pure)","legumes","CURATED_KEYWORD_MATCH","NO - Curated","99%","https://images.unsplash.com/photo-1551462147-37885acc36f1?auto=format&fit=crop&w=800&q=80","Unsplash / Organic Red Kidney Beans (Rajma)","https://www.google.com/search?q=Wild-Harvested%20Rajma%20(Red%20Kidney%20Beans)%20(Pure)%20food&tbm=isch","=HYPERLINK(""https://www.google.com/search?q=Wild-Harvested%20Rajma%20(Red%20Kidney%20Beans)%20(Pure)%20food&tbm=isch"", ""View Image"")"
"organic_turmeric_powder","Organic Turmeric Powder","spices","CURATED_KEYWORD_MATCH","NO - Curated","99%","https://images.unsplash.com/photo-1615485500704-8e505ecbe124?auto=format&fit=crop&w=800&q=80","Unsplash / Pure Ground & Raw Turmeric","https://www.google.com/search?q=Organic%20Turmeric%20Powder%20food&tbm=isch","=HYPERLINK(""https://www.google.com/search?q=Organic%20Turmeric%20Powder%20food&tbm=isch"", ""View Image"")"
"organic_turmeric_powder_var_1901","Fresh Organic Organic Turmeric Powder","spices","CURATED_KEYWORD_MATCH","NO - Curated","99%","https://images.unsplash.com/photo-1615485500704-8e505ecbe124?auto=format&fit=crop&w=800&q=80","Unsplash / Pure Ground & Raw Turmeric","https://www.google.com/search?q=Fresh%20Organic%20Organic%20Turmeric%20Powder%20food&tbm=isch","=HYPERLINK(""https://www.google.com/search?q=Fresh%20Organic%20Organic%20Turmeric%20Powder%20food&tbm=isch"", ""View Image"")"
"organic_turmeric_powder_var_1902","Sun-Dried Organic Turmeric Powder (Dried)","spices","CURATED_KEYWORD_MATCH","NO - Curated","99%","https://images.unsplash.com/photo-1615485500704-8e505ecbe124?auto=format&fit=crop&w=800&q=80","Unsplash / Pure Ground & Raw Turmeric","https://www.google.com/search?q=Sun-Dried%20Organic%20Turmeric%20Powder%20(Dried)%20food&tbm=isch","=HYPERLINK(""https://www.google.com/search?q=Sun-Dried%20Organic%20Turmeric%20Powder%20(Dried)%20food&tbm=isch"", ""View Image"")"
"organic_turmeric_powder_var_1903","Himalayan Grade Organic Turmeric Powder (Special)","spices","CURATED_KEYWORD_MATCH","NO - Curated","99%","https://images.unsplash.com/photo-1615485500704-8e505ecbe124?auto=format&fit=crop&w=800&q=80","Unsplash / Pure Ground & Raw Turmeric","https://www.google.com/search?q=Himalayan%20Grade%20Organic%20Turmeric%20Powder%20(Special)%20food&tbm=isch","=HYPERLINK(""https://www.google.com/search?q=Himalayan%20Grade%20Organic%20Turmeric%20Powder%20(Special)%20food&tbm=isch"", ""View Image"")"
"organic_turmeric_powder_var_1904","South Indian Organic Turmeric Powder (Traditional)","spices","CURATED_KEYWORD_MATCH","NO - Curated","99%","https://images.unsplash.com/photo-1615485500704-8e505ecbe124?auto=format&fit=crop&w=800&q=80","Unsplash / Pure Ground & Raw Turmeric","https://www.google.com/search?q=South%20Indian%20Organic%20Turmeric%20Powder%20(Traditional)%20food&tbm=isch","=HYPERLINK(""https://www.google.com/search?q=South%20Indian%20Organic%20Turmeric%20Powder%20(Traditional)%20food&tbm=isch"", ""View Image"")"
"organic_turmeric_powder_var_1905","North Indian Style Organic Turmeric Powder (Spiced)","spices","CURATED_KEYWORD_MATCH","NO - Curated","99%","https://images.unsplash.com/photo-1615485500704-8e505ecbe124?auto=format&fit=crop&w=800&q=80","Unsplash / Pure Ground & Raw Turmeric","https://www.google.com/search?q=North%20Indian%20Style%20Organic%20Turmeric%20Powder%20(Spiced)%20food&tbm=isch","=HYPERLINK(""https://www.google.com/search?q=North%20Indian%20Style%20Organic%20Turmeric%20Powder%20(Spiced)%20food&tbm=isch"", ""View Image"")"
"organic_turmeric_powder_var_1906","Mediterranean Classic Organic Turmeric Powder (Imported)","spices","CURATED_KEYWORD_MATCH","NO - Curated","99%","https://images.unsplash.com/photo-1615485500704-8e505ecbe124?auto=format&fit=crop&w=800&q=80","Unsplash / Pure Ground & Raw Turmeric","https://www.google.com/search?q=Mediterranean%20Classic%20Organic%20Turmeric%20Powder%20(Imported)%20food&tbm=isch","=HYPERLINK(""https://www.google.com/search?q=Mediterranean%20Classic%20Organic%20Turmeric%20Powder%20(Imported)%20food&tbm=isch"", ""View Image"")"
"organic_turmeric_powder_var_1907","Asian Specialty Organic Turmeric Powder (Select)","spices","CURATED_KEYWORD_MATCH","NO - Curated","99%","https://images.unsplash.com/photo-1615485500704-8e505ecbe124?auto=format&fit=crop&w=800&q=80","Unsplash / Pure Ground & Raw Turmeric","https://www.google.com/search?q=Asian%20Specialty%20Organic%20Turmeric%20Powder%20(Select)%20food&tbm=isch","=HYPERLINK(""https://www.google.com/search?q=Asian%20Specialty%20Organic%20Turmeric%20Powder%20(Select)%20food&tbm=isch"", ""View Image"")"
"organic_turmeric_powder_var_1908","European Heirloom Organic Turmeric Powder (Artisanal)","spices","CURATED_KEYWORD_MATCH","NO - Curated","99%","https://images.unsplash.com/photo-1615485500704-8e505ecbe124?auto=format&fit=crop&w=800&q=80","Unsplash / Pure Ground & Raw Turmeric","https://www.google.com/search?q=European%20Heirloom%20Organic%20Turmeric%20Powder%20(Artisanal)%20food&tbm=isch","=HYPERLINK(""https://www.google.com/search?q=European%20Heirloom%20Organic%20Turmeric%20Powder%20(Artisanal)%20food&tbm=isch"", ""View Image"")"
"organic_turmeric_powder_var_1909","Farm-Fresh Premium Organic Turmeric Powder (A-Grade)","spices","CURATED_KEYWORD_MATCH","NO - Curated","99%","https://images.unsplash.com/photo-1615485500704-8e505ecbe124?auto=format&fit=crop&w=800&q=80","Unsplash / Pure Ground & Raw Turmeric","https://www.google.com/search?q=Farm-Fresh%20Premium%20Organic%20Turmeric%20Powder%20(A-Grade)%20food&tbm=isch","=HYPERLINK(""https://www.google.com/search?q=Farm-Fresh%20Premium%20Organic%20Turmeric%20Powder%20(A-Grade)%20food&tbm=isch"", ""View Image"")"
"organic_turmeric_powder_var_1910","Wild-Harvested Organic Turmeric Powder (Pure)","spices","CURATED_KEYWORD_MATCH","NO - Curated","99%","https://images.unsplash.com/photo-1615485500704-8e505ecbe124?auto=format&fit=crop&w=800&q=80","Unsplash / Pure Ground & Raw Turmeric","https://www.google.com/search?q=Wild-Harvested%20Organic%20Turmeric%20Powder%20(Pure)%20food&tbm=isch","=HYPERLINK(""https://www.google.com/search?q=Wild-Harvested%20Organic%20Turmeric%20Powder%20(Pure)%20food&tbm=isch"", ""View Image"")"
"ceylon_cinnamon","Ceylon Cinnamon","spices","CURATED_KEYWORD_MATCH","NO - Curated","99%","https://images.unsplash.com/photo-1614326005381-344425877e0a?auto=format&fit=crop&w=800&q=80","Unsplash / Organic Ceylon Cinnamon Sticks","https://www.google.com/search?q=Ceylon%20Cinnamon%20food&tbm=isch","=HYPERLINK(""https://www.google.com/search?q=Ceylon%20Cinnamon%20food&tbm=isch"", ""View Image"")"
"ceylon_cinnamon_var_1911","Fresh Organic Ceylon Cinnamon","spices","CURATED_KEYWORD_MATCH","NO - Curated","99%","https://images.unsplash.com/photo-1614326005381-344425877e0a?auto=format&fit=crop&w=800&q=80","Unsplash / Organic Ceylon Cinnamon Sticks","https://www.google.com/search?q=Fresh%20Organic%20Ceylon%20Cinnamon%20food&tbm=isch","=HYPERLINK(""https://www.google.com/search?q=Fresh%20Organic%20Ceylon%20Cinnamon%20food&tbm=isch"", ""View Image"")"
"ceylon_cinnamon_var_1912","Sun-Dried Ceylon Cinnamon (Dried)","spices","CURATED_KEYWORD_MATCH","NO - Curated","99%","https://images.unsplash.com/photo-1614326005381-344425877e0a?auto=format&fit=crop&w=800&q=80","Unsplash / Organic Ceylon Cinnamon Sticks","https://www.google.com/search?q=Sun-Dried%20Ceylon%20Cinnamon%20(Dried)%20food&tbm=isch","=HYPERLINK(""https://www.google.com/search?q=Sun-Dried%20Ceylon%20Cinnamon%20(Dried)%20food&tbm=isch"", ""View Image"")"
"ceylon_cinnamon_var_1913","Himalayan Grade Ceylon Cinnamon (Special)","spices","CURATED_KEYWORD_MATCH","NO - Curated","99%","https://images.unsplash.com/photo-1614326005381-344425877e0a?auto=format&fit=crop&w=800&q=80","Unsplash / Organic Ceylon Cinnamon Sticks","https://www.google.com/search?q=Himalayan%20Grade%20Ceylon%20Cinnamon%20(Special)%20food&tbm=isch","=HYPERLINK(""https://www.google.com/search?q=Himalayan%20Grade%20Ceylon%20Cinnamon%20(Special)%20food&tbm=isch"", ""View Image"")"
"ceylon_cinnamon_var_1914","South Indian Ceylon Cinnamon (Traditional)","spices","CURATED_KEYWORD_MATCH","NO - Curated","99%","https://images.unsplash.com/photo-1614326005381-344425877e0a?auto=format&fit=crop&w=800&q=80","Unsplash / Organic Ceylon Cinnamon Sticks","https://www.google.com/search?q=South%20Indian%20Ceylon%20Cinnamon%20(Traditional)%20food&tbm=isch","=HYPERLINK(""https://www.google.com/search?q=South%20Indian%20Ceylon%20Cinnamon%20(Traditional)%20food&tbm=isch"", ""View Image"")"
"ceylon_cinnamon_var_1915","North Indian Style Ceylon Cinnamon (Spiced)","spices","CURATED_KEYWORD_MATCH","NO - Curated","99%","https://images.unsplash.com/photo-1614326005381-344425877e0a?auto=format&fit=crop&w=800&q=80","Unsplash / Organic Ceylon Cinnamon Sticks","https://www.google.com/search?q=North%20Indian%20Style%20Ceylon%20Cinnamon%20(Spiced)%20food&tbm=isch","=HYPERLINK(""https://www.google.com/search?q=North%20Indian%20Style%20Ceylon%20Cinnamon%20(Spiced)%20food&tbm=isch"", ""View Image"")"
"ceylon_cinnamon_var_1916","Mediterranean Classic Ceylon Cinnamon (Imported)","spices","CURATED_KEYWORD_MATCH","NO - Curated","99%","https://images.unsplash.com/photo-1614326005381-344425877e0a?auto=format&fit=crop&w=800&q=80","Unsplash / Organic Ceylon Cinnamon Sticks","https://www.google.com/search?q=Mediterranean%20Classic%20Ceylon%20Cinnamon%20(Imported)%20food&tbm=isch","=HYPERLINK(""https://www.google.com/search?q=Mediterranean%20Classic%20Ceylon%20Cinnamon%20(Imported)%20food&tbm=isch"", ""View Image"")"
"ceylon_cinnamon_var_1917","Asian Specialty Ceylon Cinnamon (Select)","spices","CURATED_KEYWORD_MATCH","NO - Curated","99%","https://images.unsplash.com/photo-1614326005381-344425877e0a?auto=format&fit=crop&w=800&q=80","Unsplash / Organic Ceylon Cinnamon Sticks","https://www.google.com/search?q=Asian%20Specialty%20Ceylon%20Cinnamon%20(Select)%20food&tbm=isch","=HYPERLINK(""https://www.google.com/search?q=Asian%20Specialty%20Ceylon%20Cinnamon%20(Select)%20food&tbm=isch"", ""View Image"")"
"ceylon_cinnamon_var_1918","European Heirloom Ceylon Cinnamon (Artisanal)","spices","CURATED_KEYWORD_MATCH","NO - Curated","99%","https://images.unsplash.com/photo-1614326005381-344425877e0a?auto=format&fit=crop&w=800&q=80","Unsplash / Organic Ceylon Cinnamon Sticks","https://www.google.com/search?q=European%20Heirloom%20Ceylon%20Cinnamon%20(Artisanal)%20food&tbm=isch","=HYPERLINK(""https://www.google.com/search?q=European%20Heirloom%20Ceylon%20Cinnamon%20(Artisanal)%20food&tbm=isch"", ""View Image"")"
"ceylon_cinnamon_var_1919","Farm-Fresh Premium Ceylon Cinnamon (A-Grade)","spices","CURATED_KEYWORD_MATCH","NO - Curated","99%","https://images.unsplash.com/photo-1614326005381-344425877e0a?auto=format&fit=crop&w=800&q=80","Unsplash / Organic Ceylon Cinnamon Sticks","https://www.google.com/search?q=Farm-Fresh%20Premium%20Ceylon%20Cinnamon%20(A-Grade)%20food&tbm=isch","=HYPERLINK(""https://www.google.com/search?q=Farm-Fresh%20Premium%20Ceylon%20Cinnamon%20(A-Grade)%20food&tbm=isch"", ""View Image"")"
"ceylon_cinnamon_var_1920","Wild-Harvested Ceylon Cinnamon (Pure)","spices","CURATED_KEYWORD_MATCH","NO - Curated","99%","https://images.unsplash.com/photo-1614326005381-344425877e0a?auto=format&fit=crop&w=800&q=80","Unsplash / Organic Ceylon Cinnamon Sticks","https://www.google.com/search?q=Wild-Harvested%20Ceylon%20Cinnamon%20(Pure)%20food&tbm=isch","=HYPERLINK(""https://www.google.com/search?q=Wild-Harvested%20Ceylon%20Cinnamon%20(Pure)%20food&tbm=isch"", ""View Image"")"
"green_cardamom","Green Cardamom","spices","CURATED_KEYWORD_MATCH","NO - Curated","99%","https://images.unsplash.com/photo-1599940824399-b87987ceb72a?auto=format&fit=crop&w=800&q=80","Unsplash / Whole Green Cardamom Pods","https://www.google.com/search?q=Green%20Cardamom%20food&tbm=isch","=HYPERLINK(""https://www.google.com/search?q=Green%20Cardamom%20food&tbm=isch"", ""View Image"")"
"green_cardamom_var_1921","Fresh Organic Green Cardamom","spices","CURATED_KEYWORD_MATCH","NO - Curated","99%","https://images.unsplash.com/photo-1599940824399-b87987ceb72a?auto=format&fit=crop&w=800&q=80","Unsplash / Whole Green Cardamom Pods","https://www.google.com/search?q=Fresh%20Organic%20Green%20Cardamom%20food&tbm=isch","=HYPERLINK(""https://www.google.com/search?q=Fresh%20Organic%20Green%20Cardamom%20food&tbm=isch"", ""View Image"")"
"green_cardamom_var_1922","Sun-Dried Green Cardamom (Dried)","spices","CURATED_KEYWORD_MATCH","NO - Curated","99%","https://images.unsplash.com/photo-1599940824399-b87987ceb72a?auto=format&fit=crop&w=800&q=80","Unsplash / Whole Green Cardamom Pods","https://www.google.com/search?q=Sun-Dried%20Green%20Cardamom%20(Dried)%20food&tbm=isch","=HYPERLINK(""https://www.google.com/search?q=Sun-Dried%20Green%20Cardamom%20(Dried)%20food&tbm=isch"", ""View Image"")"
"green_cardamom_var_1923","Himalayan Grade Green Cardamom (Special)","spices","CURATED_KEYWORD_MATCH","NO - Curated","99%","https://images.unsplash.com/photo-1599940824399-b87987ceb72a?auto=format&fit=crop&w=800&q=80","Unsplash / Whole Green Cardamom Pods","https://www.google.com/search?q=Himalayan%20Grade%20Green%20Cardamom%20(Special)%20food&tbm=isch","=HYPERLINK(""https://www.google.com/search?q=Himalayan%20Grade%20Green%20Cardamom%20(Special)%20food&tbm=isch"", ""View Image"")"
"green_cardamom_var_1924","South Indian Green Cardamom (Traditional)","spices","CURATED_KEYWORD_MATCH","NO - Curated","99%","https://images.unsplash.com/photo-1599940824399-b87987ceb72a?auto=format&fit=crop&w=800&q=80","Unsplash / Whole Green Cardamom Pods","https://www.google.com/search?q=South%20Indian%20Green%20Cardamom%20(Traditional)%20food&tbm=isch","=HYPERLINK(""https://www.google.com/search?q=South%20Indian%20Green%20Cardamom%20(Traditional)%20food&tbm=isch"", ""View Image"")"
"green_cardamom_var_1925","North Indian Style Green Cardamom (Spiced)","spices","CURATED_KEYWORD_MATCH","NO - Curated","99%","https://images.unsplash.com/photo-1599940824399-b87987ceb72a?auto=format&fit=crop&w=800&q=80","Unsplash / Whole Green Cardamom Pods","https://www.google.com/search?q=North%20Indian%20Style%20Green%20Cardamom%20(Spiced)%20food&tbm=isch","=HYPERLINK(""https://www.google.com/search?q=North%20Indian%20Style%20Green%20Cardamom%20(Spiced)%20food&tbm=isch"", ""View Image"")"
"green_cardamom_var_1926","Mediterranean Classic Green Cardamom (Imported)","spices","CURATED_KEYWORD_MATCH","NO - Curated","99%","https://images.unsplash.com/photo-1599940824399-b87987ceb72a?auto=format&fit=crop&w=800&q=80","Unsplash / Whole Green Cardamom Pods","https://www.google.com/search?q=Mediterranean%20Classic%20Green%20Cardamom%20(Imported)%20food&tbm=isch","=HYPERLINK(""https://www.google.com/search?q=Mediterranean%20Classic%20Green%20Cardamom%20(Imported)%20food&tbm=isch"", ""View Image"")"
"green_cardamom_var_1927","Asian Specialty Green Cardamom (Select)","spices","CURATED_KEYWORD_MATCH","NO - Curated","99%","https://images.unsplash.com/photo-1599940824399-b87987ceb72a?auto=format&fit=crop&w=800&q=80","Unsplash / Whole Green Cardamom Pods","https://www.google.com/search?q=Asian%20Specialty%20Green%20Cardamom%20(Select)%20food&tbm=isch","=HYPERLINK(""https://www.google.com/search?q=Asian%20Specialty%20Green%20Cardamom%20(Select)%20food&tbm=isch"", ""View Image"")"
"green_cardamom_var_1928","European Heirloom Green Cardamom (Artisanal)","spices","CURATED_KEYWORD_MATCH","NO - Curated","99%","https://images.unsplash.com/photo-1599940824399-b87987ceb72a?auto=format&fit=crop&w=800&q=80","Unsplash / Whole Green Cardamom Pods","https://www.google.com/search?q=European%20Heirloom%20Green%20Cardamom%20(Artisanal)%20food&tbm=isch","=HYPERLINK(""https://www.google.com/search?q=European%20Heirloom%20Green%20Cardamom%20(Artisanal)%20food&tbm=isch"", ""View Image"")"
"green_cardamom_var_1929","Farm-Fresh Premium Green Cardamom (A-Grade)","spices","CURATED_KEYWORD_MATCH","NO - Curated","99%","https://images.unsplash.com/photo-1599940824399-b87987ceb72a?auto=format&fit=crop&w=800&q=80","Unsplash / Whole Green Cardamom Pods","https://www.google.com/search?q=Farm-Fresh%20Premium%20Green%20Cardamom%20(A-Grade)%20food&tbm=isch","=HYPERLINK(""https://www.google.com/search?q=Farm-Fresh%20Premium%20Green%20Cardamom%20(A-Grade)%20food&tbm=isch"", ""View Image"")"
"green_cardamom_var_1930","Wild-Harvested Green Cardamom (Pure)","spices","CURATED_KEYWORD_MATCH","NO - Curated","99%","https://images.unsplash.com/photo-1599940824399-b87987ceb72a?auto=format&fit=crop&w=800&q=80","Unsplash / Whole Green Cardamom Pods","https://www.google.com/search?q=Wild-Harvested%20Green%20Cardamom%20(Pure)%20food&tbm=isch","=HYPERLINK(""https://www.google.com/search?q=Wild-Harvested%20Green%20Cardamom%20(Pure)%20food&tbm=isch"", ""View Image"")"
"black_pepper_corns","Black Pepper Corns","spices","CURATED_KEYWORD_MATCH","NO - Curated","99%","https://images.unsplash.com/photo-1563565375-f3fdfdbefa83?auto=format&fit=crop&w=800&q=80","Unsplash / Colorful Crisp Red Bell Peppers","https://www.google.com/search?q=Black%20Pepper%20Corns%20food&tbm=isch","=HYPERLINK(""https://www.google.com/search?q=Black%20Pepper%20Corns%20food&tbm=isch"", ""View Image"")"
"black_pepper_corns_var_1931","Fresh Organic Black Pepper Corns","spices","CURATED_KEYWORD_MATCH","NO - Curated","99%","https://images.unsplash.com/photo-1563565375-f3fdfdbefa83?auto=format&fit=crop&w=800&q=80","Unsplash / Colorful Crisp Red Bell Peppers","https://www.google.com/search?q=Fresh%20Organic%20Black%20Pepper%20Corns%20food&tbm=isch","=HYPERLINK(""https://www.google.com/search?q=Fresh%20Organic%20Black%20Pepper%20Corns%20food&tbm=isch"", ""View Image"")"
"black_pepper_corns_var_1932","Sun-Dried Black Pepper Corns (Dried)","spices","CURATED_KEYWORD_MATCH","NO - Curated","99%","https://images.unsplash.com/photo-1563565375-f3fdfdbefa83?auto=format&fit=crop&w=800&q=80","Unsplash / Colorful Crisp Red Bell Peppers","https://www.google.com/search?q=Sun-Dried%20Black%20Pepper%20Corns%20(Dried)%20food&tbm=isch","=HYPERLINK(""https://www.google.com/search?q=Sun-Dried%20Black%20Pepper%20Corns%20(Dried)%20food&tbm=isch"", ""View Image"")"
"black_pepper_corns_var_1933","Himalayan Grade Black Pepper Corns (Special)","spices","CURATED_KEYWORD_MATCH","NO - Curated","99%","https://images.unsplash.com/photo-1563565375-f3fdfdbefa83?auto=format&fit=crop&w=800&q=80","Unsplash / Colorful Crisp Red Bell Peppers","https://www.google.com/search?q=Himalayan%20Grade%20Black%20Pepper%20Corns%20(Special)%20food&tbm=isch","=HYPERLINK(""https://www.google.com/search?q=Himalayan%20Grade%20Black%20Pepper%20Corns%20(Special)%20food&tbm=isch"", ""View Image"")"
"black_pepper_corns_var_1934","South Indian Black Pepper Corns (Traditional)","spices","CURATED_KEYWORD_MATCH","NO - Curated","99%","https://images.unsplash.com/photo-1563565375-f3fdfdbefa83?auto=format&fit=crop&w=800&q=80","Unsplash / Colorful Crisp Red Bell Peppers","https://www.google.com/search?q=South%20Indian%20Black%20Pepper%20Corns%20(Traditional)%20food&tbm=isch","=HYPERLINK(""https://www.google.com/search?q=South%20Indian%20Black%20Pepper%20Corns%20(Traditional)%20food&tbm=isch"", ""View Image"")"
"black_pepper_corns_var_1935","North Indian Style Black Pepper Corns (Spiced)","spices","CURATED_KEYWORD_MATCH","NO - Curated","99%","https://images.unsplash.com/photo-1563565375-f3fdfdbefa83?auto=format&fit=crop&w=800&q=80","Unsplash / Colorful Crisp Red Bell Peppers","https://www.google.com/search?q=North%20Indian%20Style%20Black%20Pepper%20Corns%20(Spiced)%20food&tbm=isch","=HYPERLINK(""https://www.google.com/search?q=North%20Indian%20Style%20Black%20Pepper%20Corns%20(Spiced)%20food&tbm=isch"", ""View Image"")"
"black_pepper_corns_var_1936","Mediterranean Classic Black Pepper Corns (Imported)","spices","CURATED_KEYWORD_MATCH","NO - Curated","99%","https://images.unsplash.com/photo-1563565375-f3fdfdbefa83?auto=format&fit=crop&w=800&q=80","Unsplash / Colorful Crisp Red Bell Peppers","https://www.google.com/search?q=Mediterranean%20Classic%20Black%20Pepper%20Corns%20(Imported)%20food&tbm=isch","=HYPERLINK(""https://www.google.com/search?q=Mediterranean%20Classic%20Black%20Pepper%20Corns%20(Imported)%20food&tbm=isch"", ""View Image"")"
"black_pepper_corns_var_1937","Asian Specialty Black Pepper Corns (Select)","spices","CURATED_KEYWORD_MATCH","NO - Curated","99%","https://images.unsplash.com/photo-1563565375-f3fdfdbefa83?auto=format&fit=crop&w=800&q=80","Unsplash / Colorful Crisp Red Bell Peppers","https://www.google.com/search?q=Asian%20Specialty%20Black%20Pepper%20Corns%20(Select)%20food&tbm=isch","=HYPERLINK(""https://www.google.com/search?q=Asian%20Specialty%20Black%20Pepper%20Corns%20(Select)%20food&tbm=isch"", ""View Image"")"
"black_pepper_corns_var_1938","European Heirloom Black Pepper Corns (Artisanal)","spices","CURATED_KEYWORD_MATCH","NO - Curated","99%","https://images.unsplash.com/photo-1563565375-f3fdfdbefa83?auto=format&fit=crop&w=800&q=80","Unsplash / Colorful Crisp Red Bell Peppers","https://www.google.com/search?q=European%20Heirloom%20Black%20Pepper%20Corns%20(Artisanal)%20food&tbm=isch","=HYPERLINK(""https://www.google.com/search?q=European%20Heirloom%20Black%20Pepper%20Corns%20(Artisanal)%20food&tbm=isch"", ""View Image"")"
"black_pepper_corns_var_1939","Farm-Fresh Premium Black Pepper Corns (A-Grade)","spices","CURATED_KEYWORD_MATCH","NO - Curated","99%","https://images.unsplash.com/photo-1563565375-f3fdfdbefa83?auto=format&fit=crop&w=800&q=80","Unsplash / Colorful Crisp Red Bell Peppers","https://www.google.com/search?q=Farm-Fresh%20Premium%20Black%20Pepper%20Corns%20(A-Grade)%20food&tbm=isch","=HYPERLINK(""https://www.google.com/search?q=Farm-Fresh%20Premium%20Black%20Pepper%20Corns%20(A-Grade)%20food&tbm=isch"", ""View Image"")"
"black_pepper_corns_var_1940","Wild-Harvested Black Pepper Corns (Pure)","spices","CURATED_KEYWORD_MATCH","NO - Curated","99%","https://images.unsplash.com/photo-1563565375-f3fdfdbefa83?auto=format&fit=crop&w=800&q=80","Unsplash / Colorful Crisp Red Bell Peppers","https://www.google.com/search?q=Wild-Harvested%20Black%20Pepper%20Corns%20(Pure)%20food&tbm=isch","=HYPERLINK(""https://www.google.com/search?q=Wild-Harvested%20Black%20Pepper%20Corns%20(Pure)%20food&tbm=isch"", ""View Image"")"
"cumin_seeds__jeera_","Cumin Seeds (Jeera)","spices","CURATED_KEYWORD_MATCH","NO - Curated","99%","https://images.unsplash.com/photo-1532336414038-cf19250c5757?auto=format&fit=crop&w=800&q=80","Unsplash / Whole Aromatic Indian & Global Spices","https://www.google.com/search?q=Cumin%20Seeds%20(Jeera)%20food&tbm=isch","=HYPERLINK(""https://www.google.com/search?q=Cumin%20Seeds%20(Jeera)%20food&tbm=isch"", ""View Image"")"
"cumin_seeds__jeera__var_1941","Fresh Organic Cumin Seeds (Jeera)","spices","CURATED_KEYWORD_MATCH","NO - Curated","99%","https://images.unsplash.com/photo-1532336414038-cf19250c5757?auto=format&fit=crop&w=800&q=80","Unsplash / Whole Aromatic Indian & Global Spices","https://www.google.com/search?q=Fresh%20Organic%20Cumin%20Seeds%20(Jeera)%20food&tbm=isch","=HYPERLINK(""https://www.google.com/search?q=Fresh%20Organic%20Cumin%20Seeds%20(Jeera)%20food&tbm=isch"", ""View Image"")"
"cumin_seeds__jeera__var_1942","Sun-Dried Cumin Seeds (Jeera) (Dried)","spices","CURATED_KEYWORD_MATCH","NO - Curated","99%","https://images.unsplash.com/photo-1532336414038-cf19250c5757?auto=format&fit=crop&w=800&q=80","Unsplash / Whole Aromatic Indian & Global Spices","https://www.google.com/search?q=Sun-Dried%20Cumin%20Seeds%20(Jeera)%20(Dried)%20food&tbm=isch","=HYPERLINK(""https://www.google.com/search?q=Sun-Dried%20Cumin%20Seeds%20(Jeera)%20(Dried)%20food&tbm=isch"", ""View Image"")"
"cumin_seeds__jeera__var_1943","Himalayan Grade Cumin Seeds (Jeera) (Special)","spices","CURATED_KEYWORD_MATCH","NO - Curated","99%","https://images.unsplash.com/photo-1532336414038-cf19250c5757?auto=format&fit=crop&w=800&q=80","Unsplash / Whole Aromatic Indian & Global Spices","https://www.google.com/search?q=Himalayan%20Grade%20Cumin%20Seeds%20(Jeera)%20(Special)%20food&tbm=isch","=HYPERLINK(""https://www.google.com/search?q=Himalayan%20Grade%20Cumin%20Seeds%20(Jeera)%20(Special)%20food&tbm=isch"", ""View Image"")"
"cumin_seeds__jeera__var_1944","South Indian Cumin Seeds (Jeera) (Traditional)","spices","CURATED_KEYWORD_MATCH","NO - Curated","99%","https://images.unsplash.com/photo-1532336414038-cf19250c5757?auto=format&fit=crop&w=800&q=80","Unsplash / Whole Aromatic Indian & Global Spices","https://www.google.com/search?q=South%20Indian%20Cumin%20Seeds%20(Jeera)%20(Traditional)%20food&tbm=isch","=HYPERLINK(""https://www.google.com/search?q=South%20Indian%20Cumin%20Seeds%20(Jeera)%20(Traditional)%20food&tbm=isch"", ""View Image"")"
"cumin_seeds__jeera__var_1945","North Indian Style Cumin Seeds (Jeera) (Spiced)","spices","CURATED_KEYWORD_MATCH","NO - Curated","99%","https://images.unsplash.com/photo-1532336414038-cf19250c5757?auto=format&fit=crop&w=800&q=80","Unsplash / Whole Aromatic Indian & Global Spices","https://www.google.com/search?q=North%20Indian%20Style%20Cumin%20Seeds%20(Jeera)%20(Spiced)%20food&tbm=isch","=HYPERLINK(""https://www.google.com/search?q=North%20Indian%20Style%20Cumin%20Seeds%20(Jeera)%20(Spiced)%20food&tbm=isch"", ""View Image"")"
"cumin_seeds__jeera__var_1946","Mediterranean Classic Cumin Seeds (Jeera) (Imported)","spices","CURATED_KEYWORD_MATCH","NO - Curated","99%","https://images.unsplash.com/photo-1532336414038-cf19250c5757?auto=format&fit=crop&w=800&q=80","Unsplash / Whole Aromatic Indian & Global Spices","https://www.google.com/search?q=Mediterranean%20Classic%20Cumin%20Seeds%20(Jeera)%20(Imported)%20food&tbm=isch","=HYPERLINK(""https://www.google.com/search?q=Mediterranean%20Classic%20Cumin%20Seeds%20(Jeera)%20(Imported)%20food&tbm=isch"", ""View Image"")"
"cumin_seeds__jeera__var_1947","Asian Specialty Cumin Seeds (Jeera) (Select)","spices","CURATED_KEYWORD_MATCH","NO - Curated","99%","https://images.unsplash.com/photo-1532336414038-cf19250c5757?auto=format&fit=crop&w=800&q=80","Unsplash / Whole Aromatic Indian & Global Spices","https://www.google.com/search?q=Asian%20Specialty%20Cumin%20Seeds%20(Jeera)%20(Select)%20food&tbm=isch","=HYPERLINK(""https://www.google.com/search?q=Asian%20Specialty%20Cumin%20Seeds%20(Jeera)%20(Select)%20food&tbm=isch"", ""View Image"")"
"cumin_seeds__jeera__var_1948","European Heirloom Cumin Seeds (Jeera) (Artisanal)","spices","CURATED_KEYWORD_MATCH","NO - Curated","99%","https://images.unsplash.com/photo-1532336414038-cf19250c5757?auto=format&fit=crop&w=800&q=80","Unsplash / Whole Aromatic Indian & Global Spices","https://www.google.com/search?q=European%20Heirloom%20Cumin%20Seeds%20(Jeera)%20(Artisanal)%20food&tbm=isch","=HYPERLINK(""https://www.google.com/search?q=European%20Heirloom%20Cumin%20Seeds%20(Jeera)%20(Artisanal)%20food&tbm=isch"", ""View Image"")"
"cumin_seeds__jeera__var_1949","Farm-Fresh Premium Cumin Seeds (Jeera) (A-Grade)","spices","CURATED_KEYWORD_MATCH","NO - Curated","99%","https://images.unsplash.com/photo-1532336414038-cf19250c5757?auto=format&fit=crop&w=800&q=80","Unsplash / Whole Aromatic Indian & Global Spices","https://www.google.com/search?q=Farm-Fresh%20Premium%20Cumin%20Seeds%20(Jeera)%20(A-Grade)%20food&tbm=isch","=HYPERLINK(""https://www.google.com/search?q=Farm-Fresh%20Premium%20Cumin%20Seeds%20(Jeera)%20(A-Grade)%20food&tbm=isch"", ""View Image"")"
"cumin_seeds__jeera__var_1950","Wild-Harvested Cumin Seeds (Jeera) (Pure)","spices","CURATED_KEYWORD_MATCH","NO - Curated","99%","https://images.unsplash.com/photo-1532336414038-cf19250c5757?auto=format&fit=crop&w=800&q=80","Unsplash / Whole Aromatic Indian & Global Spices","https://www.google.com/search?q=Wild-Harvested%20Cumin%20Seeds%20(Jeera)%20(Pure)%20food&tbm=isch","=HYPERLINK(""https://www.google.com/search?q=Wild-Harvested%20Cumin%20Seeds%20(Jeera)%20(Pure)%20food&tbm=isch"", ""View Image"")"
"coriander_powder__dhania_","Coriander Powder (Dhania)","spices","CURATED_KEYWORD_MATCH","NO - Curated","99%","https://images.unsplash.com/photo-1532336414038-cf19250c5757?auto=format&fit=crop&w=800&q=80","Unsplash / Whole Aromatic Indian & Global Spices","https://www.google.com/search?q=Coriander%20Powder%20(Dhania)%20food&tbm=isch","=HYPERLINK(""https://www.google.com/search?q=Coriander%20Powder%20(Dhania)%20food&tbm=isch"", ""View Image"")"
"coriander_powder__dhania__var_1951","Fresh Organic Coriander Powder (Dhania)","spices","CURATED_KEYWORD_MATCH","NO - Curated","99%","https://images.unsplash.com/photo-1532336414038-cf19250c5757?auto=format&fit=crop&w=800&q=80","Unsplash / Whole Aromatic Indian & Global Spices","https://www.google.com/search?q=Fresh%20Organic%20Coriander%20Powder%20(Dhania)%20food&tbm=isch","=HYPERLINK(""https://www.google.com/search?q=Fresh%20Organic%20Coriander%20Powder%20(Dhania)%20food&tbm=isch"", ""View Image"")"
"coriander_powder__dhania__var_1952","Sun-Dried Coriander Powder (Dhania) (Dried)","spices","CURATED_KEYWORD_MATCH","NO - Curated","99%","https://images.unsplash.com/photo-1532336414038-cf19250c5757?auto=format&fit=crop&w=800&q=80","Unsplash / Whole Aromatic Indian & Global Spices","https://www.google.com/search?q=Sun-Dried%20Coriander%20Powder%20(Dhania)%20(Dried)%20food&tbm=isch","=HYPERLINK(""https://www.google.com/search?q=Sun-Dried%20Coriander%20Powder%20(Dhania)%20(Dried)%20food&tbm=isch"", ""View Image"")"
"coriander_powder__dhania__var_1953","Himalayan Grade Coriander Powder (Dhania) (Special)","spices","CURATED_KEYWORD_MATCH","NO - Curated","99%","https://images.unsplash.com/photo-1532336414038-cf19250c5757?auto=format&fit=crop&w=800&q=80","Unsplash / Whole Aromatic Indian & Global Spices","https://www.google.com/search?q=Himalayan%20Grade%20Coriander%20Powder%20(Dhania)%20(Special)%20food&tbm=isch","=HYPERLINK(""https://www.google.com/search?q=Himalayan%20Grade%20Coriander%20Powder%20(Dhania)%20(Special)%20food&tbm=isch"", ""View Image"")"
"coriander_powder__dhania__var_1954","South Indian Coriander Powder (Dhania) (Traditional)","spices","CURATED_KEYWORD_MATCH","NO - Curated","99%","https://images.unsplash.com/photo-1532336414038-cf19250c5757?auto=format&fit=crop&w=800&q=80","Unsplash / Whole Aromatic Indian & Global Spices","https://www.google.com/search?q=South%20Indian%20Coriander%20Powder%20(Dhania)%20(Traditional)%20food&tbm=isch","=HYPERLINK(""https://www.google.com/search?q=South%20Indian%20Coriander%20Powder%20(Dhania)%20(Traditional)%20food&tbm=isch"", ""View Image"")"
"coriander_powder__dhania__var_1955","North Indian Style Coriander Powder (Dhania) (Spiced)","spices","CURATED_KEYWORD_MATCH","NO - Curated","99%","https://images.unsplash.com/photo-1532336414038-cf19250c5757?auto=format&fit=crop&w=800&q=80","Unsplash / Whole Aromatic Indian & Global Spices","https://www.google.com/search?q=North%20Indian%20Style%20Coriander%20Powder%20(Dhania)%20(Spiced)%20food&tbm=isch","=HYPERLINK(""https://www.google.com/search?q=North%20Indian%20Style%20Coriander%20Powder%20(Dhania)%20(Spiced)%20food&tbm=isch"", ""View Image"")"
"coriander_powder__dhania__var_1956","Mediterranean Classic Coriander Powder (Dhania) (Imported)","spices","CURATED_KEYWORD_MATCH","NO - Curated","99%","https://images.unsplash.com/photo-1532336414038-cf19250c5757?auto=format&fit=crop&w=800&q=80","Unsplash / Whole Aromatic Indian & Global Spices","https://www.google.com/search?q=Mediterranean%20Classic%20Coriander%20Powder%20(Dhania)%20(Imported)%20food&tbm=isch","=HYPERLINK(""https://www.google.com/search?q=Mediterranean%20Classic%20Coriander%20Powder%20(Dhania)%20(Imported)%20food&tbm=isch"", ""View Image"")"
"coriander_powder__dhania__var_1957","Asian Specialty Coriander Powder (Dhania) (Select)","spices","CURATED_KEYWORD_MATCH","NO - Curated","99%","https://images.unsplash.com/photo-1532336414038-cf19250c5757?auto=format&fit=crop&w=800&q=80","Unsplash / Whole Aromatic Indian & Global Spices","https://www.google.com/search?q=Asian%20Specialty%20Coriander%20Powder%20(Dhania)%20(Select)%20food&tbm=isch","=HYPERLINK(""https://www.google.com/search?q=Asian%20Specialty%20Coriander%20Powder%20(Dhania)%20(Select)%20food&tbm=isch"", ""View Image"")"
"coriander_powder__dhania__var_1958","European Heirloom Coriander Powder (Dhania) (Artisanal)","spices","CURATED_KEYWORD_MATCH","NO - Curated","99%","https://images.unsplash.com/photo-1532336414038-cf19250c5757?auto=format&fit=crop&w=800&q=80","Unsplash / Whole Aromatic Indian & Global Spices","https://www.google.com/search?q=European%20Heirloom%20Coriander%20Powder%20(Dhania)%20(Artisanal)%20food&tbm=isch","=HYPERLINK(""https://www.google.com/search?q=European%20Heirloom%20Coriander%20Powder%20(Dhania)%20(Artisanal)%20food&tbm=isch"", ""View Image"")"
"coriander_powder__dhania__var_1959","Farm-Fresh Premium Coriander Powder (Dhania) (A-Grade)","spices","CURATED_KEYWORD_MATCH","NO - Curated","99%","https://images.unsplash.com/photo-1532336414038-cf19250c5757?auto=format&fit=crop&w=800&q=80","Unsplash / Whole Aromatic Indian & Global Spices","https://www.google.com/search?q=Farm-Fresh%20Premium%20Coriander%20Powder%20(Dhania)%20(A-Grade)%20food&tbm=isch","=HYPERLINK(""https://www.google.com/search?q=Farm-Fresh%20Premium%20Coriander%20Powder%20(Dhania)%20(A-Grade)%20food&tbm=isch"", ""View Image"")"
"coriander_powder__dhania__var_1960","Wild-Harvested Coriander Powder (Dhania) (Pure)","spices","CURATED_KEYWORD_MATCH","NO - Curated","99%","https://images.unsplash.com/photo-1532336414038-cf19250c5757?auto=format&fit=crop&w=800&q=80","Unsplash / Whole Aromatic Indian & Global Spices","https://www.google.com/search?q=Wild-Harvested%20Coriander%20Powder%20(Dhania)%20(Pure)%20food&tbm=isch","=HYPERLINK(""https://www.google.com/search?q=Wild-Harvested%20Coriander%20Powder%20(Dhania)%20(Pure)%20food&tbm=isch"", ""View Image"")"
"kashmiri_red_chilli","Kashmiri Red Chilli","spices","CURATED_KEYWORD_MATCH","NO - Curated","99%","https://images.unsplash.com/photo-1596040033229-a9821ebd058d?auto=format&fit=crop&w=800&q=80","Unsplash / Vibrant Whole Dried Kashmiri Red Chillies","https://www.google.com/search?q=Kashmiri%20Red%20Chilli%20food&tbm=isch","=HYPERLINK(""https://www.google.com/search?q=Kashmiri%20Red%20Chilli%20food&tbm=isch"", ""View Image"")"
"kashmiri_red_chilli_var_1961","Fresh Organic Kashmiri Red Chilli","spices","CURATED_KEYWORD_MATCH","NO - Curated","99%","https://images.unsplash.com/photo-1596040033229-a9821ebd058d?auto=format&fit=crop&w=800&q=80","Unsplash / Vibrant Whole Dried Kashmiri Red Chillies","https://www.google.com/search?q=Fresh%20Organic%20Kashmiri%20Red%20Chilli%20food&tbm=isch","=HYPERLINK(""https://www.google.com/search?q=Fresh%20Organic%20Kashmiri%20Red%20Chilli%20food&tbm=isch"", ""View Image"")"
"kashmiri_red_chilli_var_1962","Sun-Dried Kashmiri Red Chilli (Dried)","spices","CURATED_KEYWORD_MATCH","NO - Curated","99%","https://images.unsplash.com/photo-1596040033229-a9821ebd058d?auto=format&fit=crop&w=800&q=80","Unsplash / Vibrant Whole Dried Kashmiri Red Chillies","https://www.google.com/search?q=Sun-Dried%20Kashmiri%20Red%20Chilli%20(Dried)%20food&tbm=isch","=HYPERLINK(""https://www.google.com/search?q=Sun-Dried%20Kashmiri%20Red%20Chilli%20(Dried)%20food&tbm=isch"", ""View Image"")"
"kashmiri_red_chilli_var_1963","Himalayan Grade Kashmiri Red Chilli (Special)","spices","CURATED_KEYWORD_MATCH","NO - Curated","99%","https://images.unsplash.com/photo-1596040033229-a9821ebd058d?auto=format&fit=crop&w=800&q=80","Unsplash / Vibrant Whole Dried Kashmiri Red Chillies","https://www.google.com/search?q=Himalayan%20Grade%20Kashmiri%20Red%20Chilli%20(Special)%20food&tbm=isch","=HYPERLINK(""https://www.google.com/search?q=Himalayan%20Grade%20Kashmiri%20Red%20Chilli%20(Special)%20food&tbm=isch"", ""View Image"")"
"kashmiri_red_chilli_var_1964","South Indian Kashmiri Red Chilli (Traditional)","spices","CURATED_KEYWORD_MATCH","NO - Curated","99%","https://images.unsplash.com/photo-1596040033229-a9821ebd058d?auto=format&fit=crop&w=800&q=80","Unsplash / Vibrant Whole Dried Kashmiri Red Chillies","https://www.google.com/search?q=South%20Indian%20Kashmiri%20Red%20Chilli%20(Traditional)%20food&tbm=isch","=HYPERLINK(""https://www.google.com/search?q=South%20Indian%20Kashmiri%20Red%20Chilli%20(Traditional)%20food&tbm=isch"", ""View Image"")"
"kashmiri_red_chilli_var_1965","North Indian Style Kashmiri Red Chilli (Spiced)","spices","CURATED_KEYWORD_MATCH","NO - Curated","99%","https://images.unsplash.com/photo-1596040033229-a9821ebd058d?auto=format&fit=crop&w=800&q=80","Unsplash / Vibrant Whole Dried Kashmiri Red Chillies","https://www.google.com/search?q=North%20Indian%20Style%20Kashmiri%20Red%20Chilli%20(Spiced)%20food&tbm=isch","=HYPERLINK(""https://www.google.com/search?q=North%20Indian%20Style%20Kashmiri%20Red%20Chilli%20(Spiced)%20food&tbm=isch"", ""View Image"")"
"kashmiri_red_chilli_var_1966","Mediterranean Classic Kashmiri Red Chilli (Imported)","spices","CURATED_KEYWORD_MATCH","NO - Curated","99%","https://images.unsplash.com/photo-1596040033229-a9821ebd058d?auto=format&fit=crop&w=800&q=80","Unsplash / Vibrant Whole Dried Kashmiri Red Chillies","https://www.google.com/search?q=Mediterranean%20Classic%20Kashmiri%20Red%20Chilli%20(Imported)%20food&tbm=isch","=HYPERLINK(""https://www.google.com/search?q=Mediterranean%20Classic%20Kashmiri%20Red%20Chilli%20(Imported)%20food&tbm=isch"", ""View Image"")"
"kashmiri_red_chilli_var_1967","Asian Specialty Kashmiri Red Chilli (Select)","spices","CURATED_KEYWORD_MATCH","NO - Curated","99%","https://images.unsplash.com/photo-1596040033229-a9821ebd058d?auto=format&fit=crop&w=800&q=80","Unsplash / Vibrant Whole Dried Kashmiri Red Chillies","https://www.google.com/search?q=Asian%20Specialty%20Kashmiri%20Red%20Chilli%20(Select)%20food&tbm=isch","=HYPERLINK(""https://www.google.com/search?q=Asian%20Specialty%20Kashmiri%20Red%20Chilli%20(Select)%20food&tbm=isch"", ""View Image"")"
"kashmiri_red_chilli_var_1968","European Heirloom Kashmiri Red Chilli (Artisanal)","spices","CURATED_KEYWORD_MATCH","NO - Curated","99%","https://images.unsplash.com/photo-1596040033229-a9821ebd058d?auto=format&fit=crop&w=800&q=80","Unsplash / Vibrant Whole Dried Kashmiri Red Chillies","https://www.google.com/search?q=European%20Heirloom%20Kashmiri%20Red%20Chilli%20(Artisanal)%20food&tbm=isch","=HYPERLINK(""https://www.google.com/search?q=European%20Heirloom%20Kashmiri%20Red%20Chilli%20(Artisanal)%20food&tbm=isch"", ""View Image"")"
"kashmiri_red_chilli_var_1969","Farm-Fresh Premium Kashmiri Red Chilli (A-Grade)","spices","CURATED_KEYWORD_MATCH","NO - Curated","99%","https://images.unsplash.com/photo-1596040033229-a9821ebd058d?auto=format&fit=crop&w=800&q=80","Unsplash / Vibrant Whole Dried Kashmiri Red Chillies","https://www.google.com/search?q=Farm-Fresh%20Premium%20Kashmiri%20Red%20Chilli%20(A-Grade)%20food&tbm=isch","=HYPERLINK(""https://www.google.com/search?q=Farm-Fresh%20Premium%20Kashmiri%20Red%20Chilli%20(A-Grade)%20food&tbm=isch"", ""View Image"")"
"kashmiri_red_chilli_var_1970","Wild-Harvested Kashmiri Red Chilli (Pure)","spices","CURATED_KEYWORD_MATCH","NO - Curated","99%","https://images.unsplash.com/photo-1596040033229-a9821ebd058d?auto=format&fit=crop&w=800&q=80","Unsplash / Vibrant Whole Dried Kashmiri Red Chillies","https://www.google.com/search?q=Wild-Harvested%20Kashmiri%20Red%20Chilli%20(Pure)%20food&tbm=isch","=HYPERLINK(""https://www.google.com/search?q=Wild-Harvested%20Kashmiri%20Red%20Chilli%20(Pure)%20food&tbm=isch"", ""View Image"")"
"star_anise","Star Anise","spices","CURATED_KEYWORD_MATCH","NO - Curated","99%","https://images.unsplash.com/photo-1599940824399-b87987ceb72a?auto=format&fit=crop&w=800&q=80","Unsplash / Whole Fragrant Star Anise Pods","https://www.google.com/search?q=Star%20Anise%20food&tbm=isch","=HYPERLINK(""https://www.google.com/search?q=Star%20Anise%20food&tbm=isch"", ""View Image"")"
"star_anise_var_1971","Fresh Organic Star Anise","spices","CURATED_KEYWORD_MATCH","NO - Curated","99%","https://images.unsplash.com/photo-1599940824399-b87987ceb72a?auto=format&fit=crop&w=800&q=80","Unsplash / Whole Fragrant Star Anise Pods","https://www.google.com/search?q=Fresh%20Organic%20Star%20Anise%20food&tbm=isch","=HYPERLINK(""https://www.google.com/search?q=Fresh%20Organic%20Star%20Anise%20food&tbm=isch"", ""View Image"")"
"star_anise_var_1972","Sun-Dried Star Anise (Dried)","spices","CURATED_KEYWORD_MATCH","NO - Curated","99%","https://images.unsplash.com/photo-1599940824399-b87987ceb72a?auto=format&fit=crop&w=800&q=80","Unsplash / Whole Fragrant Star Anise Pods","https://www.google.com/search?q=Sun-Dried%20Star%20Anise%20(Dried)%20food&tbm=isch","=HYPERLINK(""https://www.google.com/search?q=Sun-Dried%20Star%20Anise%20(Dried)%20food&tbm=isch"", ""View Image"")"
"star_anise_var_1973","Himalayan Grade Star Anise (Special)","spices","CURATED_KEYWORD_MATCH","NO - Curated","99%","https://images.unsplash.com/photo-1599940824399-b87987ceb72a?auto=format&fit=crop&w=800&q=80","Unsplash / Whole Fragrant Star Anise Pods","https://www.google.com/search?q=Himalayan%20Grade%20Star%20Anise%20(Special)%20food&tbm=isch","=HYPERLINK(""https://www.google.com/search?q=Himalayan%20Grade%20Star%20Anise%20(Special)%20food&tbm=isch"", ""View Image"")"
"star_anise_var_1974","South Indian Star Anise (Traditional)","spices","CURATED_KEYWORD_MATCH","NO - Curated","99%","https://images.unsplash.com/photo-1599940824399-b87987ceb72a?auto=format&fit=crop&w=800&q=80","Unsplash / Whole Fragrant Star Anise Pods","https://www.google.com/search?q=South%20Indian%20Star%20Anise%20(Traditional)%20food&tbm=isch","=HYPERLINK(""https://www.google.com/search?q=South%20Indian%20Star%20Anise%20(Traditional)%20food&tbm=isch"", ""View Image"")"
"star_anise_var_1975","North Indian Style Star Anise (Spiced)","spices","CURATED_KEYWORD_MATCH","NO - Curated","99%","https://images.unsplash.com/photo-1599940824399-b87987ceb72a?auto=format&fit=crop&w=800&q=80","Unsplash / Whole Fragrant Star Anise Pods","https://www.google.com/search?q=North%20Indian%20Style%20Star%20Anise%20(Spiced)%20food&tbm=isch","=HYPERLINK(""https://www.google.com/search?q=North%20Indian%20Style%20Star%20Anise%20(Spiced)%20food&tbm=isch"", ""View Image"")"
"star_anise_var_1976","Mediterranean Classic Star Anise (Imported)","spices","CURATED_KEYWORD_MATCH","NO - Curated","99%","https://images.unsplash.com/photo-1599940824399-b87987ceb72a?auto=format&fit=crop&w=800&q=80","Unsplash / Whole Fragrant Star Anise Pods","https://www.google.com/search?q=Mediterranean%20Classic%20Star%20Anise%20(Imported)%20food&tbm=isch","=HYPERLINK(""https://www.google.com/search?q=Mediterranean%20Classic%20Star%20Anise%20(Imported)%20food&tbm=isch"", ""View Image"")"
"star_anise_var_1977","Asian Specialty Star Anise (Select)","spices","CURATED_KEYWORD_MATCH","NO - Curated","99%","https://images.unsplash.com/photo-1599940824399-b87987ceb72a?auto=format&fit=crop&w=800&q=80","Unsplash / Whole Fragrant Star Anise Pods","https://www.google.com/search?q=Asian%20Specialty%20Star%20Anise%20(Select)%20food&tbm=isch","=HYPERLINK(""https://www.google.com/search?q=Asian%20Specialty%20Star%20Anise%20(Select)%20food&tbm=isch"", ""View Image"")"
"star_anise_var_1978","European Heirloom Star Anise (Artisanal)","spices","CURATED_KEYWORD_MATCH","NO - Curated","99%","https://images.unsplash.com/photo-1599940824399-b87987ceb72a?auto=format&fit=crop&w=800&q=80","Unsplash / Whole Fragrant Star Anise Pods","https://www.google.com/search?q=European%20Heirloom%20Star%20Anise%20(Artisanal)%20food&tbm=isch","=HYPERLINK(""https://www.google.com/search?q=European%20Heirloom%20Star%20Anise%20(Artisanal)%20food&tbm=isch"", ""View Image"")"
"star_anise_var_1979","Farm-Fresh Premium Star Anise (A-Grade)","spices","CURATED_KEYWORD_MATCH","NO - Curated","99%","https://images.unsplash.com/photo-1599940824399-b87987ceb72a?auto=format&fit=crop&w=800&q=80","Unsplash / Whole Fragrant Star Anise Pods","https://www.google.com/search?q=Farm-Fresh%20Premium%20Star%20Anise%20(A-Grade)%20food&tbm=isch","=HYPERLINK(""https://www.google.com/search?q=Farm-Fresh%20Premium%20Star%20Anise%20(A-Grade)%20food&tbm=isch"", ""View Image"")"
"star_anise_var_1980","Wild-Harvested Star Anise (Pure)","spices","CURATED_KEYWORD_MATCH","NO - Curated","99%","https://images.unsplash.com/photo-1599940824399-b87987ceb72a?auto=format&fit=crop&w=800&q=80","Unsplash / Whole Fragrant Star Anise Pods","https://www.google.com/search?q=Wild-Harvested%20Star%20Anise%20(Pure)%20food&tbm=isch","=HYPERLINK(""https://www.google.com/search?q=Wild-Harvested%20Star%20Anise%20(Pure)%20food&tbm=isch"", ""View Image"")"
"cloves__laung_","Cloves (Laung)","spices","CURATED_KEYWORD_MATCH","NO - Curated","99%","https://images.unsplash.com/photo-1599940824399-b87987ceb72a?auto=format&fit=crop&w=800&q=80","Unsplash / Whole Aromatic Dried Cloves","https://www.google.com/search?q=Cloves%20(Laung)%20food&tbm=isch","=HYPERLINK(""https://www.google.com/search?q=Cloves%20(Laung)%20food&tbm=isch"", ""View Image"")"
"cloves__laung__var_1981","Fresh Organic Cloves (Laung)","spices","CURATED_KEYWORD_MATCH","NO - Curated","99%","https://images.unsplash.com/photo-1599940824399-b87987ceb72a?auto=format&fit=crop&w=800&q=80","Unsplash / Whole Aromatic Dried Cloves","https://www.google.com/search?q=Fresh%20Organic%20Cloves%20(Laung)%20food&tbm=isch","=HYPERLINK(""https://www.google.com/search?q=Fresh%20Organic%20Cloves%20(Laung)%20food&tbm=isch"", ""View Image"")"
"cloves__laung__var_1982","Sun-Dried Cloves (Laung) (Dried)","spices","CURATED_KEYWORD_MATCH","NO - Curated","99%","https://images.unsplash.com/photo-1599940824399-b87987ceb72a?auto=format&fit=crop&w=800&q=80","Unsplash / Whole Aromatic Dried Cloves","https://www.google.com/search?q=Sun-Dried%20Cloves%20(Laung)%20(Dried)%20food&tbm=isch","=HYPERLINK(""https://www.google.com/search?q=Sun-Dried%20Cloves%20(Laung)%20(Dried)%20food&tbm=isch"", ""View Image"")"
"cloves__laung__var_1983","Himalayan Grade Cloves (Laung) (Special)","spices","CURATED_KEYWORD_MATCH","NO - Curated","99%","https://images.unsplash.com/photo-1599940824399-b87987ceb72a?auto=format&fit=crop&w=800&q=80","Unsplash / Whole Aromatic Dried Cloves","https://www.google.com/search?q=Himalayan%20Grade%20Cloves%20(Laung)%20(Special)%20food&tbm=isch","=HYPERLINK(""https://www.google.com/search?q=Himalayan%20Grade%20Cloves%20(Laung)%20(Special)%20food&tbm=isch"", ""View Image"")"
"cloves__laung__var_1984","South Indian Cloves (Laung) (Traditional)","spices","CURATED_KEYWORD_MATCH","NO - Curated","99%","https://images.unsplash.com/photo-1599940824399-b87987ceb72a?auto=format&fit=crop&w=800&q=80","Unsplash / Whole Aromatic Dried Cloves","https://www.google.com/search?q=South%20Indian%20Cloves%20(Laung)%20(Traditional)%20food&tbm=isch","=HYPERLINK(""https://www.google.com/search?q=South%20Indian%20Cloves%20(Laung)%20(Traditional)%20food&tbm=isch"", ""View Image"")"
"cloves__laung__var_1985","North Indian Style Cloves (Laung) (Spiced)","spices","CURATED_KEYWORD_MATCH","NO - Curated","99%","https://images.unsplash.com/photo-1599940824399-b87987ceb72a?auto=format&fit=crop&w=800&q=80","Unsplash / Whole Aromatic Dried Cloves","https://www.google.com/search?q=North%20Indian%20Style%20Cloves%20(Laung)%20(Spiced)%20food&tbm=isch","=HYPERLINK(""https://www.google.com/search?q=North%20Indian%20Style%20Cloves%20(Laung)%20(Spiced)%20food&tbm=isch"", ""View Image"")"
"cloves__laung__var_1986","Mediterranean Classic Cloves (Laung) (Imported)","spices","CURATED_KEYWORD_MATCH","NO - Curated","99%","https://images.unsplash.com/photo-1599940824399-b87987ceb72a?auto=format&fit=crop&w=800&q=80","Unsplash / Whole Aromatic Dried Cloves","https://www.google.com/search?q=Mediterranean%20Classic%20Cloves%20(Laung)%20(Imported)%20food&tbm=isch","=HYPERLINK(""https://www.google.com/search?q=Mediterranean%20Classic%20Cloves%20(Laung)%20(Imported)%20food&tbm=isch"", ""View Image"")"
"cloves__laung__var_1987","Asian Specialty Cloves (Laung) (Select)","spices","CURATED_KEYWORD_MATCH","NO - Curated","99%","https://images.unsplash.com/photo-1599940824399-b87987ceb72a?auto=format&fit=crop&w=800&q=80","Unsplash / Whole Aromatic Dried Cloves","https://www.google.com/search?q=Asian%20Specialty%20Cloves%20(Laung)%20(Select)%20food&tbm=isch","=HYPERLINK(""https://www.google.com/search?q=Asian%20Specialty%20Cloves%20(Laung)%20(Select)%20food&tbm=isch"", ""View Image"")"
"cloves__laung__var_1988","European Heirloom Cloves (Laung) (Artisanal)","spices","CURATED_KEYWORD_MATCH","NO - Curated","99%","https://images.unsplash.com/photo-1599940824399-b87987ceb72a?auto=format&fit=crop&w=800&q=80","Unsplash / Whole Aromatic Dried Cloves","https://www.google.com/search?q=European%20Heirloom%20Cloves%20(Laung)%20(Artisanal)%20food&tbm=isch","=HYPERLINK(""https://www.google.com/search?q=European%20Heirloom%20Cloves%20(Laung)%20(Artisanal)%20food&tbm=isch"", ""View Image"")"
"cloves__laung__var_1989","Farm-Fresh Premium Cloves (Laung) (A-Grade)","spices","CURATED_KEYWORD_MATCH","NO - Curated","99%","https://images.unsplash.com/photo-1599940824399-b87987ceb72a?auto=format&fit=crop&w=800&q=80","Unsplash / Whole Aromatic Dried Cloves","https://www.google.com/search?q=Farm-Fresh%20Premium%20Cloves%20(Laung)%20(A-Grade)%20food&tbm=isch","=HYPERLINK(""https://www.google.com/search?q=Farm-Fresh%20Premium%20Cloves%20(Laung)%20(A-Grade)%20food&tbm=isch"", ""View Image"")"
"cloves__laung__var_1990","Wild-Harvested Cloves (Laung) (Pure)","spices","CURATED_KEYWORD_MATCH","NO - Curated","99%","https://images.unsplash.com/photo-1599940824399-b87987ceb72a?auto=format&fit=crop&w=800&q=80","Unsplash / Whole Aromatic Dried Cloves","https://www.google.com/search?q=Wild-Harvested%20Cloves%20(Laung)%20(Pure)%20food&tbm=isch","=HYPERLINK(""https://www.google.com/search?q=Wild-Harvested%20Cloves%20(Laung)%20(Pure)%20food&tbm=isch"", ""View Image"")"
"fenugreek_seeds__methi_","Fenugreek Seeds (Methi)","spices","CURATED_KEYWORD_MATCH","NO - Curated","99%","https://images.unsplash.com/photo-1532336414038-cf19250c5757?auto=format&fit=crop&w=800&q=80","Unsplash / Whole Aromatic Indian & Global Spices","https://www.google.com/search?q=Fenugreek%20Seeds%20(Methi)%20food&tbm=isch","=HYPERLINK(""https://www.google.com/search?q=Fenugreek%20Seeds%20(Methi)%20food&tbm=isch"", ""View Image"")"
"fenugreek_seeds__methi__var_1991","Fresh Organic Fenugreek Seeds (Methi)","spices","CURATED_KEYWORD_MATCH","NO - Curated","99%","https://images.unsplash.com/photo-1532336414038-cf19250c5757?auto=format&fit=crop&w=800&q=80","Unsplash / Whole Aromatic Indian & Global Spices","https://www.google.com/search?q=Fresh%20Organic%20Fenugreek%20Seeds%20(Methi)%20food&tbm=isch","=HYPERLINK(""https://www.google.com/search?q=Fresh%20Organic%20Fenugreek%20Seeds%20(Methi)%20food&tbm=isch"", ""View Image"")"
"fenugreek_seeds__methi__var_1992","Sun-Dried Fenugreek Seeds (Methi) (Dried)","spices","CURATED_KEYWORD_MATCH","NO - Curated","99%","https://images.unsplash.com/photo-1532336414038-cf19250c5757?auto=format&fit=crop&w=800&q=80","Unsplash / Whole Aromatic Indian & Global Spices","https://www.google.com/search?q=Sun-Dried%20Fenugreek%20Seeds%20(Methi)%20(Dried)%20food&tbm=isch","=HYPERLINK(""https://www.google.com/search?q=Sun-Dried%20Fenugreek%20Seeds%20(Methi)%20(Dried)%20food&tbm=isch"", ""View Image"")"
"fenugreek_seeds__methi__var_1993","Himalayan Grade Fenugreek Seeds (Methi) (Special)","spices","CURATED_KEYWORD_MATCH","NO - Curated","99%","https://images.unsplash.com/photo-1532336414038-cf19250c5757?auto=format&fit=crop&w=800&q=80","Unsplash / Whole Aromatic Indian & Global Spices","https://www.google.com/search?q=Himalayan%20Grade%20Fenugreek%20Seeds%20(Methi)%20(Special)%20food&tbm=isch","=HYPERLINK(""https://www.google.com/search?q=Himalayan%20Grade%20Fenugreek%20Seeds%20(Methi)%20(Special)%20food&tbm=isch"", ""View Image"")"
"fenugreek_seeds__methi__var_1994","South Indian Fenugreek Seeds (Methi) (Traditional)","spices","CURATED_KEYWORD_MATCH","NO - Curated","99%","https://images.unsplash.com/photo-1532336414038-cf19250c5757?auto=format&fit=crop&w=800&q=80","Unsplash / Whole Aromatic Indian & Global Spices","https://www.google.com/search?q=South%20Indian%20Fenugreek%20Seeds%20(Methi)%20(Traditional)%20food&tbm=isch","=HYPERLINK(""https://www.google.com/search?q=South%20Indian%20Fenugreek%20Seeds%20(Methi)%20(Traditional)%20food&tbm=isch"", ""View Image"")"
"fenugreek_seeds__methi__var_1995","North Indian Style Fenugreek Seeds (Methi) (Spiced)","spices","CURATED_KEYWORD_MATCH","NO - Curated","99%","https://images.unsplash.com/photo-1532336414038-cf19250c5757?auto=format&fit=crop&w=800&q=80","Unsplash / Whole Aromatic Indian & Global Spices","https://www.google.com/search?q=North%20Indian%20Style%20Fenugreek%20Seeds%20(Methi)%20(Spiced)%20food&tbm=isch","=HYPERLINK(""https://www.google.com/search?q=North%20Indian%20Style%20Fenugreek%20Seeds%20(Methi)%20(Spiced)%20food&tbm=isch"", ""View Image"")"
"fenugreek_seeds__methi__var_1996","Mediterranean Classic Fenugreek Seeds (Methi) (Imported)","spices","CURATED_KEYWORD_MATCH","NO - Curated","99%","https://images.unsplash.com/photo-1532336414038-cf19250c5757?auto=format&fit=crop&w=800&q=80","Unsplash / Whole Aromatic Indian & Global Spices","https://www.google.com/search?q=Mediterranean%20Classic%20Fenugreek%20Seeds%20(Methi)%20(Imported)%20food&tbm=isch","=HYPERLINK(""https://www.google.com/search?q=Mediterranean%20Classic%20Fenugreek%20Seeds%20(Methi)%20(Imported)%20food&tbm=isch"", ""View Image"")"
"fenugreek_seeds__methi__var_1997","Asian Specialty Fenugreek Seeds (Methi) (Select)","spices","CURATED_KEYWORD_MATCH","NO - Curated","99%","https://images.unsplash.com/photo-1532336414038-cf19250c5757?auto=format&fit=crop&w=800&q=80","Unsplash / Whole Aromatic Indian & Global Spices","https://www.google.com/search?q=Asian%20Specialty%20Fenugreek%20Seeds%20(Methi)%20(Select)%20food&tbm=isch","=HYPERLINK(""https://www.google.com/search?q=Asian%20Specialty%20Fenugreek%20Seeds%20(Methi)%20(Select)%20food&tbm=isch"", ""View Image"")"
"fenugreek_seeds__methi__var_1998","European Heirloom Fenugreek Seeds (Methi) (Artisanal)","spices","CURATED_KEYWORD_MATCH","NO - Curated","99%","https://images.unsplash.com/photo-1532336414038-cf19250c5757?auto=format&fit=crop&w=800&q=80","Unsplash / Whole Aromatic Indian & Global Spices","https://www.google.com/search?q=European%20Heirloom%20Fenugreek%20Seeds%20(Methi)%20(Artisanal)%20food&tbm=isch","=HYPERLINK(""https://www.google.com/search?q=European%20Heirloom%20Fenugreek%20Seeds%20(Methi)%20(Artisanal)%20food&tbm=isch"", ""View Image"")"
"fenugreek_seeds__methi__var_1999","Farm-Fresh Premium Fenugreek Seeds (Methi) (A-Grade)","spices","CURATED_KEYWORD_MATCH","NO - Curated","99%","https://images.unsplash.com/photo-1532336414038-cf19250c5757?auto=format&fit=crop&w=800&q=80","Unsplash / Whole Aromatic Indian & Global Spices","https://www.google.com/search?q=Farm-Fresh%20Premium%20Fenugreek%20Seeds%20(Methi)%20(A-Grade)%20food&tbm=isch","=HYPERLINK(""https://www.google.com/search?q=Farm-Fresh%20Premium%20Fenugreek%20Seeds%20(Methi)%20(A-Grade)%20food&tbm=isch"", ""View Image"")"
"fenugreek_seeds__methi__var_2000","Wild-Harvested Fenugreek Seeds (Methi) (Pure)","spices","CURATED_KEYWORD_MATCH","NO - Curated","99%","https://images.unsplash.com/photo-1532336414038-cf19250c5757?auto=format&fit=crop&w=800&q=80","Unsplash / Whole Aromatic Indian & Global Spices","https://www.google.com/search?q=Wild-Harvested%20Fenugreek%20Seeds%20(Methi)%20(Pure)%20food&tbm=isch","=HYPERLINK(""https://www.google.com/search?q=Wild-Harvested%20Fenugreek%20Seeds%20(Methi)%20(Pure)%20food&tbm=isch"", ""View Image"")"
"paneer__indian_cottage_cheese__var_2001","Fresh Organic Paneer (Indian Cottage Cheese)","dairy","CURATED_KEYWORD_MATCH","NO - Curated","99%","https://images.unsplash.com/photo-1631452180519-c014fe946bc7?auto=format&fit=crop&w=800&q=80","Unsplash / Fresh Indian Cottage Cheese (Paneer)","https://www.google.com/search?q=Fresh%20Organic%20Paneer%20(Indian%20Cottage%20Cheese)%20food&tbm=isch","=HYPERLINK(""https://www.google.com/search?q=Fresh%20Organic%20Paneer%20(Indian%20Cottage%20Cheese)%20food&tbm=isch"", ""View Image"")"
"paneer__indian_cottage_cheese__var_2002","Sun-Dried Paneer (Indian Cottage Cheese) (Dried)","dairy","CURATED_KEYWORD_MATCH","NO - Curated","99%","https://images.unsplash.com/photo-1631452180519-c014fe946bc7?auto=format&fit=crop&w=800&q=80","Unsplash / Fresh Indian Cottage Cheese (Paneer)","https://www.google.com/search?q=Sun-Dried%20Paneer%20(Indian%20Cottage%20Cheese)%20(Dried)%20food&tbm=isch","=HYPERLINK(""https://www.google.com/search?q=Sun-Dried%20Paneer%20(Indian%20Cottage%20Cheese)%20(Dried)%20food&tbm=isch"", ""View Image"")"
"paneer__indian_cottage_cheese__var_2003","Himalayan Grade Paneer (Indian Cottage Cheese) (Special)","dairy","CURATED_KEYWORD_MATCH","NO - Curated","99%","https://images.unsplash.com/photo-1631452180519-c014fe946bc7?auto=format&fit=crop&w=800&q=80","Unsplash / Fresh Indian Cottage Cheese (Paneer)","https://www.google.com/search?q=Himalayan%20Grade%20Paneer%20(Indian%20Cottage%20Cheese)%20(Special)%20food&tbm=isch","=HYPERLINK(""https://www.google.com/search?q=Himalayan%20Grade%20Paneer%20(Indian%20Cottage%20Cheese)%20(Special)%20food&tbm=isch"", ""View Image"")"
"paneer__indian_cottage_cheese__var_2004","South Indian Paneer (Indian Cottage Cheese) (Traditional)","dairy","CURATED_KEYWORD_MATCH","NO - Curated","99%","https://images.unsplash.com/photo-1631452180519-c014fe946bc7?auto=format&fit=crop&w=800&q=80","Unsplash / Fresh Indian Cottage Cheese (Paneer)","https://www.google.com/search?q=South%20Indian%20Paneer%20(Indian%20Cottage%20Cheese)%20(Traditional)%20food&tbm=isch","=HYPERLINK(""https://www.google.com/search?q=South%20Indian%20Paneer%20(Indian%20Cottage%20Cheese)%20(Traditional)%20food&tbm=isch"", ""View Image"")"
"paneer__indian_cottage_cheese__var_2005","North Indian Style Paneer (Indian Cottage Cheese) (Spiced)","dairy","CURATED_KEYWORD_MATCH","NO - Curated","99%","https://images.unsplash.com/photo-1631452180519-c014fe946bc7?auto=format&fit=crop&w=800&q=80","Unsplash / Fresh Indian Cottage Cheese (Paneer)","https://www.google.com/search?q=North%20Indian%20Style%20Paneer%20(Indian%20Cottage%20Cheese)%20(Spiced)%20food&tbm=isch","=HYPERLINK(""https://www.google.com/search?q=North%20Indian%20Style%20Paneer%20(Indian%20Cottage%20Cheese)%20(Spiced)%20food&tbm=isch"", ""View Image"")"
"paneer__indian_cottage_cheese__var_2006","Mediterranean Classic Paneer (Indian Cottage Cheese) (Imported)","dairy","CURATED_KEYWORD_MATCH","NO - Curated","99%","https://images.unsplash.com/photo-1631452180519-c014fe946bc7?auto=format&fit=crop&w=800&q=80","Unsplash / Fresh Indian Cottage Cheese (Paneer)","https://www.google.com/search?q=Mediterranean%20Classic%20Paneer%20(Indian%20Cottage%20Cheese)%20(Imported)%20food&tbm=isch","=HYPERLINK(""https://www.google.com/search?q=Mediterranean%20Classic%20Paneer%20(Indian%20Cottage%20Cheese)%20(Imported)%20food&tbm=isch"", ""View Image"")"
"paneer__indian_cottage_cheese__var_2007","Asian Specialty Paneer (Indian Cottage Cheese) (Select)","dairy","CURATED_KEYWORD_MATCH","NO - Curated","99%","https://images.unsplash.com/photo-1631452180519-c014fe946bc7?auto=format&fit=crop&w=800&q=80","Unsplash / Fresh Indian Cottage Cheese (Paneer)","https://www.google.com/search?q=Asian%20Specialty%20Paneer%20(Indian%20Cottage%20Cheese)%20(Select)%20food&tbm=isch","=HYPERLINK(""https://www.google.com/search?q=Asian%20Specialty%20Paneer%20(Indian%20Cottage%20Cheese)%20(Select)%20food&tbm=isch"", ""View Image"")"
"paneer__indian_cottage_cheese__var_2008","European Heirloom Paneer (Indian Cottage Cheese) (Artisanal)","dairy","CURATED_KEYWORD_MATCH","NO - Curated","99%","https://images.unsplash.com/photo-1631452180519-c014fe946bc7?auto=format&fit=crop&w=800&q=80","Unsplash / Fresh Indian Cottage Cheese (Paneer)","https://www.google.com/search?q=European%20Heirloom%20Paneer%20(Indian%20Cottage%20Cheese)%20(Artisanal)%20food&tbm=isch","=HYPERLINK(""https://www.google.com/search?q=European%20Heirloom%20Paneer%20(Indian%20Cottage%20Cheese)%20(Artisanal)%20food&tbm=isch"", ""View Image"")"
"paneer__indian_cottage_cheese__var_2009","Farm-Fresh Premium Paneer (Indian Cottage Cheese) (A-Grade)","dairy","CURATED_KEYWORD_MATCH","NO - Curated","99%","https://images.unsplash.com/photo-1631452180519-c014fe946bc7?auto=format&fit=crop&w=800&q=80","Unsplash / Fresh Indian Cottage Cheese (Paneer)","https://www.google.com/search?q=Farm-Fresh%20Premium%20Paneer%20(Indian%20Cottage%20Cheese)%20(A-Grade)%20food&tbm=isch","=HYPERLINK(""https://www.google.com/search?q=Farm-Fresh%20Premium%20Paneer%20(Indian%20Cottage%20Cheese)%20(A-Grade)%20food&tbm=isch"", ""View Image"")"
"paneer__indian_cottage_cheese__var_2010","Wild-Harvested Paneer (Indian Cottage Cheese) (Pure)","dairy","CURATED_KEYWORD_MATCH","NO - Curated","99%","https://images.unsplash.com/photo-1631452180519-c014fe946bc7?auto=format&fit=crop&w=800&q=80","Unsplash / Fresh Indian Cottage Cheese (Paneer)","https://www.google.com/search?q=Wild-Harvested%20Paneer%20(Indian%20Cottage%20Cheese)%20(Pure)%20food&tbm=isch","=HYPERLINK(""https://www.google.com/search?q=Wild-Harvested%20Paneer%20(Indian%20Cottage%20Cheese)%20(Pure)%20food&tbm=isch"", ""View Image"")"
"greek_yogurt__plain__var_2011","Fresh Organic Greek Yogurt (Plain)","dairy","CURATED_KEYWORD_MATCH","NO - Curated","99%","https://images.unsplash.com/photo-1563636619-e9143da7973b?auto=format&fit=crop&w=800&q=80","Unsplash / Fresh Farm Dairy & Artisanal Cheese","https://www.google.com/search?q=Fresh%20Organic%20Greek%20Yogurt%20(Plain)%20food&tbm=isch","=HYPERLINK(""https://www.google.com/search?q=Fresh%20Organic%20Greek%20Yogurt%20(Plain)%20food&tbm=isch"", ""View Image"")"
"greek_yogurt__plain__var_2012","Sun-Dried Greek Yogurt (Plain) (Dried)","dairy","CURATED_KEYWORD_MATCH","NO - Curated","99%","https://images.unsplash.com/photo-1563636619-e9143da7973b?auto=format&fit=crop&w=800&q=80","Unsplash / Fresh Farm Dairy & Artisanal Cheese","https://www.google.com/search?q=Sun-Dried%20Greek%20Yogurt%20(Plain)%20(Dried)%20food&tbm=isch","=HYPERLINK(""https://www.google.com/search?q=Sun-Dried%20Greek%20Yogurt%20(Plain)%20(Dried)%20food&tbm=isch"", ""View Image"")"
"greek_yogurt__plain__var_2013","Himalayan Grade Greek Yogurt (Plain) (Special)","dairy","CURATED_KEYWORD_MATCH","NO - Curated","99%","https://images.unsplash.com/photo-1563636619-e9143da7973b?auto=format&fit=crop&w=800&q=80","Unsplash / Fresh Farm Dairy & Artisanal Cheese","https://www.google.com/search?q=Himalayan%20Grade%20Greek%20Yogurt%20(Plain)%20(Special)%20food&tbm=isch","=HYPERLINK(""https://www.google.com/search?q=Himalayan%20Grade%20Greek%20Yogurt%20(Plain)%20(Special)%20food&tbm=isch"", ""View Image"")"
"greek_yogurt__plain__var_2014","South Indian Greek Yogurt (Plain) (Traditional)","dairy","CURATED_KEYWORD_MATCH","NO - Curated","99%","https://images.unsplash.com/photo-1563636619-e9143da7973b?auto=format&fit=crop&w=800&q=80","Unsplash / Fresh Farm Dairy & Artisanal Cheese","https://www.google.com/search?q=South%20Indian%20Greek%20Yogurt%20(Plain)%20(Traditional)%20food&tbm=isch","=HYPERLINK(""https://www.google.com/search?q=South%20Indian%20Greek%20Yogurt%20(Plain)%20(Traditional)%20food&tbm=isch"", ""View Image"")"
"greek_yogurt__plain__var_2015","North Indian Style Greek Yogurt (Plain) (Spiced)","dairy","CURATED_KEYWORD_MATCH","NO - Curated","99%","https://images.unsplash.com/photo-1563636619-e9143da7973b?auto=format&fit=crop&w=800&q=80","Unsplash / Fresh Farm Dairy & Artisanal Cheese","https://www.google.com/search?q=North%20Indian%20Style%20Greek%20Yogurt%20(Plain)%20(Spiced)%20food&tbm=isch","=HYPERLINK(""https://www.google.com/search?q=North%20Indian%20Style%20Greek%20Yogurt%20(Plain)%20(Spiced)%20food&tbm=isch"", ""View Image"")"
"greek_yogurt__plain__var_2016","Mediterranean Classic Greek Yogurt (Plain) (Imported)","dairy","CURATED_KEYWORD_MATCH","NO - Curated","99%","https://images.unsplash.com/photo-1563636619-e9143da7973b?auto=format&fit=crop&w=800&q=80","Unsplash / Fresh Farm Dairy & Artisanal Cheese","https://www.google.com/search?q=Mediterranean%20Classic%20Greek%20Yogurt%20(Plain)%20(Imported)%20food&tbm=isch","=HYPERLINK(""https://www.google.com/search?q=Mediterranean%20Classic%20Greek%20Yogurt%20(Plain)%20(Imported)%20food&tbm=isch"", ""View Image"")"
"greek_yogurt__plain__var_2017","Asian Specialty Greek Yogurt (Plain) (Select)","dairy","CURATED_KEYWORD_MATCH","NO - Curated","99%","https://images.unsplash.com/photo-1563636619-e9143da7973b?auto=format&fit=crop&w=800&q=80","Unsplash / Fresh Farm Dairy & Artisanal Cheese","https://www.google.com/search?q=Asian%20Specialty%20Greek%20Yogurt%20(Plain)%20(Select)%20food&tbm=isch","=HYPERLINK(""https://www.google.com/search?q=Asian%20Specialty%20Greek%20Yogurt%20(Plain)%20(Select)%20food&tbm=isch"", ""View Image"")"
"greek_yogurt__plain__var_2018","European Heirloom Greek Yogurt (Plain) (Artisanal)","dairy","CURATED_KEYWORD_MATCH","NO - Curated","99%","https://images.unsplash.com/photo-1563636619-e9143da7973b?auto=format&fit=crop&w=800&q=80","Unsplash / Fresh Farm Dairy & Artisanal Cheese","https://www.google.com/search?q=European%20Heirloom%20Greek%20Yogurt%20(Plain)%20(Artisanal)%20food&tbm=isch","=HYPERLINK(""https://www.google.com/search?q=European%20Heirloom%20Greek%20Yogurt%20(Plain)%20(Artisanal)%20food&tbm=isch"", ""View Image"")"
"greek_yogurt__plain__var_2019","Farm-Fresh Premium Greek Yogurt (Plain) (A-Grade)","dairy","CURATED_KEYWORD_MATCH","NO - Curated","99%","https://images.unsplash.com/photo-1563636619-e9143da7973b?auto=format&fit=crop&w=800&q=80","Unsplash / Fresh Farm Dairy & Artisanal Cheese","https://www.google.com/search?q=Farm-Fresh%20Premium%20Greek%20Yogurt%20(Plain)%20(A-Grade)%20food&tbm=isch","=HYPERLINK(""https://www.google.com/search?q=Farm-Fresh%20Premium%20Greek%20Yogurt%20(Plain)%20(A-Grade)%20food&tbm=isch"", ""View Image"")"
"greek_yogurt__plain__var_2020","Wild-Harvested Greek Yogurt (Plain) (Pure)","dairy","CURATED_KEYWORD_MATCH","NO - Curated","99%","https://images.unsplash.com/photo-1563636619-e9143da7973b?auto=format&fit=crop&w=800&q=80","Unsplash / Fresh Farm Dairy & Artisanal Cheese","https://www.google.com/search?q=Wild-Harvested%20Greek%20Yogurt%20(Plain)%20(Pure)%20food&tbm=isch","=HYPERLINK(""https://www.google.com/search?q=Wild-Harvested%20Greek%20Yogurt%20(Plain)%20(Pure)%20food&tbm=isch"", ""View Image"")"
"desi_cow_ghee__clarified_butter_","Desi Cow Ghee (Clarified Butter)","dairy","CURATED_KEYWORD_MATCH","NO - Curated","99%","https://images.unsplash.com/photo-1589985270826-4b7bb135bc9d?auto=format&fit=crop&w=800&q=80","Unsplash / Pure Golden Desi Ghee","https://www.google.com/search?q=Desi%20Cow%20Ghee%20(Clarified%20Butter)%20food&tbm=isch","=HYPERLINK(""https://www.google.com/search?q=Desi%20Cow%20Ghee%20(Clarified%20Butter)%20food&tbm=isch"", ""View Image"")"
"desi_cow_ghee__clarified_butter__var_2021","Fresh Organic Desi Cow Ghee (Clarified Butter)","dairy","CURATED_KEYWORD_MATCH","NO - Curated","99%","https://images.unsplash.com/photo-1589985270826-4b7bb135bc9d?auto=format&fit=crop&w=800&q=80","Unsplash / Pure Golden Desi Ghee","https://www.google.com/search?q=Fresh%20Organic%20Desi%20Cow%20Ghee%20(Clarified%20Butter)%20food&tbm=isch","=HYPERLINK(""https://www.google.com/search?q=Fresh%20Organic%20Desi%20Cow%20Ghee%20(Clarified%20Butter)%20food&tbm=isch"", ""View Image"")"
"desi_cow_ghee__clarified_butter__var_2022","Sun-Dried Desi Cow Ghee (Clarified Butter) (Dried)","dairy","CURATED_KEYWORD_MATCH","NO - Curated","99%","https://images.unsplash.com/photo-1589985270826-4b7bb135bc9d?auto=format&fit=crop&w=800&q=80","Unsplash / Pure Golden Desi Ghee","https://www.google.com/search?q=Sun-Dried%20Desi%20Cow%20Ghee%20(Clarified%20Butter)%20(Dried)%20food&tbm=isch","=HYPERLINK(""https://www.google.com/search?q=Sun-Dried%20Desi%20Cow%20Ghee%20(Clarified%20Butter)%20(Dried)%20food&tbm=isch"", ""View Image"")"
"desi_cow_ghee__clarified_butter__var_2023","Himalayan Grade Desi Cow Ghee (Clarified Butter) (Special)","dairy","CURATED_KEYWORD_MATCH","NO - Curated","99%","https://images.unsplash.com/photo-1589985270826-4b7bb135bc9d?auto=format&fit=crop&w=800&q=80","Unsplash / Pure Golden Desi Ghee","https://www.google.com/search?q=Himalayan%20Grade%20Desi%20Cow%20Ghee%20(Clarified%20Butter)%20(Special)%20food&tbm=isch","=HYPERLINK(""https://www.google.com/search?q=Himalayan%20Grade%20Desi%20Cow%20Ghee%20(Clarified%20Butter)%20(Special)%20food&tbm=isch"", ""View Image"")"
"desi_cow_ghee__clarified_butter__var_2024","South Indian Desi Cow Ghee (Clarified Butter) (Traditional)","dairy","CURATED_KEYWORD_MATCH","NO - Curated","99%","https://images.unsplash.com/photo-1589985270826-4b7bb135bc9d?auto=format&fit=crop&w=800&q=80","Unsplash / Pure Golden Desi Ghee","https://www.google.com/search?q=South%20Indian%20Desi%20Cow%20Ghee%20(Clarified%20Butter)%20(Traditional)%20food&tbm=isch","=HYPERLINK(""https://www.google.com/search?q=South%20Indian%20Desi%20Cow%20Ghee%20(Clarified%20Butter)%20(Traditional)%20food&tbm=isch"", ""View Image"")"
"desi_cow_ghee__clarified_butter__var_2025","North Indian Style Desi Cow Ghee (Clarified Butter) (Spiced)","dairy","CURATED_KEYWORD_MATCH","NO - Curated","99%","https://images.unsplash.com/photo-1589985270826-4b7bb135bc9d?auto=format&fit=crop&w=800&q=80","Unsplash / Pure Golden Desi Ghee","https://www.google.com/search?q=North%20Indian%20Style%20Desi%20Cow%20Ghee%20(Clarified%20Butter)%20(Spiced)%20food&tbm=isch","=HYPERLINK(""https://www.google.com/search?q=North%20Indian%20Style%20Desi%20Cow%20Ghee%20(Clarified%20Butter)%20(Spiced)%20food&tbm=isch"", ""View Image"")"
"desi_cow_ghee__clarified_butter__var_2026","Mediterranean Classic Desi Cow Ghee (Clarified Butter) (Imported)","dairy","CURATED_KEYWORD_MATCH","NO - Curated","99%","https://images.unsplash.com/photo-1589985270826-4b7bb135bc9d?auto=format&fit=crop&w=800&q=80","Unsplash / Pure Golden Desi Ghee","https://www.google.com/search?q=Mediterranean%20Classic%20Desi%20Cow%20Ghee%20(Clarified%20Butter)%20(Imported)%20food&tbm=isch","=HYPERLINK(""https://www.google.com/search?q=Mediterranean%20Classic%20Desi%20Cow%20Ghee%20(Clarified%20Butter)%20(Imported)%20food&tbm=isch"", ""View Image"")"
"desi_cow_ghee__clarified_butter__var_2027","Asian Specialty Desi Cow Ghee (Clarified Butter) (Select)","dairy","CURATED_KEYWORD_MATCH","NO - Curated","99%","https://images.unsplash.com/photo-1589985270826-4b7bb135bc9d?auto=format&fit=crop&w=800&q=80","Unsplash / Pure Golden Desi Ghee","https://www.google.com/search?q=Asian%20Specialty%20Desi%20Cow%20Ghee%20(Clarified%20Butter)%20(Select)%20food&tbm=isch","=HYPERLINK(""https://www.google.com/search?q=Asian%20Specialty%20Desi%20Cow%20Ghee%20(Clarified%20Butter)%20(Select)%20food&tbm=isch"", ""View Image"")"
"desi_cow_ghee__clarified_butter__var_2028","European Heirloom Desi Cow Ghee (Clarified Butter) (Artisanal)","dairy","CURATED_KEYWORD_MATCH","NO - Curated","99%","https://images.unsplash.com/photo-1589985270826-4b7bb135bc9d?auto=format&fit=crop&w=800&q=80","Unsplash / Pure Golden Desi Ghee","https://www.google.com/search?q=European%20Heirloom%20Desi%20Cow%20Ghee%20(Clarified%20Butter)%20(Artisanal)%20food&tbm=isch","=HYPERLINK(""https://www.google.com/search?q=European%20Heirloom%20Desi%20Cow%20Ghee%20(Clarified%20Butter)%20(Artisanal)%20food&tbm=isch"", ""View Image"")"
"desi_cow_ghee__clarified_butter__var_2029","Farm-Fresh Premium Desi Cow Ghee (Clarified Butter) (A-Grade)","dairy","CURATED_KEYWORD_MATCH","NO - Curated","99%","https://images.unsplash.com/photo-1589985270826-4b7bb135bc9d?auto=format&fit=crop&w=800&q=80","Unsplash / Pure Golden Desi Ghee","https://www.google.com/search?q=Farm-Fresh%20Premium%20Desi%20Cow%20Ghee%20(Clarified%20Butter)%20(A-Grade)%20food&tbm=isch","=HYPERLINK(""https://www.google.com/search?q=Farm-Fresh%20Premium%20Desi%20Cow%20Ghee%20(Clarified%20Butter)%20(A-Grade)%20food&tbm=isch"", ""View Image"")"
"desi_cow_ghee__clarified_butter__var_2030","Wild-Harvested Desi Cow Ghee (Clarified Butter) (Pure)","dairy","CURATED_KEYWORD_MATCH","NO - Curated","99%","https://images.unsplash.com/photo-1589985270826-4b7bb135bc9d?auto=format&fit=crop&w=800&q=80","Unsplash / Pure Golden Desi Ghee","https://www.google.com/search?q=Wild-Harvested%20Desi%20Cow%20Ghee%20(Clarified%20Butter)%20(Pure)%20food&tbm=isch","=HYPERLINK(""https://www.google.com/search?q=Wild-Harvested%20Desi%20Cow%20Ghee%20(Clarified%20Butter)%20(Pure)%20food&tbm=isch"", ""View Image"")"
"almond_milk__unsweetened_","Almond Milk (Unsweetened)","dairy","CURATED_KEYWORD_MATCH","NO - Curated","99%","https://images.unsplash.com/photo-1563636619-e9143da7973b?auto=format&fit=crop&w=800&q=80","Unsplash / Fresh Farm Dairy & Artisanal Cheese","https://www.google.com/search?q=Almond%20Milk%20(Unsweetened)%20food&tbm=isch","=HYPERLINK(""https://www.google.com/search?q=Almond%20Milk%20(Unsweetened)%20food&tbm=isch"", ""View Image"")"
"almond_milk__unsweetened__var_2031","Fresh Organic Almond Milk (Unsweetened)","dairy","CURATED_KEYWORD_MATCH","NO - Curated","99%","https://images.unsplash.com/photo-1563636619-e9143da7973b?auto=format&fit=crop&w=800&q=80","Unsplash / Fresh Farm Dairy & Artisanal Cheese","https://www.google.com/search?q=Fresh%20Organic%20Almond%20Milk%20(Unsweetened)%20food&tbm=isch","=HYPERLINK(""https://www.google.com/search?q=Fresh%20Organic%20Almond%20Milk%20(Unsweetened)%20food&tbm=isch"", ""View Image"")"
"almond_milk__unsweetened__var_2032","Sun-Dried Almond Milk (Unsweetened) (Dried)","dairy","CURATED_KEYWORD_MATCH","NO - Curated","99%","https://images.unsplash.com/photo-1563636619-e9143da7973b?auto=format&fit=crop&w=800&q=80","Unsplash / Fresh Farm Dairy & Artisanal Cheese","https://www.google.com/search?q=Sun-Dried%20Almond%20Milk%20(Unsweetened)%20(Dried)%20food&tbm=isch","=HYPERLINK(""https://www.google.com/search?q=Sun-Dried%20Almond%20Milk%20(Unsweetened)%20(Dried)%20food&tbm=isch"", ""View Image"")"
"almond_milk__unsweetened__var_2033","Himalayan Grade Almond Milk (Unsweetened) (Special)","dairy","CURATED_KEYWORD_MATCH","NO - Curated","99%","https://images.unsplash.com/photo-1563636619-e9143da7973b?auto=format&fit=crop&w=800&q=80","Unsplash / Fresh Farm Dairy & Artisanal Cheese","https://www.google.com/search?q=Himalayan%20Grade%20Almond%20Milk%20(Unsweetened)%20(Special)%20food&tbm=isch","=HYPERLINK(""https://www.google.com/search?q=Himalayan%20Grade%20Almond%20Milk%20(Unsweetened)%20(Special)%20food&tbm=isch"", ""View Image"")"
"almond_milk__unsweetened__var_2034","South Indian Almond Milk (Unsweetened) (Traditional)","dairy","CURATED_KEYWORD_MATCH","NO - Curated","99%","https://images.unsplash.com/photo-1563636619-e9143da7973b?auto=format&fit=crop&w=800&q=80","Unsplash / Fresh Farm Dairy & Artisanal Cheese","https://www.google.com/search?q=South%20Indian%20Almond%20Milk%20(Unsweetened)%20(Traditional)%20food&tbm=isch","=HYPERLINK(""https://www.google.com/search?q=South%20Indian%20Almond%20Milk%20(Unsweetened)%20(Traditional)%20food&tbm=isch"", ""View Image"")"
"almond_milk__unsweetened__var_2035","North Indian Style Almond Milk (Unsweetened) (Spiced)","dairy","CURATED_KEYWORD_MATCH","NO - Curated","99%","https://images.unsplash.com/photo-1563636619-e9143da7973b?auto=format&fit=crop&w=800&q=80","Unsplash / Fresh Farm Dairy & Artisanal Cheese","https://www.google.com/search?q=North%20Indian%20Style%20Almond%20Milk%20(Unsweetened)%20(Spiced)%20food&tbm=isch","=HYPERLINK(""https://www.google.com/search?q=North%20Indian%20Style%20Almond%20Milk%20(Unsweetened)%20(Spiced)%20food&tbm=isch"", ""View Image"")"
"almond_milk__unsweetened__var_2036","Mediterranean Classic Almond Milk (Unsweetened) (Imported)","dairy","CURATED_KEYWORD_MATCH","NO - Curated","99%","https://images.unsplash.com/photo-1563636619-e9143da7973b?auto=format&fit=crop&w=800&q=80","Unsplash / Fresh Farm Dairy & Artisanal Cheese","https://www.google.com/search?q=Mediterranean%20Classic%20Almond%20Milk%20(Unsweetened)%20(Imported)%20food&tbm=isch","=HYPERLINK(""https://www.google.com/search?q=Mediterranean%20Classic%20Almond%20Milk%20(Unsweetened)%20(Imported)%20food&tbm=isch"", ""View Image"")"
"almond_milk__unsweetened__var_2037","Asian Specialty Almond Milk (Unsweetened) (Select)","dairy","CURATED_KEYWORD_MATCH","NO - Curated","99%","https://images.unsplash.com/photo-1563636619-e9143da7973b?auto=format&fit=crop&w=800&q=80","Unsplash / Fresh Farm Dairy & Artisanal Cheese","https://www.google.com/search?q=Asian%20Specialty%20Almond%20Milk%20(Unsweetened)%20(Select)%20food&tbm=isch","=HYPERLINK(""https://www.google.com/search?q=Asian%20Specialty%20Almond%20Milk%20(Unsweetened)%20(Select)%20food&tbm=isch"", ""View Image"")"
"almond_milk__unsweetened__var_2038","European Heirloom Almond Milk (Unsweetened) (Artisanal)","dairy","CURATED_KEYWORD_MATCH","NO - Curated","99%","https://images.unsplash.com/photo-1563636619-e9143da7973b?auto=format&fit=crop&w=800&q=80","Unsplash / Fresh Farm Dairy & Artisanal Cheese","https://www.google.com/search?q=European%20Heirloom%20Almond%20Milk%20(Unsweetened)%20(Artisanal)%20food&tbm=isch","=HYPERLINK(""https://www.google.com/search?q=European%20Heirloom%20Almond%20Milk%20(Unsweetened)%20(Artisanal)%20food&tbm=isch"", ""View Image"")"
"almond_milk__unsweetened__var_2039","Farm-Fresh Premium Almond Milk (Unsweetened) (A-Grade)","dairy","CURATED_KEYWORD_MATCH","NO - Curated","99%","https://images.unsplash.com/photo-1563636619-e9143da7973b?auto=format&fit=crop&w=800&q=80","Unsplash / Fresh Farm Dairy & Artisanal Cheese","https://www.google.com/search?q=Farm-Fresh%20Premium%20Almond%20Milk%20(Unsweetened)%20(A-Grade)%20food&tbm=isch","=HYPERLINK(""https://www.google.com/search?q=Farm-Fresh%20Premium%20Almond%20Milk%20(Unsweetened)%20(A-Grade)%20food&tbm=isch"", ""View Image"")"
"almond_milk__unsweetened__var_2040","Wild-Harvested Almond Milk (Unsweetened) (Pure)","dairy","CURATED_KEYWORD_MATCH","NO - Curated","99%","https://images.unsplash.com/photo-1563636619-e9143da7973b?auto=format&fit=crop&w=800&q=80","Unsplash / Fresh Farm Dairy & Artisanal Cheese","https://www.google.com/search?q=Wild-Harvested%20Almond%20Milk%20(Unsweetened)%20(Pure)%20food&tbm=isch","=HYPERLINK(""https://www.google.com/search?q=Wild-Harvested%20Almond%20Milk%20(Unsweetened)%20(Pure)%20food&tbm=isch"", ""View Image"")"
"coconut_milk__full_fat_","Coconut Milk (Full Fat)","dairy","CURATED_KEYWORD_MATCH","NO - Curated","99%","https://images.unsplash.com/photo-1589985270826-4b7bb135bc9d?auto=format&fit=crop&w=800&q=80","Unsplash / Fresh Mature Coconut","https://www.google.com/search?q=Coconut%20Milk%20(Full%20Fat)%20food&tbm=isch","=HYPERLINK(""https://www.google.com/search?q=Coconut%20Milk%20(Full%20Fat)%20food&tbm=isch"", ""View Image"")"
"coconut_milk__full_fat__var_2041","Fresh Organic Coconut Milk (Full Fat)","dairy","CURATED_KEYWORD_MATCH","NO - Curated","99%","https://images.unsplash.com/photo-1589985270826-4b7bb135bc9d?auto=format&fit=crop&w=800&q=80","Unsplash / Fresh Mature Coconut","https://www.google.com/search?q=Fresh%20Organic%20Coconut%20Milk%20(Full%20Fat)%20food&tbm=isch","=HYPERLINK(""https://www.google.com/search?q=Fresh%20Organic%20Coconut%20Milk%20(Full%20Fat)%20food&tbm=isch"", ""View Image"")"
"coconut_milk__full_fat__var_2042","Sun-Dried Coconut Milk (Full Fat) (Dried)","dairy","CURATED_KEYWORD_MATCH","NO - Curated","99%","https://images.unsplash.com/photo-1589985270826-4b7bb135bc9d?auto=format&fit=crop&w=800&q=80","Unsplash / Fresh Mature Coconut","https://www.google.com/search?q=Sun-Dried%20Coconut%20Milk%20(Full%20Fat)%20(Dried)%20food&tbm=isch","=HYPERLINK(""https://www.google.com/search?q=Sun-Dried%20Coconut%20Milk%20(Full%20Fat)%20(Dried)%20food&tbm=isch"", ""View Image"")"
"coconut_milk__full_fat__var_2043","Himalayan Grade Coconut Milk (Full Fat) (Special)","dairy","CURATED_KEYWORD_MATCH","NO - Curated","99%","https://images.unsplash.com/photo-1589985270826-4b7bb135bc9d?auto=format&fit=crop&w=800&q=80","Unsplash / Fresh Mature Coconut","https://www.google.com/search?q=Himalayan%20Grade%20Coconut%20Milk%20(Full%20Fat)%20(Special)%20food&tbm=isch","=HYPERLINK(""https://www.google.com/search?q=Himalayan%20Grade%20Coconut%20Milk%20(Full%20Fat)%20(Special)%20food&tbm=isch"", ""View Image"")"
"coconut_milk__full_fat__var_2044","South Indian Coconut Milk (Full Fat) (Traditional)","dairy","CURATED_KEYWORD_MATCH","NO - Curated","99%","https://images.unsplash.com/photo-1589985270826-4b7bb135bc9d?auto=format&fit=crop&w=800&q=80","Unsplash / Fresh Mature Coconut","https://www.google.com/search?q=South%20Indian%20Coconut%20Milk%20(Full%20Fat)%20(Traditional)%20food&tbm=isch","=HYPERLINK(""https://www.google.com/search?q=South%20Indian%20Coconut%20Milk%20(Full%20Fat)%20(Traditional)%20food&tbm=isch"", ""View Image"")"
"coconut_milk__full_fat__var_2045","North Indian Style Coconut Milk (Full Fat) (Spiced)","dairy","CURATED_KEYWORD_MATCH","NO - Curated","99%","https://images.unsplash.com/photo-1589985270826-4b7bb135bc9d?auto=format&fit=crop&w=800&q=80","Unsplash / Fresh Mature Coconut","https://www.google.com/search?q=North%20Indian%20Style%20Coconut%20Milk%20(Full%20Fat)%20(Spiced)%20food&tbm=isch","=HYPERLINK(""https://www.google.com/search?q=North%20Indian%20Style%20Coconut%20Milk%20(Full%20Fat)%20(Spiced)%20food&tbm=isch"", ""View Image"")"
"coconut_milk__full_fat__var_2046","Mediterranean Classic Coconut Milk (Full Fat) (Imported)","dairy","CURATED_KEYWORD_MATCH","NO - Curated","99%","https://images.unsplash.com/photo-1589985270826-4b7bb135bc9d?auto=format&fit=crop&w=800&q=80","Unsplash / Fresh Mature Coconut","https://www.google.com/search?q=Mediterranean%20Classic%20Coconut%20Milk%20(Full%20Fat)%20(Imported)%20food&tbm=isch","=HYPERLINK(""https://www.google.com/search?q=Mediterranean%20Classic%20Coconut%20Milk%20(Full%20Fat)%20(Imported)%20food&tbm=isch"", ""View Image"")"
"coconut_milk__full_fat__var_2047","Asian Specialty Coconut Milk (Full Fat) (Select)","dairy","CURATED_KEYWORD_MATCH","NO - Curated","99%","https://images.unsplash.com/photo-1589985270826-4b7bb135bc9d?auto=format&fit=crop&w=800&q=80","Unsplash / Fresh Mature Coconut","https://www.google.com/search?q=Asian%20Specialty%20Coconut%20Milk%20(Full%20Fat)%20(Select)%20food&tbm=isch","=HYPERLINK(""https://www.google.com/search?q=Asian%20Specialty%20Coconut%20Milk%20(Full%20Fat)%20(Select)%20food&tbm=isch"", ""View Image"")"
"coconut_milk__full_fat__var_2048","European Heirloom Coconut Milk (Full Fat) (Artisanal)","dairy","CURATED_KEYWORD_MATCH","NO - Curated","99%","https://images.unsplash.com/photo-1589985270826-4b7bb135bc9d?auto=format&fit=crop&w=800&q=80","Unsplash / Fresh Mature Coconut","https://www.google.com/search?q=European%20Heirloom%20Coconut%20Milk%20(Full%20Fat)%20(Artisanal)%20food&tbm=isch","=HYPERLINK(""https://www.google.com/search?q=European%20Heirloom%20Coconut%20Milk%20(Full%20Fat)%20(Artisanal)%20food&tbm=isch"", ""View Image"")"
"coconut_milk__full_fat__var_2049","Farm-Fresh Premium Coconut Milk (Full Fat) (A-Grade)","dairy","CURATED_KEYWORD_MATCH","NO - Curated","99%","https://images.unsplash.com/photo-1589985270826-4b7bb135bc9d?auto=format&fit=crop&w=800&q=80","Unsplash / Fresh Mature Coconut","https://www.google.com/search?q=Farm-Fresh%20Premium%20Coconut%20Milk%20(Full%20Fat)%20(A-Grade)%20food&tbm=isch","=HYPERLINK(""https://www.google.com/search?q=Farm-Fresh%20Premium%20Coconut%20Milk%20(Full%20Fat)%20(A-Grade)%20food&tbm=isch"", ""View Image"")"
"coconut_milk__full_fat__var_2050","Wild-Harvested Coconut Milk (Full Fat) (Pure)","dairy","CURATED_KEYWORD_MATCH","NO - Curated","99%","https://images.unsplash.com/photo-1589985270826-4b7bb135bc9d?auto=format&fit=crop&w=800&q=80","Unsplash / Fresh Mature Coconut","https://www.google.com/search?q=Wild-Harvested%20Coconut%20Milk%20(Full%20Fat)%20(Pure)%20food&tbm=isch","=HYPERLINK(""https://www.google.com/search?q=Wild-Harvested%20Coconut%20Milk%20(Full%20Fat)%20(Pure)%20food&tbm=isch"", ""View Image"")"
"oat_milk__barista_blend_","Oat Milk (Barista Blend)","dairy","CURATED_KEYWORD_MATCH","NO - Curated","99%","https://images.unsplash.com/photo-1563636619-e9143da7973b?auto=format&fit=crop&w=800&q=80","Unsplash / Fresh Farm Dairy & Artisanal Cheese","https://www.google.com/search?q=Oat%20Milk%20(Barista%20Blend)%20food&tbm=isch","=HYPERLINK(""https://www.google.com/search?q=Oat%20Milk%20(Barista%20Blend)%20food&tbm=isch"", ""View Image"")"
"oat_milk__barista_blend__var_2051","Fresh Organic Oat Milk (Barista Blend)","dairy","CURATED_KEYWORD_MATCH","NO - Curated","99%","https://images.unsplash.com/photo-1563636619-e9143da7973b?auto=format&fit=crop&w=800&q=80","Unsplash / Fresh Farm Dairy & Artisanal Cheese","https://www.google.com/search?q=Fresh%20Organic%20Oat%20Milk%20(Barista%20Blend)%20food&tbm=isch","=HYPERLINK(""https://www.google.com/search?q=Fresh%20Organic%20Oat%20Milk%20(Barista%20Blend)%20food&tbm=isch"", ""View Image"")"
"oat_milk__barista_blend__var_2052","Sun-Dried Oat Milk (Barista Blend) (Dried)","dairy","CURATED_KEYWORD_MATCH","NO - Curated","99%","https://images.unsplash.com/photo-1563636619-e9143da7973b?auto=format&fit=crop&w=800&q=80","Unsplash / Fresh Farm Dairy & Artisanal Cheese","https://www.google.com/search?q=Sun-Dried%20Oat%20Milk%20(Barista%20Blend)%20(Dried)%20food&tbm=isch","=HYPERLINK(""https://www.google.com/search?q=Sun-Dried%20Oat%20Milk%20(Barista%20Blend)%20(Dried)%20food&tbm=isch"", ""View Image"")"
"oat_milk__barista_blend__var_2053","Himalayan Grade Oat Milk (Barista Blend) (Special)","dairy","CURATED_KEYWORD_MATCH","NO - Curated","99%","https://images.unsplash.com/photo-1563636619-e9143da7973b?auto=format&fit=crop&w=800&q=80","Unsplash / Fresh Farm Dairy & Artisanal Cheese","https://www.google.com/search?q=Himalayan%20Grade%20Oat%20Milk%20(Barista%20Blend)%20(Special)%20food&tbm=isch","=HYPERLINK(""https://www.google.com/search?q=Himalayan%20Grade%20Oat%20Milk%20(Barista%20Blend)%20(Special)%20food&tbm=isch"", ""View Image"")"
"oat_milk__barista_blend__var_2054","South Indian Oat Milk (Barista Blend) (Traditional)","dairy","CURATED_KEYWORD_MATCH","NO - Curated","99%","https://images.unsplash.com/photo-1563636619-e9143da7973b?auto=format&fit=crop&w=800&q=80","Unsplash / Fresh Farm Dairy & Artisanal Cheese","https://www.google.com/search?q=South%20Indian%20Oat%20Milk%20(Barista%20Blend)%20(Traditional)%20food&tbm=isch","=HYPERLINK(""https://www.google.com/search?q=South%20Indian%20Oat%20Milk%20(Barista%20Blend)%20(Traditional)%20food&tbm=isch"", ""View Image"")"
"oat_milk__barista_blend__var_2055","North Indian Style Oat Milk (Barista Blend) (Spiced)","dairy","CURATED_KEYWORD_MATCH","NO - Curated","99%","https://images.unsplash.com/photo-1563636619-e9143da7973b?auto=format&fit=crop&w=800&q=80","Unsplash / Fresh Farm Dairy & Artisanal Cheese","https://www.google.com/search?q=North%20Indian%20Style%20Oat%20Milk%20(Barista%20Blend)%20(Spiced)%20food&tbm=isch","=HYPERLINK(""https://www.google.com/search?q=North%20Indian%20Style%20Oat%20Milk%20(Barista%20Blend)%20(Spiced)%20food&tbm=isch"", ""View Image"")"
"oat_milk__barista_blend__var_2056","Mediterranean Classic Oat Milk (Barista Blend) (Imported)","dairy","CURATED_KEYWORD_MATCH","NO - Curated","99%","https://images.unsplash.com/photo-1563636619-e9143da7973b?auto=format&fit=crop&w=800&q=80","Unsplash / Fresh Farm Dairy & Artisanal Cheese","https://www.google.com/search?q=Mediterranean%20Classic%20Oat%20Milk%20(Barista%20Blend)%20(Imported)%20food&tbm=isch","=HYPERLINK(""https://www.google.com/search?q=Mediterranean%20Classic%20Oat%20Milk%20(Barista%20Blend)%20(Imported)%20food&tbm=isch"", ""View Image"")"
"oat_milk__barista_blend__var_2057","Asian Specialty Oat Milk (Barista Blend) (Select)","dairy","CURATED_KEYWORD_MATCH","NO - Curated","99%","https://images.unsplash.com/photo-1563636619-e9143da7973b?auto=format&fit=crop&w=800&q=80","Unsplash / Fresh Farm Dairy & Artisanal Cheese","https://www.google.com/search?q=Asian%20Specialty%20Oat%20Milk%20(Barista%20Blend)%20(Select)%20food&tbm=isch","=HYPERLINK(""https://www.google.com/search?q=Asian%20Specialty%20Oat%20Milk%20(Barista%20Blend)%20(Select)%20food&tbm=isch"", ""View Image"")"
"oat_milk__barista_blend__var_2058","European Heirloom Oat Milk (Barista Blend) (Artisanal)","dairy","CURATED_KEYWORD_MATCH","NO - Curated","99%","https://images.unsplash.com/photo-1563636619-e9143da7973b?auto=format&fit=crop&w=800&q=80","Unsplash / Fresh Farm Dairy & Artisanal Cheese","https://www.google.com/search?q=European%20Heirloom%20Oat%20Milk%20(Barista%20Blend)%20(Artisanal)%20food&tbm=isch","=HYPERLINK(""https://www.google.com/search?q=European%20Heirloom%20Oat%20Milk%20(Barista%20Blend)%20(Artisanal)%20food&tbm=isch"", ""View Image"")"
"oat_milk__barista_blend__var_2059","Farm-Fresh Premium Oat Milk (Barista Blend) (A-Grade)","dairy","CURATED_KEYWORD_MATCH","NO - Curated","99%","https://images.unsplash.com/photo-1563636619-e9143da7973b?auto=format&fit=crop&w=800&q=80","Unsplash / Fresh Farm Dairy & Artisanal Cheese","https://www.google.com/search?q=Farm-Fresh%20Premium%20Oat%20Milk%20(Barista%20Blend)%20(A-Grade)%20food&tbm=isch","=HYPERLINK(""https://www.google.com/search?q=Farm-Fresh%20Premium%20Oat%20Milk%20(Barista%20Blend)%20(A-Grade)%20food&tbm=isch"", ""View Image"")"
"oat_milk__barista_blend__var_2060","Wild-Harvested Oat Milk (Barista Blend) (Pure)","dairy","CURATED_KEYWORD_MATCH","NO - Curated","99%","https://images.unsplash.com/photo-1563636619-e9143da7973b?auto=format&fit=crop&w=800&q=80","Unsplash / Fresh Farm Dairy & Artisanal Cheese","https://www.google.com/search?q=Wild-Harvested%20Oat%20Milk%20(Barista%20Blend)%20(Pure)%20food&tbm=isch","=HYPERLINK(""https://www.google.com/search?q=Wild-Harvested%20Oat%20Milk%20(Barista%20Blend)%20(Pure)%20food&tbm=isch"", ""View Image"")"
"wild_alaskan_salmon_fillet","Wild Alaskan Salmon Fillet","seafood","CURATED_KEYWORD_MATCH","NO - Curated","99%","https://images.unsplash.com/photo-1519708227418-c8fd9a32b7a2?auto=format&fit=crop&w=800&q=80","Unsplash / Fresh Wild Salmon Fillet","https://www.google.com/search?q=Wild%20Alaskan%20Salmon%20Fillet%20food&tbm=isch","=HYPERLINK(""https://www.google.com/search?q=Wild%20Alaskan%20Salmon%20Fillet%20food&tbm=isch"", ""View Image"")"
"wild_alaskan_salmon_fillet_var_2061","Fresh Organic Wild Alaskan Salmon Fillet","seafood","CURATED_KEYWORD_MATCH","NO - Curated","99%","https://images.unsplash.com/photo-1519708227418-c8fd9a32b7a2?auto=format&fit=crop&w=800&q=80","Unsplash / Fresh Wild Salmon Fillet","https://www.google.com/search?q=Fresh%20Organic%20Wild%20Alaskan%20Salmon%20Fillet%20food&tbm=isch","=HYPERLINK(""https://www.google.com/search?q=Fresh%20Organic%20Wild%20Alaskan%20Salmon%20Fillet%20food&tbm=isch"", ""View Image"")"
"wild_alaskan_salmon_fillet_var_2062","Sun-Dried Wild Alaskan Salmon Fillet (Dried)","seafood","CURATED_KEYWORD_MATCH","NO - Curated","99%","https://images.unsplash.com/photo-1519708227418-c8fd9a32b7a2?auto=format&fit=crop&w=800&q=80","Unsplash / Fresh Wild Salmon Fillet","https://www.google.com/search?q=Sun-Dried%20Wild%20Alaskan%20Salmon%20Fillet%20(Dried)%20food&tbm=isch","=HYPERLINK(""https://www.google.com/search?q=Sun-Dried%20Wild%20Alaskan%20Salmon%20Fillet%20(Dried)%20food&tbm=isch"", ""View Image"")"
"wild_alaskan_salmon_fillet_var_2063","Himalayan Grade Wild Alaskan Salmon Fillet (Special)","seafood","CURATED_KEYWORD_MATCH","NO - Curated","99%","https://images.unsplash.com/photo-1519708227418-c8fd9a32b7a2?auto=format&fit=crop&w=800&q=80","Unsplash / Fresh Wild Salmon Fillet","https://www.google.com/search?q=Himalayan%20Grade%20Wild%20Alaskan%20Salmon%20Fillet%20(Special)%20food&tbm=isch","=HYPERLINK(""https://www.google.com/search?q=Himalayan%20Grade%20Wild%20Alaskan%20Salmon%20Fillet%20(Special)%20food&tbm=isch"", ""View Image"")"
"wild_alaskan_salmon_fillet_var_2064","South Indian Wild Alaskan Salmon Fillet (Traditional)","seafood","CURATED_KEYWORD_MATCH","NO - Curated","99%","https://images.unsplash.com/photo-1519708227418-c8fd9a32b7a2?auto=format&fit=crop&w=800&q=80","Unsplash / Fresh Wild Salmon Fillet","https://www.google.com/search?q=South%20Indian%20Wild%20Alaskan%20Salmon%20Fillet%20(Traditional)%20food&tbm=isch","=HYPERLINK(""https://www.google.com/search?q=South%20Indian%20Wild%20Alaskan%20Salmon%20Fillet%20(Traditional)%20food&tbm=isch"", ""View Image"")"
"wild_alaskan_salmon_fillet_var_2065","North Indian Style Wild Alaskan Salmon Fillet (Spiced)","seafood","CURATED_KEYWORD_MATCH","NO - Curated","99%","https://images.unsplash.com/photo-1519708227418-c8fd9a32b7a2?auto=format&fit=crop&w=800&q=80","Unsplash / Fresh Wild Salmon Fillet","https://www.google.com/search?q=North%20Indian%20Style%20Wild%20Alaskan%20Salmon%20Fillet%20(Spiced)%20food&tbm=isch","=HYPERLINK(""https://www.google.com/search?q=North%20Indian%20Style%20Wild%20Alaskan%20Salmon%20Fillet%20(Spiced)%20food&tbm=isch"", ""View Image"")"
"wild_alaskan_salmon_fillet_var_2066","Mediterranean Classic Wild Alaskan Salmon Fillet (Imported)","seafood","CURATED_KEYWORD_MATCH","NO - Curated","99%","https://images.unsplash.com/photo-1519708227418-c8fd9a32b7a2?auto=format&fit=crop&w=800&q=80","Unsplash / Fresh Wild Salmon Fillet","https://www.google.com/search?q=Mediterranean%20Classic%20Wild%20Alaskan%20Salmon%20Fillet%20(Imported)%20food&tbm=isch","=HYPERLINK(""https://www.google.com/search?q=Mediterranean%20Classic%20Wild%20Alaskan%20Salmon%20Fillet%20(Imported)%20food&tbm=isch"", ""View Image"")"
"wild_alaskan_salmon_fillet_var_2067","Asian Specialty Wild Alaskan Salmon Fillet (Select)","seafood","CURATED_KEYWORD_MATCH","NO - Curated","99%","https://images.unsplash.com/photo-1519708227418-c8fd9a32b7a2?auto=format&fit=crop&w=800&q=80","Unsplash / Fresh Wild Salmon Fillet","https://www.google.com/search?q=Asian%20Specialty%20Wild%20Alaskan%20Salmon%20Fillet%20(Select)%20food&tbm=isch","=HYPERLINK(""https://www.google.com/search?q=Asian%20Specialty%20Wild%20Alaskan%20Salmon%20Fillet%20(Select)%20food&tbm=isch"", ""View Image"")"
"wild_alaskan_salmon_fillet_var_2068","European Heirloom Wild Alaskan Salmon Fillet (Artisanal)","seafood","CURATED_KEYWORD_MATCH","NO - Curated","99%","https://images.unsplash.com/photo-1519708227418-c8fd9a32b7a2?auto=format&fit=crop&w=800&q=80","Unsplash / Fresh Wild Salmon Fillet","https://www.google.com/search?q=European%20Heirloom%20Wild%20Alaskan%20Salmon%20Fillet%20(Artisanal)%20food&tbm=isch","=HYPERLINK(""https://www.google.com/search?q=European%20Heirloom%20Wild%20Alaskan%20Salmon%20Fillet%20(Artisanal)%20food&tbm=isch"", ""View Image"")"
"wild_alaskan_salmon_fillet_var_2069","Farm-Fresh Premium Wild Alaskan Salmon Fillet (A-Grade)","seafood","CURATED_KEYWORD_MATCH","NO - Curated","99%","https://images.unsplash.com/photo-1519708227418-c8fd9a32b7a2?auto=format&fit=crop&w=800&q=80","Unsplash / Fresh Wild Salmon Fillet","https://www.google.com/search?q=Farm-Fresh%20Premium%20Wild%20Alaskan%20Salmon%20Fillet%20(A-Grade)%20food&tbm=isch","=HYPERLINK(""https://www.google.com/search?q=Farm-Fresh%20Premium%20Wild%20Alaskan%20Salmon%20Fillet%20(A-Grade)%20food&tbm=isch"", ""View Image"")"
"wild_alaskan_salmon_fillet_var_2070","Wild-Harvested Wild Alaskan Salmon Fillet (Pure)","seafood","CURATED_KEYWORD_MATCH","NO - Curated","99%","https://images.unsplash.com/photo-1519708227418-c8fd9a32b7a2?auto=format&fit=crop&w=800&q=80","Unsplash / Fresh Wild Salmon Fillet","https://www.google.com/search?q=Wild-Harvested%20Wild%20Alaskan%20Salmon%20Fillet%20(Pure)%20food&tbm=isch","=HYPERLINK(""https://www.google.com/search?q=Wild-Harvested%20Wild%20Alaskan%20Salmon%20Fillet%20(Pure)%20food&tbm=isch"", ""View Image"")"
"tiger_prawns___shrimp","Tiger Prawns / Shrimp","seafood","CURATED_KEYWORD_MATCH","NO - Curated","99%","https://images.unsplash.com/photo-1559737558-2f5a35f4523b?auto=format&fit=crop&w=800&q=80","Unsplash / Fresh Wild Caught Prawns","https://www.google.com/search?q=Tiger%20Prawns%20%2F%20Shrimp%20food&tbm=isch","=HYPERLINK(""https://www.google.com/search?q=Tiger%20Prawns%20%2F%20Shrimp%20food&tbm=isch"", ""View Image"")"
"tiger_prawns___shrimp_var_2071","Fresh Organic Tiger Prawns / Shrimp","seafood","CURATED_KEYWORD_MATCH","NO - Curated","99%","https://images.unsplash.com/photo-1559737558-2f5a35f4523b?auto=format&fit=crop&w=800&q=80","Unsplash / Fresh Wild Caught Prawns","https://www.google.com/search?q=Fresh%20Organic%20Tiger%20Prawns%20%2F%20Shrimp%20food&tbm=isch","=HYPERLINK(""https://www.google.com/search?q=Fresh%20Organic%20Tiger%20Prawns%20%2F%20Shrimp%20food&tbm=isch"", ""View Image"")"
"tiger_prawns___shrimp_var_2072","Sun-Dried Tiger Prawns / Shrimp (Dried)","seafood","CURATED_KEYWORD_MATCH","NO - Curated","99%","https://images.unsplash.com/photo-1559737558-2f5a35f4523b?auto=format&fit=crop&w=800&q=80","Unsplash / Fresh Wild Caught Prawns","https://www.google.com/search?q=Sun-Dried%20Tiger%20Prawns%20%2F%20Shrimp%20(Dried)%20food&tbm=isch","=HYPERLINK(""https://www.google.com/search?q=Sun-Dried%20Tiger%20Prawns%20%2F%20Shrimp%20(Dried)%20food&tbm=isch"", ""View Image"")"
"tiger_prawns___shrimp_var_2073","Himalayan Grade Tiger Prawns / Shrimp (Special)","seafood","CURATED_KEYWORD_MATCH","NO - Curated","99%","https://images.unsplash.com/photo-1559737558-2f5a35f4523b?auto=format&fit=crop&w=800&q=80","Unsplash / Fresh Wild Caught Prawns","https://www.google.com/search?q=Himalayan%20Grade%20Tiger%20Prawns%20%2F%20Shrimp%20(Special)%20food&tbm=isch","=HYPERLINK(""https://www.google.com/search?q=Himalayan%20Grade%20Tiger%20Prawns%20%2F%20Shrimp%20(Special)%20food&tbm=isch"", ""View Image"")"
"tiger_prawns___shrimp_var_2074","South Indian Tiger Prawns / Shrimp (Traditional)","seafood","CURATED_KEYWORD_MATCH","NO - Curated","99%","https://images.unsplash.com/photo-1559737558-2f5a35f4523b?auto=format&fit=crop&w=800&q=80","Unsplash / Fresh Wild Caught Prawns","https://www.google.com/search?q=South%20Indian%20Tiger%20Prawns%20%2F%20Shrimp%20(Traditional)%20food&tbm=isch","=HYPERLINK(""https://www.google.com/search?q=South%20Indian%20Tiger%20Prawns%20%2F%20Shrimp%20(Traditional)%20food&tbm=isch"", ""View Image"")"
"tiger_prawns___shrimp_var_2075","North Indian Style Tiger Prawns / Shrimp (Spiced)","seafood","CURATED_KEYWORD_MATCH","NO - Curated","99%","https://images.unsplash.com/photo-1559737558-2f5a35f4523b?auto=format&fit=crop&w=800&q=80","Unsplash / Fresh Wild Caught Prawns","https://www.google.com/search?q=North%20Indian%20Style%20Tiger%20Prawns%20%2F%20Shrimp%20(Spiced)%20food&tbm=isch","=HYPERLINK(""https://www.google.com/search?q=North%20Indian%20Style%20Tiger%20Prawns%20%2F%20Shrimp%20(Spiced)%20food&tbm=isch"", ""View Image"")"
"tiger_prawns___shrimp_var_2076","Mediterranean Classic Tiger Prawns / Shrimp (Imported)","seafood","CURATED_KEYWORD_MATCH","NO - Curated","99%","https://images.unsplash.com/photo-1559737558-2f5a35f4523b?auto=format&fit=crop&w=800&q=80","Unsplash / Fresh Wild Caught Prawns","https://www.google.com/search?q=Mediterranean%20Classic%20Tiger%20Prawns%20%2F%20Shrimp%20(Imported)%20food&tbm=isch","=HYPERLINK(""https://www.google.com/search?q=Mediterranean%20Classic%20Tiger%20Prawns%20%2F%20Shrimp%20(Imported)%20food&tbm=isch"", ""View Image"")"
"tiger_prawns___shrimp_var_2077","Asian Specialty Tiger Prawns / Shrimp (Select)","seafood","CURATED_KEYWORD_MATCH","NO - Curated","99%","https://images.unsplash.com/photo-1559737558-2f5a35f4523b?auto=format&fit=crop&w=800&q=80","Unsplash / Fresh Wild Caught Prawns","https://www.google.com/search?q=Asian%20Specialty%20Tiger%20Prawns%20%2F%20Shrimp%20(Select)%20food&tbm=isch","=HYPERLINK(""https://www.google.com/search?q=Asian%20Specialty%20Tiger%20Prawns%20%2F%20Shrimp%20(Select)%20food&tbm=isch"", ""View Image"")"
"tiger_prawns___shrimp_var_2078","European Heirloom Tiger Prawns / Shrimp (Artisanal)","seafood","CURATED_KEYWORD_MATCH","NO - Curated","99%","https://images.unsplash.com/photo-1559737558-2f5a35f4523b?auto=format&fit=crop&w=800&q=80","Unsplash / Fresh Wild Caught Prawns","https://www.google.com/search?q=European%20Heirloom%20Tiger%20Prawns%20%2F%20Shrimp%20(Artisanal)%20food&tbm=isch","=HYPERLINK(""https://www.google.com/search?q=European%20Heirloom%20Tiger%20Prawns%20%2F%20Shrimp%20(Artisanal)%20food&tbm=isch"", ""View Image"")"
"tiger_prawns___shrimp_var_2079","Farm-Fresh Premium Tiger Prawns / Shrimp (A-Grade)","seafood","CURATED_KEYWORD_MATCH","NO - Curated","99%","https://images.unsplash.com/photo-1559737558-2f5a35f4523b?auto=format&fit=crop&w=800&q=80","Unsplash / Fresh Wild Caught Prawns","https://www.google.com/search?q=Farm-Fresh%20Premium%20Tiger%20Prawns%20%2F%20Shrimp%20(A-Grade)%20food&tbm=isch","=HYPERLINK(""https://www.google.com/search?q=Farm-Fresh%20Premium%20Tiger%20Prawns%20%2F%20Shrimp%20(A-Grade)%20food&tbm=isch"", ""View Image"")"
"tiger_prawns___shrimp_var_2080","Wild-Harvested Tiger Prawns / Shrimp (Pure)","seafood","CURATED_KEYWORD_MATCH","NO - Curated","99%","https://images.unsplash.com/photo-1559737558-2f5a35f4523b?auto=format&fit=crop&w=800&q=80","Unsplash / Fresh Wild Caught Prawns","https://www.google.com/search?q=Wild-Harvested%20Tiger%20Prawns%20%2F%20Shrimp%20(Pure)%20food&tbm=isch","=HYPERLINK(""https://www.google.com/search?q=Wild-Harvested%20Tiger%20Prawns%20%2F%20Shrimp%20(Pure)%20food&tbm=isch"", ""View Image"")"
"yellowfin_tuna_steak","Yellowfin Tuna Steak","seafood","CURATED_KEYWORD_MATCH","NO - Curated","99%","https://images.unsplash.com/photo-1534604973900-c43ab4c2e0ab?auto=format&fit=crop&w=800&q=80","Unsplash / Fresh Caught Seafood & Fish","https://www.google.com/search?q=Yellowfin%20Tuna%20Steak%20food&tbm=isch","=HYPERLINK(""https://www.google.com/search?q=Yellowfin%20Tuna%20Steak%20food&tbm=isch"", ""View Image"")"
"yellowfin_tuna_steak_var_2081","Fresh Organic Yellowfin Tuna Steak","seafood","CURATED_KEYWORD_MATCH","NO - Curated","99%","https://images.unsplash.com/photo-1534604973900-c43ab4c2e0ab?auto=format&fit=crop&w=800&q=80","Unsplash / Fresh Caught Seafood & Fish","https://www.google.com/search?q=Fresh%20Organic%20Yellowfin%20Tuna%20Steak%20food&tbm=isch","=HYPERLINK(""https://www.google.com/search?q=Fresh%20Organic%20Yellowfin%20Tuna%20Steak%20food&tbm=isch"", ""View Image"")"
"yellowfin_tuna_steak_var_2082","Sun-Dried Yellowfin Tuna Steak (Dried)","seafood","CURATED_KEYWORD_MATCH","NO - Curated","99%","https://images.unsplash.com/photo-1534604973900-c43ab4c2e0ab?auto=format&fit=crop&w=800&q=80","Unsplash / Fresh Caught Seafood & Fish","https://www.google.com/search?q=Sun-Dried%20Yellowfin%20Tuna%20Steak%20(Dried)%20food&tbm=isch","=HYPERLINK(""https://www.google.com/search?q=Sun-Dried%20Yellowfin%20Tuna%20Steak%20(Dried)%20food&tbm=isch"", ""View Image"")"
"yellowfin_tuna_steak_var_2083","Himalayan Grade Yellowfin Tuna Steak (Special)","seafood","CURATED_KEYWORD_MATCH","NO - Curated","99%","https://images.unsplash.com/photo-1534604973900-c43ab4c2e0ab?auto=format&fit=crop&w=800&q=80","Unsplash / Fresh Caught Seafood & Fish","https://www.google.com/search?q=Himalayan%20Grade%20Yellowfin%20Tuna%20Steak%20(Special)%20food&tbm=isch","=HYPERLINK(""https://www.google.com/search?q=Himalayan%20Grade%20Yellowfin%20Tuna%20Steak%20(Special)%20food&tbm=isch"", ""View Image"")"
"yellowfin_tuna_steak_var_2084","South Indian Yellowfin Tuna Steak (Traditional)","seafood","CURATED_KEYWORD_MATCH","NO - Curated","99%","https://images.unsplash.com/photo-1534604973900-c43ab4c2e0ab?auto=format&fit=crop&w=800&q=80","Unsplash / Fresh Caught Seafood & Fish","https://www.google.com/search?q=South%20Indian%20Yellowfin%20Tuna%20Steak%20(Traditional)%20food&tbm=isch","=HYPERLINK(""https://www.google.com/search?q=South%20Indian%20Yellowfin%20Tuna%20Steak%20(Traditional)%20food&tbm=isch"", ""View Image"")"
"yellowfin_tuna_steak_var_2085","North Indian Style Yellowfin Tuna Steak (Spiced)","seafood","CURATED_KEYWORD_MATCH","NO - Curated","99%","https://images.unsplash.com/photo-1534604973900-c43ab4c2e0ab?auto=format&fit=crop&w=800&q=80","Unsplash / Fresh Caught Seafood & Fish","https://www.google.com/search?q=North%20Indian%20Style%20Yellowfin%20Tuna%20Steak%20(Spiced)%20food&tbm=isch","=HYPERLINK(""https://www.google.com/search?q=North%20Indian%20Style%20Yellowfin%20Tuna%20Steak%20(Spiced)%20food&tbm=isch"", ""View Image"")"
"yellowfin_tuna_steak_var_2086","Mediterranean Classic Yellowfin Tuna Steak (Imported)","seafood","CURATED_KEYWORD_MATCH","NO - Curated","99%","https://images.unsplash.com/photo-1534604973900-c43ab4c2e0ab?auto=format&fit=crop&w=800&q=80","Unsplash / Fresh Caught Seafood & Fish","https://www.google.com/search?q=Mediterranean%20Classic%20Yellowfin%20Tuna%20Steak%20(Imported)%20food&tbm=isch","=HYPERLINK(""https://www.google.com/search?q=Mediterranean%20Classic%20Yellowfin%20Tuna%20Steak%20(Imported)%20food&tbm=isch"", ""View Image"")"
"yellowfin_tuna_steak_var_2087","Asian Specialty Yellowfin Tuna Steak (Select)","seafood","CURATED_KEYWORD_MATCH","NO - Curated","99%","https://images.unsplash.com/photo-1534604973900-c43ab4c2e0ab?auto=format&fit=crop&w=800&q=80","Unsplash / Fresh Caught Seafood & Fish","https://www.google.com/search?q=Asian%20Specialty%20Yellowfin%20Tuna%20Steak%20(Select)%20food&tbm=isch","=HYPERLINK(""https://www.google.com/search?q=Asian%20Specialty%20Yellowfin%20Tuna%20Steak%20(Select)%20food&tbm=isch"", ""View Image"")"
"yellowfin_tuna_steak_var_2088","European Heirloom Yellowfin Tuna Steak (Artisanal)","seafood","CURATED_KEYWORD_MATCH","NO - Curated","99%","https://images.unsplash.com/photo-1534604973900-c43ab4c2e0ab?auto=format&fit=crop&w=800&q=80","Unsplash / Fresh Caught Seafood & Fish","https://www.google.com/search?q=European%20Heirloom%20Yellowfin%20Tuna%20Steak%20(Artisanal)%20food&tbm=isch","=HYPERLINK(""https://www.google.com/search?q=European%20Heirloom%20Yellowfin%20Tuna%20Steak%20(Artisanal)%20food&tbm=isch"", ""View Image"")"
"yellowfin_tuna_steak_var_2089","Farm-Fresh Premium Yellowfin Tuna Steak (A-Grade)","seafood","CURATED_KEYWORD_MATCH","NO - Curated","99%","https://images.unsplash.com/photo-1534604973900-c43ab4c2e0ab?auto=format&fit=crop&w=800&q=80","Unsplash / Fresh Caught Seafood & Fish","https://www.google.com/search?q=Farm-Fresh%20Premium%20Yellowfin%20Tuna%20Steak%20(A-Grade)%20food&tbm=isch","=HYPERLINK(""https://www.google.com/search?q=Farm-Fresh%20Premium%20Yellowfin%20Tuna%20Steak%20(A-Grade)%20food&tbm=isch"", ""View Image"")"
"yellowfin_tuna_steak_var_2090","Wild-Harvested Yellowfin Tuna Steak (Pure)","seafood","CURATED_KEYWORD_MATCH","NO - Curated","99%","https://images.unsplash.com/photo-1534604973900-c43ab4c2e0ab?auto=format&fit=crop&w=800&q=80","Unsplash / Fresh Caught Seafood & Fish","https://www.google.com/search?q=Wild-Harvested%20Yellowfin%20Tuna%20Steak%20(Pure)%20food&tbm=isch","=HYPERLINK(""https://www.google.com/search?q=Wild-Harvested%20Yellowfin%20Tuna%20Steak%20(Pure)%20food&tbm=isch"", ""View Image"")"
"free_range_chicken_breast","Free Range Chicken Breast","poultry","CURATED_KEYWORD_MATCH","NO - Curated","99%","https://images.unsplash.com/photo-1604503468506-a8da13d82791?auto=format&fit=crop&w=800&q=80","Unsplash / Lean Organic Chicken Breast","https://www.google.com/search?q=Free%20Range%20Chicken%20Breast%20food&tbm=isch","=HYPERLINK(""https://www.google.com/search?q=Free%20Range%20Chicken%20Breast%20food&tbm=isch"", ""View Image"")"
"free_range_chicken_breast_var_2091","Fresh Organic Free Range Chicken Breast","poultry","CURATED_KEYWORD_MATCH","NO - Curated","99%","https://images.unsplash.com/photo-1604503468506-a8da13d82791?auto=format&fit=crop&w=800&q=80","Unsplash / Lean Organic Chicken Breast","https://www.google.com/search?q=Fresh%20Organic%20Free%20Range%20Chicken%20Breast%20food&tbm=isch","=HYPERLINK(""https://www.google.com/search?q=Fresh%20Organic%20Free%20Range%20Chicken%20Breast%20food&tbm=isch"", ""View Image"")"
"free_range_chicken_breast_var_2092","Sun-Dried Free Range Chicken Breast (Dried)","poultry","CURATED_KEYWORD_MATCH","NO - Curated","99%","https://images.unsplash.com/photo-1604503468506-a8da13d82791?auto=format&fit=crop&w=800&q=80","Unsplash / Lean Organic Chicken Breast","https://www.google.com/search?q=Sun-Dried%20Free%20Range%20Chicken%20Breast%20(Dried)%20food&tbm=isch","=HYPERLINK(""https://www.google.com/search?q=Sun-Dried%20Free%20Range%20Chicken%20Breast%20(Dried)%20food&tbm=isch"", ""View Image"")"
"free_range_chicken_breast_var_2093","Himalayan Grade Free Range Chicken Breast (Special)","poultry","CURATED_KEYWORD_MATCH","NO - Curated","99%","https://images.unsplash.com/photo-1604503468506-a8da13d82791?auto=format&fit=crop&w=800&q=80","Unsplash / Lean Organic Chicken Breast","https://www.google.com/search?q=Himalayan%20Grade%20Free%20Range%20Chicken%20Breast%20(Special)%20food&tbm=isch","=HYPERLINK(""https://www.google.com/search?q=Himalayan%20Grade%20Free%20Range%20Chicken%20Breast%20(Special)%20food&tbm=isch"", ""View Image"")"
"free_range_chicken_breast_var_2094","South Indian Free Range Chicken Breast (Traditional)","poultry","CURATED_KEYWORD_MATCH","NO - Curated","99%","https://images.unsplash.com/photo-1604503468506-a8da13d82791?auto=format&fit=crop&w=800&q=80","Unsplash / Lean Organic Chicken Breast","https://www.google.com/search?q=South%20Indian%20Free%20Range%20Chicken%20Breast%20(Traditional)%20food&tbm=isch","=HYPERLINK(""https://www.google.com/search?q=South%20Indian%20Free%20Range%20Chicken%20Breast%20(Traditional)%20food&tbm=isch"", ""View Image"")"
"free_range_chicken_breast_var_2095","North Indian Style Free Range Chicken Breast (Spiced)","poultry","CURATED_KEYWORD_MATCH","NO - Curated","99%","https://images.unsplash.com/photo-1604503468506-a8da13d82791?auto=format&fit=crop&w=800&q=80","Unsplash / Lean Organic Chicken Breast","https://www.google.com/search?q=North%20Indian%20Style%20Free%20Range%20Chicken%20Breast%20(Spiced)%20food&tbm=isch","=HYPERLINK(""https://www.google.com/search?q=North%20Indian%20Style%20Free%20Range%20Chicken%20Breast%20(Spiced)%20food&tbm=isch"", ""View Image"")"
"free_range_chicken_breast_var_2096","Mediterranean Classic Free Range Chicken Breast (Imported)","poultry","CURATED_KEYWORD_MATCH","NO - Curated","99%","https://images.unsplash.com/photo-1604503468506-a8da13d82791?auto=format&fit=crop&w=800&q=80","Unsplash / Lean Organic Chicken Breast","https://www.google.com/search?q=Mediterranean%20Classic%20Free%20Range%20Chicken%20Breast%20(Imported)%20food&tbm=isch","=HYPERLINK(""https://www.google.com/search?q=Mediterranean%20Classic%20Free%20Range%20Chicken%20Breast%20(Imported)%20food&tbm=isch"", ""View Image"")"
"free_range_chicken_breast_var_2097","Asian Specialty Free Range Chicken Breast (Select)","poultry","CURATED_KEYWORD_MATCH","NO - Curated","99%","https://images.unsplash.com/photo-1604503468506-a8da13d82791?auto=format&fit=crop&w=800&q=80","Unsplash / Lean Organic Chicken Breast","https://www.google.com/search?q=Asian%20Specialty%20Free%20Range%20Chicken%20Breast%20(Select)%20food&tbm=isch","=HYPERLINK(""https://www.google.com/search?q=Asian%20Specialty%20Free%20Range%20Chicken%20Breast%20(Select)%20food&tbm=isch"", ""View Image"")"
"free_range_chicken_breast_var_2098","European Heirloom Free Range Chicken Breast (Artisanal)","poultry","CURATED_KEYWORD_MATCH","NO - Curated","99%","https://images.unsplash.com/photo-1604503468506-a8da13d82791?auto=format&fit=crop&w=800&q=80","Unsplash / Lean Organic Chicken Breast","https://www.google.com/search?q=European%20Heirloom%20Free%20Range%20Chicken%20Breast%20(Artisanal)%20food&tbm=isch","=HYPERLINK(""https://www.google.com/search?q=European%20Heirloom%20Free%20Range%20Chicken%20Breast%20(Artisanal)%20food&tbm=isch"", ""View Image"")"
"free_range_chicken_breast_var_2099","Farm-Fresh Premium Free Range Chicken Breast (A-Grade)","poultry","CURATED_KEYWORD_MATCH","NO - Curated","99%","https://images.unsplash.com/photo-1604503468506-a8da13d82791?auto=format&fit=crop&w=800&q=80","Unsplash / Lean Organic Chicken Breast","https://www.google.com/search?q=Farm-Fresh%20Premium%20Free%20Range%20Chicken%20Breast%20(A-Grade)%20food&tbm=isch","=HYPERLINK(""https://www.google.com/search?q=Farm-Fresh%20Premium%20Free%20Range%20Chicken%20Breast%20(A-Grade)%20food&tbm=isch"", ""View Image"")"
"free_range_chicken_breast_var_2100","Wild-Harvested Free Range Chicken Breast (Pure)","poultry","CURATED_KEYWORD_MATCH","NO - Curated","99%","https://images.unsplash.com/photo-1604503468506-a8da13d82791?auto=format&fit=crop&w=800&q=80","Unsplash / Lean Organic Chicken Breast","https://www.google.com/search?q=Wild-Harvested%20Free%20Range%20Chicken%20Breast%20(Pure)%20food&tbm=isch","=HYPERLINK(""https://www.google.com/search?q=Wild-Harvested%20Free%20Range%20Chicken%20Breast%20(Pure)%20food&tbm=isch"", ""View Image"")"
"mutton___goat_meat__curry_cut_","Mutton / Goat Meat (Curry Cut)","meat","CURATED_KEYWORD_MATCH","NO - Curated","99%","https://images.unsplash.com/photo-1602470520998-f4a52199a3d6?auto=format&fit=crop&w=800&q=80","Unsplash / Premium Tender Lamb & Mutton Cuts","https://www.google.com/search?q=Mutton%20%2F%20Goat%20Meat%20(Curry%20Cut)%20food&tbm=isch","=HYPERLINK(""https://www.google.com/search?q=Mutton%20%2F%20Goat%20Meat%20(Curry%20Cut)%20food&tbm=isch"", ""View Image"")"
"mutton___goat_meat__curry_cut__var_2101","Fresh Organic Mutton / Goat Meat (Curry Cut)","meat","CURATED_KEYWORD_MATCH","NO - Curated","99%","https://images.unsplash.com/photo-1602470520998-f4a52199a3d6?auto=format&fit=crop&w=800&q=80","Unsplash / Premium Tender Lamb & Mutton Cuts","https://www.google.com/search?q=Fresh%20Organic%20Mutton%20%2F%20Goat%20Meat%20(Curry%20Cut)%20food&tbm=isch","=HYPERLINK(""https://www.google.com/search?q=Fresh%20Organic%20Mutton%20%2F%20Goat%20Meat%20(Curry%20Cut)%20food&tbm=isch"", ""View Image"")"
"mutton___goat_meat__curry_cut__var_2102","Sun-Dried Mutton / Goat Meat (Curry Cut) (Dried)","meat","CURATED_KEYWORD_MATCH","NO - Curated","99%","https://images.unsplash.com/photo-1602470520998-f4a52199a3d6?auto=format&fit=crop&w=800&q=80","Unsplash / Premium Tender Lamb & Mutton Cuts","https://www.google.com/search?q=Sun-Dried%20Mutton%20%2F%20Goat%20Meat%20(Curry%20Cut)%20(Dried)%20food&tbm=isch","=HYPERLINK(""https://www.google.com/search?q=Sun-Dried%20Mutton%20%2F%20Goat%20Meat%20(Curry%20Cut)%20(Dried)%20food&tbm=isch"", ""View Image"")"
"mutton___goat_meat__curry_cut__var_2103","Himalayan Grade Mutton / Goat Meat (Curry Cut) (Special)","meat","CURATED_KEYWORD_MATCH","NO - Curated","99%","https://images.unsplash.com/photo-1602470520998-f4a52199a3d6?auto=format&fit=crop&w=800&q=80","Unsplash / Premium Tender Lamb & Mutton Cuts","https://www.google.com/search?q=Himalayan%20Grade%20Mutton%20%2F%20Goat%20Meat%20(Curry%20Cut)%20(Special)%20food&tbm=isch","=HYPERLINK(""https://www.google.com/search?q=Himalayan%20Grade%20Mutton%20%2F%20Goat%20Meat%20(Curry%20Cut)%20(Special)%20food&tbm=isch"", ""View Image"")"
"mutton___goat_meat__curry_cut__var_2104","South Indian Mutton / Goat Meat (Curry Cut) (Traditional)","meat","CURATED_KEYWORD_MATCH","NO - Curated","99%","https://images.unsplash.com/photo-1602470520998-f4a52199a3d6?auto=format&fit=crop&w=800&q=80","Unsplash / Premium Tender Lamb & Mutton Cuts","https://www.google.com/search?q=South%20Indian%20Mutton%20%2F%20Goat%20Meat%20(Curry%20Cut)%20(Traditional)%20food&tbm=isch","=HYPERLINK(""https://www.google.com/search?q=South%20Indian%20Mutton%20%2F%20Goat%20Meat%20(Curry%20Cut)%20(Traditional)%20food&tbm=isch"", ""View Image"")"
"mutton___goat_meat__curry_cut__var_2105","North Indian Style Mutton / Goat Meat (Curry Cut) (Spiced)","meat","CURATED_KEYWORD_MATCH","NO - Curated","99%","https://images.unsplash.com/photo-1602470520998-f4a52199a3d6?auto=format&fit=crop&w=800&q=80","Unsplash / Premium Tender Lamb & Mutton Cuts","https://www.google.com/search?q=North%20Indian%20Style%20Mutton%20%2F%20Goat%20Meat%20(Curry%20Cut)%20(Spiced)%20food&tbm=isch","=HYPERLINK(""https://www.google.com/search?q=North%20Indian%20Style%20Mutton%20%2F%20Goat%20Meat%20(Curry%20Cut)%20(Spiced)%20food&tbm=isch"", ""View Image"")"
"mutton___goat_meat__curry_cut__var_2106","Mediterranean Classic Mutton / Goat Meat (Curry Cut) (Imported)","meat","CURATED_KEYWORD_MATCH","NO - Curated","99%","https://images.unsplash.com/photo-1602470520998-f4a52199a3d6?auto=format&fit=crop&w=800&q=80","Unsplash / Premium Tender Lamb & Mutton Cuts","https://www.google.com/search?q=Mediterranean%20Classic%20Mutton%20%2F%20Goat%20Meat%20(Curry%20Cut)%20(Imported)%20food&tbm=isch","=HYPERLINK(""https://www.google.com/search?q=Mediterranean%20Classic%20Mutton%20%2F%20Goat%20Meat%20(Curry%20Cut)%20(Imported)%20food&tbm=isch"", ""View Image"")"
"mutton___goat_meat__curry_cut__var_2107","Asian Specialty Mutton / Goat Meat (Curry Cut) (Select)","meat","CURATED_KEYWORD_MATCH","NO - Curated","99%","https://images.unsplash.com/photo-1602470520998-f4a52199a3d6?auto=format&fit=crop&w=800&q=80","Unsplash / Premium Tender Lamb & Mutton Cuts","https://www.google.com/search?q=Asian%20Specialty%20Mutton%20%2F%20Goat%20Meat%20(Curry%20Cut)%20(Select)%20food&tbm=isch","=HYPERLINK(""https://www.google.com/search?q=Asian%20Specialty%20Mutton%20%2F%20Goat%20Meat%20(Curry%20Cut)%20(Select)%20food&tbm=isch"", ""View Image"")"
"mutton___goat_meat__curry_cut__var_2108","European Heirloom Mutton / Goat Meat (Curry Cut) (Artisanal)","meat","CURATED_KEYWORD_MATCH","NO - Curated","99%","https://images.unsplash.com/photo-1602470520998-f4a52199a3d6?auto=format&fit=crop&w=800&q=80","Unsplash / Premium Tender Lamb & Mutton Cuts","https://www.google.com/search?q=European%20Heirloom%20Mutton%20%2F%20Goat%20Meat%20(Curry%20Cut)%20(Artisanal)%20food&tbm=isch","=HYPERLINK(""https://www.google.com/search?q=European%20Heirloom%20Mutton%20%2F%20Goat%20Meat%20(Curry%20Cut)%20(Artisanal)%20food&tbm=isch"", ""View Image"")"
"mutton___goat_meat__curry_cut__var_2109","Farm-Fresh Premium Mutton / Goat Meat (Curry Cut) (A-Grade)","meat","CURATED_KEYWORD_MATCH","NO - Curated","99%","https://images.unsplash.com/photo-1602470520998-f4a52199a3d6?auto=format&fit=crop&w=800&q=80","Unsplash / Premium Tender Lamb & Mutton Cuts","https://www.google.com/search?q=Farm-Fresh%20Premium%20Mutton%20%2F%20Goat%20Meat%20(Curry%20Cut)%20(A-Grade)%20food&tbm=isch","=HYPERLINK(""https://www.google.com/search?q=Farm-Fresh%20Premium%20Mutton%20%2F%20Goat%20Meat%20(Curry%20Cut)%20(A-Grade)%20food&tbm=isch"", ""View Image"")"
"mutton___goat_meat__curry_cut__var_2110","Wild-Harvested Mutton / Goat Meat (Curry Cut) (Pure)","meat","CURATED_KEYWORD_MATCH","NO - Curated","99%","https://images.unsplash.com/photo-1602470520998-f4a52199a3d6?auto=format&fit=crop&w=800&q=80","Unsplash / Premium Tender Lamb & Mutton Cuts","https://www.google.com/search?q=Wild-Harvested%20Mutton%20%2F%20Goat%20Meat%20(Curry%20Cut)%20(Pure)%20food&tbm=isch","=HYPERLINK(""https://www.google.com/search?q=Wild-Harvested%20Mutton%20%2F%20Goat%20Meat%20(Curry%20Cut)%20(Pure)%20food&tbm=isch"", ""View Image"")"
"grass_fed_beef_ribeye_steak","Grass-Fed Beef Ribeye Steak","meat","CURATED_KEYWORD_MATCH","NO - Curated","99%","https://images.unsplash.com/photo-1603048588665-791ca8aea617?auto=format&fit=crop&w=800&q=80","Unsplash / Grass-Fed Beef Steak","https://www.google.com/search?q=Grass-Fed%20Beef%20Ribeye%20Steak%20food&tbm=isch","=HYPERLINK(""https://www.google.com/search?q=Grass-Fed%20Beef%20Ribeye%20Steak%20food&tbm=isch"", ""View Image"")"
"grass_fed_beef_ribeye_steak_var_2111","Fresh Organic Grass-Fed Beef Ribeye Steak","meat","CURATED_KEYWORD_MATCH","NO - Curated","99%","https://images.unsplash.com/photo-1603048588665-791ca8aea617?auto=format&fit=crop&w=800&q=80","Unsplash / Grass-Fed Beef Steak","https://www.google.com/search?q=Fresh%20Organic%20Grass-Fed%20Beef%20Ribeye%20Steak%20food&tbm=isch","=HYPERLINK(""https://www.google.com/search?q=Fresh%20Organic%20Grass-Fed%20Beef%20Ribeye%20Steak%20food&tbm=isch"", ""View Image"")"
"grass_fed_beef_ribeye_steak_var_2112","Sun-Dried Grass-Fed Beef Ribeye Steak (Dried)","meat","CURATED_KEYWORD_MATCH","NO - Curated","99%","https://images.unsplash.com/photo-1603048588665-791ca8aea617?auto=format&fit=crop&w=800&q=80","Unsplash / Grass-Fed Beef Steak","https://www.google.com/search?q=Sun-Dried%20Grass-Fed%20Beef%20Ribeye%20Steak%20(Dried)%20food&tbm=isch","=HYPERLINK(""https://www.google.com/search?q=Sun-Dried%20Grass-Fed%20Beef%20Ribeye%20Steak%20(Dried)%20food&tbm=isch"", ""View Image"")"
"grass_fed_beef_ribeye_steak_var_2113","Himalayan Grade Grass-Fed Beef Ribeye Steak (Special)","meat","CURATED_KEYWORD_MATCH","NO - Curated","99%","https://images.unsplash.com/photo-1603048588665-791ca8aea617?auto=format&fit=crop&w=800&q=80","Unsplash / Grass-Fed Beef Steak","https://www.google.com/search?q=Himalayan%20Grade%20Grass-Fed%20Beef%20Ribeye%20Steak%20(Special)%20food&tbm=isch","=HYPERLINK(""https://www.google.com/search?q=Himalayan%20Grade%20Grass-Fed%20Beef%20Ribeye%20Steak%20(Special)%20food&tbm=isch"", ""View Image"")"
"grass_fed_beef_ribeye_steak_var_2114","South Indian Grass-Fed Beef Ribeye Steak (Traditional)","meat","CURATED_KEYWORD_MATCH","NO - Curated","99%","https://images.unsplash.com/photo-1603048588665-791ca8aea617?auto=format&fit=crop&w=800&q=80","Unsplash / Grass-Fed Beef Steak","https://www.google.com/search?q=South%20Indian%20Grass-Fed%20Beef%20Ribeye%20Steak%20(Traditional)%20food&tbm=isch","=HYPERLINK(""https://www.google.com/search?q=South%20Indian%20Grass-Fed%20Beef%20Ribeye%20Steak%20(Traditional)%20food&tbm=isch"", ""View Image"")"
"grass_fed_beef_ribeye_steak_var_2115","North Indian Style Grass-Fed Beef Ribeye Steak (Spiced)","meat","CURATED_KEYWORD_MATCH","NO - Curated","99%","https://images.unsplash.com/photo-1603048588665-791ca8aea617?auto=format&fit=crop&w=800&q=80","Unsplash / Grass-Fed Beef Steak","https://www.google.com/search?q=North%20Indian%20Style%20Grass-Fed%20Beef%20Ribeye%20Steak%20(Spiced)%20food&tbm=isch","=HYPERLINK(""https://www.google.com/search?q=North%20Indian%20Style%20Grass-Fed%20Beef%20Ribeye%20Steak%20(Spiced)%20food&tbm=isch"", ""View Image"")"
"grass_fed_beef_ribeye_steak_var_2116","Mediterranean Classic Grass-Fed Beef Ribeye Steak (Imported)","meat","CURATED_KEYWORD_MATCH","NO - Curated","99%","https://images.unsplash.com/photo-1603048588665-791ca8aea617?auto=format&fit=crop&w=800&q=80","Unsplash / Grass-Fed Beef Steak","https://www.google.com/search?q=Mediterranean%20Classic%20Grass-Fed%20Beef%20Ribeye%20Steak%20(Imported)%20food&tbm=isch","=HYPERLINK(""https://www.google.com/search?q=Mediterranean%20Classic%20Grass-Fed%20Beef%20Ribeye%20Steak%20(Imported)%20food&tbm=isch"", ""View Image"")"
"grass_fed_beef_ribeye_steak_var_2117","Asian Specialty Grass-Fed Beef Ribeye Steak (Select)","meat","CURATED_KEYWORD_MATCH","NO - Curated","99%","https://images.unsplash.com/photo-1603048588665-791ca8aea617?auto=format&fit=crop&w=800&q=80","Unsplash / Grass-Fed Beef Steak","https://www.google.com/search?q=Asian%20Specialty%20Grass-Fed%20Beef%20Ribeye%20Steak%20(Select)%20food&tbm=isch","=HYPERLINK(""https://www.google.com/search?q=Asian%20Specialty%20Grass-Fed%20Beef%20Ribeye%20Steak%20(Select)%20food&tbm=isch"", ""View Image"")"
"grass_fed_beef_ribeye_steak_var_2118","European Heirloom Grass-Fed Beef Ribeye Steak (Artisanal)","meat","CURATED_KEYWORD_MATCH","NO - Curated","99%","https://images.unsplash.com/photo-1603048588665-791ca8aea617?auto=format&fit=crop&w=800&q=80","Unsplash / Grass-Fed Beef Steak","https://www.google.com/search?q=European%20Heirloom%20Grass-Fed%20Beef%20Ribeye%20Steak%20(Artisanal)%20food&tbm=isch","=HYPERLINK(""https://www.google.com/search?q=European%20Heirloom%20Grass-Fed%20Beef%20Ribeye%20Steak%20(Artisanal)%20food&tbm=isch"", ""View Image"")"
"grass_fed_beef_ribeye_steak_var_2119","Farm-Fresh Premium Grass-Fed Beef Ribeye Steak (A-Grade)","meat","CURATED_KEYWORD_MATCH","NO - Curated","99%","https://images.unsplash.com/photo-1603048588665-791ca8aea617?auto=format&fit=crop&w=800&q=80","Unsplash / Grass-Fed Beef Steak","https://www.google.com/search?q=Farm-Fresh%20Premium%20Grass-Fed%20Beef%20Ribeye%20Steak%20(A-Grade)%20food&tbm=isch","=HYPERLINK(""https://www.google.com/search?q=Farm-Fresh%20Premium%20Grass-Fed%20Beef%20Ribeye%20Steak%20(A-Grade)%20food&tbm=isch"", ""View Image"")"
"grass_fed_beef_ribeye_steak_var_2120","Wild-Harvested Grass-Fed Beef Ribeye Steak (Pure)","meat","CURATED_KEYWORD_MATCH","NO - Curated","99%","https://images.unsplash.com/photo-1603048588665-791ca8aea617?auto=format&fit=crop&w=800&q=80","Unsplash / Grass-Fed Beef Steak","https://www.google.com/search?q=Wild-Harvested%20Grass-Fed%20Beef%20Ribeye%20Steak%20(Pure)%20food&tbm=isch","=HYPERLINK(""https://www.google.com/search?q=Wild-Harvested%20Grass-Fed%20Beef%20Ribeye%20Steak%20(Pure)%20food&tbm=isch"", ""View Image"")"
"california_almonds","California Almonds","nuts","CURATED_KEYWORD_MATCH","NO - Curated","99%","https://images.unsplash.com/photo-1567007601203-767b7dcfcf10?auto=format&fit=crop&w=800&q=80","Unsplash / Raw Whole California & Mamra Almonds","https://www.google.com/search?q=California%20Almonds%20food&tbm=isch","=HYPERLINK(""https://www.google.com/search?q=California%20Almonds%20food&tbm=isch"", ""View Image"")"
"california_almonds_var_2121","Fresh Organic California Almonds","nuts","CURATED_KEYWORD_MATCH","NO - Curated","99%","https://images.unsplash.com/photo-1567007601203-767b7dcfcf10?auto=format&fit=crop&w=800&q=80","Unsplash / Raw Whole California & Mamra Almonds","https://www.google.com/search?q=Fresh%20Organic%20California%20Almonds%20food&tbm=isch","=HYPERLINK(""https://www.google.com/search?q=Fresh%20Organic%20California%20Almonds%20food&tbm=isch"", ""View Image"")"
"california_almonds_var_2122","Sun-Dried California Almonds (Dried)","nuts","CURATED_KEYWORD_MATCH","NO - Curated","99%","https://images.unsplash.com/photo-1567007601203-767b7dcfcf10?auto=format&fit=crop&w=800&q=80","Unsplash / Raw Whole California & Mamra Almonds","https://www.google.com/search?q=Sun-Dried%20California%20Almonds%20(Dried)%20food&tbm=isch","=HYPERLINK(""https://www.google.com/search?q=Sun-Dried%20California%20Almonds%20(Dried)%20food&tbm=isch"", ""View Image"")"
"california_almonds_var_2123","Himalayan Grade California Almonds (Special)","nuts","CURATED_KEYWORD_MATCH","NO - Curated","99%","https://images.unsplash.com/photo-1567007601203-767b7dcfcf10?auto=format&fit=crop&w=800&q=80","Unsplash / Raw Whole California & Mamra Almonds","https://www.google.com/search?q=Himalayan%20Grade%20California%20Almonds%20(Special)%20food&tbm=isch","=HYPERLINK(""https://www.google.com/search?q=Himalayan%20Grade%20California%20Almonds%20(Special)%20food&tbm=isch"", ""View Image"")"
"california_almonds_var_2124","South Indian California Almonds (Traditional)","nuts","CURATED_KEYWORD_MATCH","NO - Curated","99%","https://images.unsplash.com/photo-1567007601203-767b7dcfcf10?auto=format&fit=crop&w=800&q=80","Unsplash / Raw Whole California & Mamra Almonds","https://www.google.com/search?q=South%20Indian%20California%20Almonds%20(Traditional)%20food&tbm=isch","=HYPERLINK(""https://www.google.com/search?q=South%20Indian%20California%20Almonds%20(Traditional)%20food&tbm=isch"", ""View Image"")"
"california_almonds_var_2125","North Indian Style California Almonds (Spiced)","nuts","CURATED_KEYWORD_MATCH","NO - Curated","99%","https://images.unsplash.com/photo-1567007601203-767b7dcfcf10?auto=format&fit=crop&w=800&q=80","Unsplash / Raw Whole California & Mamra Almonds","https://www.google.com/search?q=North%20Indian%20Style%20California%20Almonds%20(Spiced)%20food&tbm=isch","=HYPERLINK(""https://www.google.com/search?q=North%20Indian%20Style%20California%20Almonds%20(Spiced)%20food&tbm=isch"", ""View Image"")"
"california_almonds_var_2126","Mediterranean Classic California Almonds (Imported)","nuts","CURATED_KEYWORD_MATCH","NO - Curated","99%","https://images.unsplash.com/photo-1567007601203-767b7dcfcf10?auto=format&fit=crop&w=800&q=80","Unsplash / Raw Whole California & Mamra Almonds","https://www.google.com/search?q=Mediterranean%20Classic%20California%20Almonds%20(Imported)%20food&tbm=isch","=HYPERLINK(""https://www.google.com/search?q=Mediterranean%20Classic%20California%20Almonds%20(Imported)%20food&tbm=isch"", ""View Image"")"
"california_almonds_var_2127","Asian Specialty California Almonds (Select)","nuts","CURATED_KEYWORD_MATCH","NO - Curated","99%","https://images.unsplash.com/photo-1567007601203-767b7dcfcf10?auto=format&fit=crop&w=800&q=80","Unsplash / Raw Whole California & Mamra Almonds","https://www.google.com/search?q=Asian%20Specialty%20California%20Almonds%20(Select)%20food&tbm=isch","=HYPERLINK(""https://www.google.com/search?q=Asian%20Specialty%20California%20Almonds%20(Select)%20food&tbm=isch"", ""View Image"")"
"california_almonds_var_2128","European Heirloom California Almonds (Artisanal)","nuts","CURATED_KEYWORD_MATCH","NO - Curated","99%","https://images.unsplash.com/photo-1567007601203-767b7dcfcf10?auto=format&fit=crop&w=800&q=80","Unsplash / Raw Whole California & Mamra Almonds","https://www.google.com/search?q=European%20Heirloom%20California%20Almonds%20(Artisanal)%20food&tbm=isch","=HYPERLINK(""https://www.google.com/search?q=European%20Heirloom%20California%20Almonds%20(Artisanal)%20food&tbm=isch"", ""View Image"")"
"california_almonds_var_2129","Farm-Fresh Premium California Almonds (A-Grade)","nuts","CURATED_KEYWORD_MATCH","NO - Curated","99%","https://images.unsplash.com/photo-1567007601203-767b7dcfcf10?auto=format&fit=crop&w=800&q=80","Unsplash / Raw Whole California & Mamra Almonds","https://www.google.com/search?q=Farm-Fresh%20Premium%20California%20Almonds%20(A-Grade)%20food&tbm=isch","=HYPERLINK(""https://www.google.com/search?q=Farm-Fresh%20Premium%20California%20Almonds%20(A-Grade)%20food&tbm=isch"", ""View Image"")"
"california_almonds_var_2130","Wild-Harvested California Almonds (Pure)","nuts","CURATED_KEYWORD_MATCH","NO - Curated","99%","https://images.unsplash.com/photo-1567007601203-767b7dcfcf10?auto=format&fit=crop&w=800&q=80","Unsplash / Raw Whole California & Mamra Almonds","https://www.google.com/search?q=Wild-Harvested%20California%20Almonds%20(Pure)%20food&tbm=isch","=HYPERLINK(""https://www.google.com/search?q=Wild-Harvested%20California%20Almonds%20(Pure)%20food&tbm=isch"", ""View Image"")"
"raw_walnut_halves","Raw Walnut Halves","nuts","CURATED_KEYWORD_MATCH","NO - Curated","99%","https://images.unsplash.com/photo-1509316975850-ff9c5deb0cd9?auto=format&fit=crop&w=800&q=80","Unsplash / Organic Whole & Shelled Raw Walnuts","https://www.google.com/search?q=Raw%20Walnut%20Halves%20food&tbm=isch","=HYPERLINK(""https://www.google.com/search?q=Raw%20Walnut%20Halves%20food&tbm=isch"", ""View Image"")"
"raw_walnut_halves_var_2131","Fresh Organic Raw Walnut Halves","nuts","CURATED_KEYWORD_MATCH","NO - Curated","99%","https://images.unsplash.com/photo-1509316975850-ff9c5deb0cd9?auto=format&fit=crop&w=800&q=80","Unsplash / Organic Whole & Shelled Raw Walnuts","https://www.google.com/search?q=Fresh%20Organic%20Raw%20Walnut%20Halves%20food&tbm=isch","=HYPERLINK(""https://www.google.com/search?q=Fresh%20Organic%20Raw%20Walnut%20Halves%20food&tbm=isch"", ""View Image"")"
"raw_walnut_halves_var_2132","Sun-Dried Raw Walnut Halves (Dried)","nuts","CURATED_KEYWORD_MATCH","NO - Curated","99%","https://images.unsplash.com/photo-1509316975850-ff9c5deb0cd9?auto=format&fit=crop&w=800&q=80","Unsplash / Organic Whole & Shelled Raw Walnuts","https://www.google.com/search?q=Sun-Dried%20Raw%20Walnut%20Halves%20(Dried)%20food&tbm=isch","=HYPERLINK(""https://www.google.com/search?q=Sun-Dried%20Raw%20Walnut%20Halves%20(Dried)%20food&tbm=isch"", ""View Image"")"
"raw_walnut_halves_var_2133","Himalayan Grade Raw Walnut Halves (Special)","nuts","CURATED_KEYWORD_MATCH","NO - Curated","99%","https://images.unsplash.com/photo-1509316975850-ff9c5deb0cd9?auto=format&fit=crop&w=800&q=80","Unsplash / Organic Whole & Shelled Raw Walnuts","https://www.google.com/search?q=Himalayan%20Grade%20Raw%20Walnut%20Halves%20(Special)%20food&tbm=isch","=HYPERLINK(""https://www.google.com/search?q=Himalayan%20Grade%20Raw%20Walnut%20Halves%20(Special)%20food&tbm=isch"", ""View Image"")"
"raw_walnut_halves_var_2134","South Indian Raw Walnut Halves (Traditional)","nuts","CURATED_KEYWORD_MATCH","NO - Curated","99%","https://images.unsplash.com/photo-1509316975850-ff9c5deb0cd9?auto=format&fit=crop&w=800&q=80","Unsplash / Organic Whole & Shelled Raw Walnuts","https://www.google.com/search?q=South%20Indian%20Raw%20Walnut%20Halves%20(Traditional)%20food&tbm=isch","=HYPERLINK(""https://www.google.com/search?q=South%20Indian%20Raw%20Walnut%20Halves%20(Traditional)%20food&tbm=isch"", ""View Image"")"
"raw_walnut_halves_var_2135","North Indian Style Raw Walnut Halves (Spiced)","nuts","CURATED_KEYWORD_MATCH","NO - Curated","99%","https://images.unsplash.com/photo-1509316975850-ff9c5deb0cd9?auto=format&fit=crop&w=800&q=80","Unsplash / Organic Whole & Shelled Raw Walnuts","https://www.google.com/search?q=North%20Indian%20Style%20Raw%20Walnut%20Halves%20(Spiced)%20food&tbm=isch","=HYPERLINK(""https://www.google.com/search?q=North%20Indian%20Style%20Raw%20Walnut%20Halves%20(Spiced)%20food&tbm=isch"", ""View Image"")"
"raw_walnut_halves_var_2136","Mediterranean Classic Raw Walnut Halves (Imported)","nuts","CURATED_KEYWORD_MATCH","NO - Curated","99%","https://images.unsplash.com/photo-1509316975850-ff9c5deb0cd9?auto=format&fit=crop&w=800&q=80","Unsplash / Organic Whole & Shelled Raw Walnuts","https://www.google.com/search?q=Mediterranean%20Classic%20Raw%20Walnut%20Halves%20(Imported)%20food&tbm=isch","=HYPERLINK(""https://www.google.com/search?q=Mediterranean%20Classic%20Raw%20Walnut%20Halves%20(Imported)%20food&tbm=isch"", ""View Image"")"
"raw_walnut_halves_var_2137","Asian Specialty Raw Walnut Halves (Select)","nuts","CURATED_KEYWORD_MATCH","NO - Curated","99%","https://images.unsplash.com/photo-1509316975850-ff9c5deb0cd9?auto=format&fit=crop&w=800&q=80","Unsplash / Organic Whole & Shelled Raw Walnuts","https://www.google.com/search?q=Asian%20Specialty%20Raw%20Walnut%20Halves%20(Select)%20food&tbm=isch","=HYPERLINK(""https://www.google.com/search?q=Asian%20Specialty%20Raw%20Walnut%20Halves%20(Select)%20food&tbm=isch"", ""View Image"")"
"raw_walnut_halves_var_2138","European Heirloom Raw Walnut Halves (Artisanal)","nuts","CURATED_KEYWORD_MATCH","NO - Curated","99%","https://images.unsplash.com/photo-1509316975850-ff9c5deb0cd9?auto=format&fit=crop&w=800&q=80","Unsplash / Organic Whole & Shelled Raw Walnuts","https://www.google.com/search?q=European%20Heirloom%20Raw%20Walnut%20Halves%20(Artisanal)%20food&tbm=isch","=HYPERLINK(""https://www.google.com/search?q=European%20Heirloom%20Raw%20Walnut%20Halves%20(Artisanal)%20food&tbm=isch"", ""View Image"")"
"raw_walnut_halves_var_2139","Farm-Fresh Premium Raw Walnut Halves (A-Grade)","nuts","CURATED_KEYWORD_MATCH","NO - Curated","99%","https://images.unsplash.com/photo-1509316975850-ff9c5deb0cd9?auto=format&fit=crop&w=800&q=80","Unsplash / Organic Whole & Shelled Raw Walnuts","https://www.google.com/search?q=Farm-Fresh%20Premium%20Raw%20Walnut%20Halves%20(A-Grade)%20food&tbm=isch","=HYPERLINK(""https://www.google.com/search?q=Farm-Fresh%20Premium%20Raw%20Walnut%20Halves%20(A-Grade)%20food&tbm=isch"", ""View Image"")"
"raw_walnut_halves_var_2140","Wild-Harvested Raw Walnut Halves (Pure)","nuts","CURATED_KEYWORD_MATCH","NO - Curated","99%","https://images.unsplash.com/photo-1509316975850-ff9c5deb0cd9?auto=format&fit=crop&w=800&q=80","Unsplash / Organic Whole & Shelled Raw Walnuts","https://www.google.com/search?q=Wild-Harvested%20Raw%20Walnut%20Halves%20(Pure)%20food&tbm=isch","=HYPERLINK(""https://www.google.com/search?q=Wild-Harvested%20Raw%20Walnut%20Halves%20(Pure)%20food&tbm=isch"", ""View Image"")"
"chia_seeds","Chia Seeds","seeds","CURATED_KEYWORD_MATCH","NO - Curated","99%","https://images.unsplash.com/photo-1541083039736-fb320dec4509?auto=format&fit=crop&w=800&q=80","Unsplash / High-Fiber Organic Chia Seeds","https://www.google.com/search?q=Chia%20Seeds%20food&tbm=isch","=HYPERLINK(""https://www.google.com/search?q=Chia%20Seeds%20food&tbm=isch"", ""View Image"")"
"chia_seeds_var_2141","Fresh Organic Chia Seeds","seeds","CURATED_KEYWORD_MATCH","NO - Curated","99%","https://images.unsplash.com/photo-1541083039736-fb320dec4509?auto=format&fit=crop&w=800&q=80","Unsplash / High-Fiber Organic Chia Seeds","https://www.google.com/search?q=Fresh%20Organic%20Chia%20Seeds%20food&tbm=isch","=HYPERLINK(""https://www.google.com/search?q=Fresh%20Organic%20Chia%20Seeds%20food&tbm=isch"", ""View Image"")"
"chia_seeds_var_2142","Sun-Dried Chia Seeds (Dried)","seeds","CURATED_KEYWORD_MATCH","NO - Curated","99%","https://images.unsplash.com/photo-1541083039736-fb320dec4509?auto=format&fit=crop&w=800&q=80","Unsplash / High-Fiber Organic Chia Seeds","https://www.google.com/search?q=Sun-Dried%20Chia%20Seeds%20(Dried)%20food&tbm=isch","=HYPERLINK(""https://www.google.com/search?q=Sun-Dried%20Chia%20Seeds%20(Dried)%20food&tbm=isch"", ""View Image"")"
"chia_seeds_var_2143","Himalayan Grade Chia Seeds (Special)","seeds","CURATED_KEYWORD_MATCH","NO - Curated","99%","https://images.unsplash.com/photo-1541083039736-fb320dec4509?auto=format&fit=crop&w=800&q=80","Unsplash / High-Fiber Organic Chia Seeds","https://www.google.com/search?q=Himalayan%20Grade%20Chia%20Seeds%20(Special)%20food&tbm=isch","=HYPERLINK(""https://www.google.com/search?q=Himalayan%20Grade%20Chia%20Seeds%20(Special)%20food&tbm=isch"", ""View Image"")"
"chia_seeds_var_2144","South Indian Chia Seeds (Traditional)","seeds","CURATED_KEYWORD_MATCH","NO - Curated","99%","https://images.unsplash.com/photo-1541083039736-fb320dec4509?auto=format&fit=crop&w=800&q=80","Unsplash / High-Fiber Organic Chia Seeds","https://www.google.com/search?q=South%20Indian%20Chia%20Seeds%20(Traditional)%20food&tbm=isch","=HYPERLINK(""https://www.google.com/search?q=South%20Indian%20Chia%20Seeds%20(Traditional)%20food&tbm=isch"", ""View Image"")"
"chia_seeds_var_2145","North Indian Style Chia Seeds (Spiced)","seeds","CURATED_KEYWORD_MATCH","NO - Curated","99%","https://images.unsplash.com/photo-1541083039736-fb320dec4509?auto=format&fit=crop&w=800&q=80","Unsplash / High-Fiber Organic Chia Seeds","https://www.google.com/search?q=North%20Indian%20Style%20Chia%20Seeds%20(Spiced)%20food&tbm=isch","=HYPERLINK(""https://www.google.com/search?q=North%20Indian%20Style%20Chia%20Seeds%20(Spiced)%20food&tbm=isch"", ""View Image"")"
"chia_seeds_var_2146","Mediterranean Classic Chia Seeds (Imported)","seeds","CURATED_KEYWORD_MATCH","NO - Curated","99%","https://images.unsplash.com/photo-1541083039736-fb320dec4509?auto=format&fit=crop&w=800&q=80","Unsplash / High-Fiber Organic Chia Seeds","https://www.google.com/search?q=Mediterranean%20Classic%20Chia%20Seeds%20(Imported)%20food&tbm=isch","=HYPERLINK(""https://www.google.com/search?q=Mediterranean%20Classic%20Chia%20Seeds%20(Imported)%20food&tbm=isch"", ""View Image"")"
"chia_seeds_var_2147","Asian Specialty Chia Seeds (Select)","seeds","CURATED_KEYWORD_MATCH","NO - Curated","99%","https://images.unsplash.com/photo-1541083039736-fb320dec4509?auto=format&fit=crop&w=800&q=80","Unsplash / High-Fiber Organic Chia Seeds","https://www.google.com/search?q=Asian%20Specialty%20Chia%20Seeds%20(Select)%20food&tbm=isch","=HYPERLINK(""https://www.google.com/search?q=Asian%20Specialty%20Chia%20Seeds%20(Select)%20food&tbm=isch"", ""View Image"")"
"chia_seeds_var_2148","European Heirloom Chia Seeds (Artisanal)","seeds","CURATED_KEYWORD_MATCH","NO - Curated","99%","https://images.unsplash.com/photo-1541083039736-fb320dec4509?auto=format&fit=crop&w=800&q=80","Unsplash / High-Fiber Organic Chia Seeds","https://www.google.com/search?q=European%20Heirloom%20Chia%20Seeds%20(Artisanal)%20food&tbm=isch","=HYPERLINK(""https://www.google.com/search?q=European%20Heirloom%20Chia%20Seeds%20(Artisanal)%20food&tbm=isch"", ""View Image"")"
"chia_seeds_var_2149","Farm-Fresh Premium Chia Seeds (A-Grade)","seeds","CURATED_KEYWORD_MATCH","NO - Curated","99%","https://images.unsplash.com/photo-1541083039736-fb320dec4509?auto=format&fit=crop&w=800&q=80","Unsplash / High-Fiber Organic Chia Seeds","https://www.google.com/search?q=Farm-Fresh%20Premium%20Chia%20Seeds%20(A-Grade)%20food&tbm=isch","=HYPERLINK(""https://www.google.com/search?q=Farm-Fresh%20Premium%20Chia%20Seeds%20(A-Grade)%20food&tbm=isch"", ""View Image"")"
"chia_seeds_var_2150","Wild-Harvested Chia Seeds (Pure)","seeds","CURATED_KEYWORD_MATCH","NO - Curated","99%","https://images.unsplash.com/photo-1541083039736-fb320dec4509?auto=format&fit=crop&w=800&q=80","Unsplash / High-Fiber Organic Chia Seeds","https://www.google.com/search?q=Wild-Harvested%20Chia%20Seeds%20(Pure)%20food&tbm=isch","=HYPERLINK(""https://www.google.com/search?q=Wild-Harvested%20Chia%20Seeds%20(Pure)%20food&tbm=isch"", ""View Image"")"
"flaxseeds__alsi__var_2151","Fresh Organic Flaxseeds (Alsi)","seeds","CURATED_KEYWORD_MATCH","NO - Curated","99%","https://images.unsplash.com/photo-1541083039736-fb320dec4509?auto=format&fit=crop&w=800&q=80","Unsplash / Nutrient-Packed Superfood Seeds","https://www.google.com/search?q=Fresh%20Organic%20Flaxseeds%20(Alsi)%20food&tbm=isch","=HYPERLINK(""https://www.google.com/search?q=Fresh%20Organic%20Flaxseeds%20(Alsi)%20food&tbm=isch"", ""View Image"")"
"flaxseeds__alsi__var_2152","Sun-Dried Flaxseeds (Alsi) (Dried)","seeds","CURATED_KEYWORD_MATCH","NO - Curated","99%","https://images.unsplash.com/photo-1541083039736-fb320dec4509?auto=format&fit=crop&w=800&q=80","Unsplash / Nutrient-Packed Superfood Seeds","https://www.google.com/search?q=Sun-Dried%20Flaxseeds%20(Alsi)%20(Dried)%20food&tbm=isch","=HYPERLINK(""https://www.google.com/search?q=Sun-Dried%20Flaxseeds%20(Alsi)%20(Dried)%20food&tbm=isch"", ""View Image"")"
"flaxseeds__alsi__var_2153","Himalayan Grade Flaxseeds (Alsi) (Special)","seeds","CURATED_KEYWORD_MATCH","NO - Curated","99%","https://images.unsplash.com/photo-1541083039736-fb320dec4509?auto=format&fit=crop&w=800&q=80","Unsplash / Nutrient-Packed Superfood Seeds","https://www.google.com/search?q=Himalayan%20Grade%20Flaxseeds%20(Alsi)%20(Special)%20food&tbm=isch","=HYPERLINK(""https://www.google.com/search?q=Himalayan%20Grade%20Flaxseeds%20(Alsi)%20(Special)%20food&tbm=isch"", ""View Image"")"
"flaxseeds__alsi__var_2154","South Indian Flaxseeds (Alsi) (Traditional)","seeds","CURATED_KEYWORD_MATCH","NO - Curated","99%","https://images.unsplash.com/photo-1541083039736-fb320dec4509?auto=format&fit=crop&w=800&q=80","Unsplash / Nutrient-Packed Superfood Seeds","https://www.google.com/search?q=South%20Indian%20Flaxseeds%20(Alsi)%20(Traditional)%20food&tbm=isch","=HYPERLINK(""https://www.google.com/search?q=South%20Indian%20Flaxseeds%20(Alsi)%20(Traditional)%20food&tbm=isch"", ""View Image"")"
"flaxseeds__alsi__var_2155","North Indian Style Flaxseeds (Alsi) (Spiced)","seeds","CURATED_KEYWORD_MATCH","NO - Curated","99%","https://images.unsplash.com/photo-1541083039736-fb320dec4509?auto=format&fit=crop&w=800&q=80","Unsplash / Nutrient-Packed Superfood Seeds","https://www.google.com/search?q=North%20Indian%20Style%20Flaxseeds%20(Alsi)%20(Spiced)%20food&tbm=isch","=HYPERLINK(""https://www.google.com/search?q=North%20Indian%20Style%20Flaxseeds%20(Alsi)%20(Spiced)%20food&tbm=isch"", ""View Image"")"
"flaxseeds__alsi__var_2156","Mediterranean Classic Flaxseeds (Alsi) (Imported)","seeds","CURATED_KEYWORD_MATCH","NO - Curated","99%","https://images.unsplash.com/photo-1541083039736-fb320dec4509?auto=format&fit=crop&w=800&q=80","Unsplash / Nutrient-Packed Superfood Seeds","https://www.google.com/search?q=Mediterranean%20Classic%20Flaxseeds%20(Alsi)%20(Imported)%20food&tbm=isch","=HYPERLINK(""https://www.google.com/search?q=Mediterranean%20Classic%20Flaxseeds%20(Alsi)%20(Imported)%20food&tbm=isch"", ""View Image"")"
"flaxseeds__alsi__var_2157","Asian Specialty Flaxseeds (Alsi) (Select)","seeds","CURATED_KEYWORD_MATCH","NO - Curated","99%","https://images.unsplash.com/photo-1541083039736-fb320dec4509?auto=format&fit=crop&w=800&q=80","Unsplash / Nutrient-Packed Superfood Seeds","https://www.google.com/search?q=Asian%20Specialty%20Flaxseeds%20(Alsi)%20(Select)%20food&tbm=isch","=HYPERLINK(""https://www.google.com/search?q=Asian%20Specialty%20Flaxseeds%20(Alsi)%20(Select)%20food&tbm=isch"", ""View Image"")"
"flaxseeds__alsi__var_2158","European Heirloom Flaxseeds (Alsi) (Artisanal)","seeds","CURATED_KEYWORD_MATCH","NO - Curated","99%","https://images.unsplash.com/photo-1541083039736-fb320dec4509?auto=format&fit=crop&w=800&q=80","Unsplash / Nutrient-Packed Superfood Seeds","https://www.google.com/search?q=European%20Heirloom%20Flaxseeds%20(Alsi)%20(Artisanal)%20food&tbm=isch","=HYPERLINK(""https://www.google.com/search?q=European%20Heirloom%20Flaxseeds%20(Alsi)%20(Artisanal)%20food&tbm=isch"", ""View Image"")"
"flaxseeds__alsi__var_2159","Farm-Fresh Premium Flaxseeds (Alsi) (A-Grade)","seeds","CURATED_KEYWORD_MATCH","NO - Curated","99%","https://images.unsplash.com/photo-1541083039736-fb320dec4509?auto=format&fit=crop&w=800&q=80","Unsplash / Nutrient-Packed Superfood Seeds","https://www.google.com/search?q=Farm-Fresh%20Premium%20Flaxseeds%20(Alsi)%20(A-Grade)%20food&tbm=isch","=HYPERLINK(""https://www.google.com/search?q=Farm-Fresh%20Premium%20Flaxseeds%20(Alsi)%20(A-Grade)%20food&tbm=isch"", ""View Image"")"
"flaxseeds__alsi__var_2160","Wild-Harvested Flaxseeds (Alsi) (Pure)","seeds","CURATED_KEYWORD_MATCH","NO - Curated","99%","https://images.unsplash.com/photo-1541083039736-fb320dec4509?auto=format&fit=crop&w=800&q=80","Unsplash / Nutrient-Packed Superfood Seeds","https://www.google.com/search?q=Wild-Harvested%20Flaxseeds%20(Alsi)%20(Pure)%20food&tbm=isch","=HYPERLINK(""https://www.google.com/search?q=Wild-Harvested%20Flaxseeds%20(Alsi)%20(Pure)%20food&tbm=isch"", ""View Image"")"
"raw_wildflower_honey","Raw Wildflower Honey","sweets","CURATED_KEYWORD_MATCH","NO - Curated","99%","https://cdn.pixabay.com/photo/2015/11/07/11/55/honey-1031057_640.jpg","Pixabay / Pure Wildflower Honey Jar","https://www.google.com/search?q=Raw%20Wildflower%20Honey%20food&tbm=isch","=HYPERLINK(""https://www.google.com/search?q=Raw%20Wildflower%20Honey%20food&tbm=isch"", ""View Image"")"
"raw_wildflower_honey_var_2161","Fresh Organic Raw Wildflower Honey","sweets","CURATED_KEYWORD_MATCH","NO - Curated","99%","https://cdn.pixabay.com/photo/2015/11/07/11/55/honey-1031057_640.jpg","Pixabay / Pure Wildflower Honey Jar","https://www.google.com/search?q=Fresh%20Organic%20Raw%20Wildflower%20Honey%20food&tbm=isch","=HYPERLINK(""https://www.google.com/search?q=Fresh%20Organic%20Raw%20Wildflower%20Honey%20food&tbm=isch"", ""View Image"")"
"raw_wildflower_honey_var_2162","Sun-Dried Raw Wildflower Honey (Dried)","sweets","CURATED_KEYWORD_MATCH","NO - Curated","99%","https://cdn.pixabay.com/photo/2015/11/07/11/55/honey-1031057_640.jpg","Pixabay / Pure Wildflower Honey Jar","https://www.google.com/search?q=Sun-Dried%20Raw%20Wildflower%20Honey%20(Dried)%20food&tbm=isch","=HYPERLINK(""https://www.google.com/search?q=Sun-Dried%20Raw%20Wildflower%20Honey%20(Dried)%20food&tbm=isch"", ""View Image"")"
"raw_wildflower_honey_var_2163","Himalayan Grade Raw Wildflower Honey (Special)","sweets","CURATED_KEYWORD_MATCH","NO - Curated","99%","https://cdn.pixabay.com/photo/2015/11/07/11/55/honey-1031057_640.jpg","Pixabay / Pure Wildflower Honey Jar","https://www.google.com/search?q=Himalayan%20Grade%20Raw%20Wildflower%20Honey%20(Special)%20food&tbm=isch","=HYPERLINK(""https://www.google.com/search?q=Himalayan%20Grade%20Raw%20Wildflower%20Honey%20(Special)%20food&tbm=isch"", ""View Image"")"
"raw_wildflower_honey_var_2164","South Indian Raw Wildflower Honey (Traditional)","sweets","CURATED_KEYWORD_MATCH","NO - Curated","99%","https://cdn.pixabay.com/photo/2015/11/07/11/55/honey-1031057_640.jpg","Pixabay / Pure Wildflower Honey Jar","https://www.google.com/search?q=South%20Indian%20Raw%20Wildflower%20Honey%20(Traditional)%20food&tbm=isch","=HYPERLINK(""https://www.google.com/search?q=South%20Indian%20Raw%20Wildflower%20Honey%20(Traditional)%20food&tbm=isch"", ""View Image"")"
"raw_wildflower_honey_var_2165","North Indian Style Raw Wildflower Honey (Spiced)","sweets","CURATED_KEYWORD_MATCH","NO - Curated","99%","https://cdn.pixabay.com/photo/2015/11/07/11/55/honey-1031057_640.jpg","Pixabay / Pure Wildflower Honey Jar","https://www.google.com/search?q=North%20Indian%20Style%20Raw%20Wildflower%20Honey%20(Spiced)%20food&tbm=isch","=HYPERLINK(""https://www.google.com/search?q=North%20Indian%20Style%20Raw%20Wildflower%20Honey%20(Spiced)%20food&tbm=isch"", ""View Image"")"
"raw_wildflower_honey_var_2166","Mediterranean Classic Raw Wildflower Honey (Imported)","sweets","CURATED_KEYWORD_MATCH","NO - Curated","99%","https://cdn.pixabay.com/photo/2015/11/07/11/55/honey-1031057_640.jpg","Pixabay / Pure Wildflower Honey Jar","https://www.google.com/search?q=Mediterranean%20Classic%20Raw%20Wildflower%20Honey%20(Imported)%20food&tbm=isch","=HYPERLINK(""https://www.google.com/search?q=Mediterranean%20Classic%20Raw%20Wildflower%20Honey%20(Imported)%20food&tbm=isch"", ""View Image"")"
"raw_wildflower_honey_var_2167","Asian Specialty Raw Wildflower Honey (Select)","sweets","CURATED_KEYWORD_MATCH","NO - Curated","99%","https://cdn.pixabay.com/photo/2015/11/07/11/55/honey-1031057_640.jpg","Pixabay / Pure Wildflower Honey Jar","https://www.google.com/search?q=Asian%20Specialty%20Raw%20Wildflower%20Honey%20(Select)%20food&tbm=isch","=HYPERLINK(""https://www.google.com/search?q=Asian%20Specialty%20Raw%20Wildflower%20Honey%20(Select)%20food&tbm=isch"", ""View Image"")"
"raw_wildflower_honey_var_2168","European Heirloom Raw Wildflower Honey (Artisanal)","sweets","CURATED_KEYWORD_MATCH","NO - Curated","99%","https://cdn.pixabay.com/photo/2015/11/07/11/55/honey-1031057_640.jpg","Pixabay / Pure Wildflower Honey Jar","https://www.google.com/search?q=European%20Heirloom%20Raw%20Wildflower%20Honey%20(Artisanal)%20food&tbm=isch","=HYPERLINK(""https://www.google.com/search?q=European%20Heirloom%20Raw%20Wildflower%20Honey%20(Artisanal)%20food&tbm=isch"", ""View Image"")"
"raw_wildflower_honey_var_2169","Farm-Fresh Premium Raw Wildflower Honey (A-Grade)","sweets","CURATED_KEYWORD_MATCH","NO - Curated","99%","https://cdn.pixabay.com/photo/2015/11/07/11/55/honey-1031057_640.jpg","Pixabay / Pure Wildflower Honey Jar","https://www.google.com/search?q=Farm-Fresh%20Premium%20Raw%20Wildflower%20Honey%20(A-Grade)%20food&tbm=isch","=HYPERLINK(""https://www.google.com/search?q=Farm-Fresh%20Premium%20Raw%20Wildflower%20Honey%20(A-Grade)%20food&tbm=isch"", ""View Image"")"
"raw_wildflower_honey_var_2170","Wild-Harvested Raw Wildflower Honey (Pure)","sweets","CURATED_KEYWORD_MATCH","NO - Curated","99%","https://cdn.pixabay.com/photo/2015/11/07/11/55/honey-1031057_640.jpg","Pixabay / Pure Wildflower Honey Jar","https://www.google.com/search?q=Wild-Harvested%20Raw%20Wildflower%20Honey%20(Pure)%20food&tbm=isch","=HYPERLINK(""https://www.google.com/search?q=Wild-Harvested%20Raw%20Wildflower%20Honey%20(Pure)%20food&tbm=isch"", ""View Image"")"
"organic_jaggery__gur_","Organic Jaggery (Gur)","sweets","CURATED_KEYWORD_MATCH","NO - Curated","99%","https://images.unsplash.com/photo-1608039829572-78524f79c4c7?auto=format&fit=crop&w=800&q=80","Wikimedia / Traditional Unrefined Jaggery (Gur)","https://www.google.com/search?q=Organic%20Jaggery%20(Gur)%20food&tbm=isch","=HYPERLINK(""https://www.google.com/search?q=Organic%20Jaggery%20(Gur)%20food&tbm=isch"", ""View Image"")"
"organic_jaggery__gur__var_2171","Fresh Organic Organic Jaggery (Gur)","sweets","CURATED_KEYWORD_MATCH","NO - Curated","99%","https://images.unsplash.com/photo-1608039829572-78524f79c4c7?auto=format&fit=crop&w=800&q=80","Wikimedia / Traditional Unrefined Jaggery (Gur)","https://www.google.com/search?q=Fresh%20Organic%20Organic%20Jaggery%20(Gur)%20food&tbm=isch","=HYPERLINK(""https://www.google.com/search?q=Fresh%20Organic%20Organic%20Jaggery%20(Gur)%20food&tbm=isch"", ""View Image"")"
"organic_jaggery__gur__var_2172","Sun-Dried Organic Jaggery (Gur) (Dried)","sweets","CURATED_KEYWORD_MATCH","NO - Curated","99%","https://images.unsplash.com/photo-1608039829572-78524f79c4c7?auto=format&fit=crop&w=800&q=80","Wikimedia / Traditional Unrefined Jaggery (Gur)","https://www.google.com/search?q=Sun-Dried%20Organic%20Jaggery%20(Gur)%20(Dried)%20food&tbm=isch","=HYPERLINK(""https://www.google.com/search?q=Sun-Dried%20Organic%20Jaggery%20(Gur)%20(Dried)%20food&tbm=isch"", ""View Image"")"
"organic_jaggery__gur__var_2173","Himalayan Grade Organic Jaggery (Gur) (Special)","sweets","CURATED_KEYWORD_MATCH","NO - Curated","99%","https://images.unsplash.com/photo-1608039829572-78524f79c4c7?auto=format&fit=crop&w=800&q=80","Wikimedia / Traditional Unrefined Jaggery (Gur)","https://www.google.com/search?q=Himalayan%20Grade%20Organic%20Jaggery%20(Gur)%20(Special)%20food&tbm=isch","=HYPERLINK(""https://www.google.com/search?q=Himalayan%20Grade%20Organic%20Jaggery%20(Gur)%20(Special)%20food&tbm=isch"", ""View Image"")"
"organic_jaggery__gur__var_2174","South Indian Organic Jaggery (Gur) (Traditional)","sweets","CURATED_KEYWORD_MATCH","NO - Curated","99%","https://images.unsplash.com/photo-1608039829572-78524f79c4c7?auto=format&fit=crop&w=800&q=80","Wikimedia / Traditional Unrefined Jaggery (Gur)","https://www.google.com/search?q=South%20Indian%20Organic%20Jaggery%20(Gur)%20(Traditional)%20food&tbm=isch","=HYPERLINK(""https://www.google.com/search?q=South%20Indian%20Organic%20Jaggery%20(Gur)%20(Traditional)%20food&tbm=isch"", ""View Image"")"
"organic_jaggery__gur__var_2175","North Indian Style Organic Jaggery (Gur) (Spiced)","sweets","CURATED_KEYWORD_MATCH","NO - Curated","99%","https://images.unsplash.com/photo-1608039829572-78524f79c4c7?auto=format&fit=crop&w=800&q=80","Wikimedia / Traditional Unrefined Jaggery (Gur)","https://www.google.com/search?q=North%20Indian%20Style%20Organic%20Jaggery%20(Gur)%20(Spiced)%20food&tbm=isch","=HYPERLINK(""https://www.google.com/search?q=North%20Indian%20Style%20Organic%20Jaggery%20(Gur)%20(Spiced)%20food&tbm=isch"", ""View Image"")"
"organic_jaggery__gur__var_2176","Mediterranean Classic Organic Jaggery (Gur) (Imported)","sweets","CURATED_KEYWORD_MATCH","NO - Curated","99%","https://images.unsplash.com/photo-1608039829572-78524f79c4c7?auto=format&fit=crop&w=800&q=80","Wikimedia / Traditional Unrefined Jaggery (Gur)","https://www.google.com/search?q=Mediterranean%20Classic%20Organic%20Jaggery%20(Gur)%20(Imported)%20food&tbm=isch","=HYPERLINK(""https://www.google.com/search?q=Mediterranean%20Classic%20Organic%20Jaggery%20(Gur)%20(Imported)%20food&tbm=isch"", ""View Image"")"
"organic_jaggery__gur__var_2177","Asian Specialty Organic Jaggery (Gur) (Select)","sweets","CURATED_KEYWORD_MATCH","NO - Curated","99%","https://images.unsplash.com/photo-1608039829572-78524f79c4c7?auto=format&fit=crop&w=800&q=80","Wikimedia / Traditional Unrefined Jaggery (Gur)","https://www.google.com/search?q=Asian%20Specialty%20Organic%20Jaggery%20(Gur)%20(Select)%20food&tbm=isch","=HYPERLINK(""https://www.google.com/search?q=Asian%20Specialty%20Organic%20Jaggery%20(Gur)%20(Select)%20food&tbm=isch"", ""View Image"")"
"organic_jaggery__gur__var_2178","European Heirloom Organic Jaggery (Gur) (Artisanal)","sweets","CURATED_KEYWORD_MATCH","NO - Curated","99%","https://images.unsplash.com/photo-1608039829572-78524f79c4c7?auto=format&fit=crop&w=800&q=80","Wikimedia / Traditional Unrefined Jaggery (Gur)","https://www.google.com/search?q=European%20Heirloom%20Organic%20Jaggery%20(Gur)%20(Artisanal)%20food&tbm=isch","=HYPERLINK(""https://www.google.com/search?q=European%20Heirloom%20Organic%20Jaggery%20(Gur)%20(Artisanal)%20food&tbm=isch"", ""View Image"")"
"organic_jaggery__gur__var_2179","Farm-Fresh Premium Organic Jaggery (Gur) (A-Grade)","sweets","CURATED_KEYWORD_MATCH","NO - Curated","99%","https://images.unsplash.com/photo-1608039829572-78524f79c4c7?auto=format&fit=crop&w=800&q=80","Wikimedia / Traditional Unrefined Jaggery (Gur)","https://www.google.com/search?q=Farm-Fresh%20Premium%20Organic%20Jaggery%20(Gur)%20(A-Grade)%20food&tbm=isch","=HYPERLINK(""https://www.google.com/search?q=Farm-Fresh%20Premium%20Organic%20Jaggery%20(Gur)%20(A-Grade)%20food&tbm=isch"", ""View Image"")"
"organic_jaggery__gur__var_2180","Wild-Harvested Organic Jaggery (Gur) (Pure)","sweets","CURATED_KEYWORD_MATCH","NO - Curated","99%","https://images.unsplash.com/photo-1608039829572-78524f79c4c7?auto=format&fit=crop&w=800&q=80","Wikimedia / Traditional Unrefined Jaggery (Gur)","https://www.google.com/search?q=Wild-Harvested%20Organic%20Jaggery%20(Gur)%20(Pure)%20food&tbm=isch","=HYPERLINK(""https://www.google.com/search?q=Wild-Harvested%20Organic%20Jaggery%20(Gur)%20(Pure)%20food&tbm=isch"", ""View Image"")"
"tender_coconut_ilaneer","Tender Coconut (Ilaneer)","fruits","CURATED_KEYWORD_MATCH","NO - Curated","99%","https://images.unsplash.com/photo-1543362906-acfc16c67564?auto=format&fit=crop&w=800&q=80","Unsplash / Fresh Tender Coconut & Water","https://www.google.com/search?q=Tender%20Coconut%20(Ilaneer)%20food&tbm=isch","=HYPERLINK(""https://www.google.com/search?q=Tender%20Coconut%20(Ilaneer)%20food&tbm=isch"", ""View Image"")"
"coconut_meat_malai","Tender Coconut Meat (Malai)","fruits","CURATED_KEYWORD_MATCH","NO - Curated","99%","https://images.unsplash.com/photo-1543362906-acfc16c67564?auto=format&fit=crop&w=800&q=80","Unsplash / Fresh Tender Coconut & Water","https://www.google.com/search?q=Tender%20Coconut%20Meat%20(Malai)%20food&tbm=isch","=HYPERLINK(""https://www.google.com/search?q=Tender%20Coconut%20Meat%20(Malai)%20food&tbm=isch"", ""View Image"")"
"coconut_sprout_thengam_poo","Sprouted Coconut (Thengam Poo)","fruits","CURATED_KEYWORD_MATCH","NO - Curated","99%","https://images.unsplash.com/photo-1589985270826-4b7bb135bc9d?auto=format&fit=crop&w=800&q=80","Unsplash / Fresh Mature Coconut","https://www.google.com/search?q=Sprouted%20Coconut%20(Thengam%20Poo)%20food&tbm=isch","=HYPERLINK(""https://www.google.com/search?q=Sprouted%20Coconut%20(Thengam%20Poo)%20food&tbm=isch"", ""View Image"")"
"palmyra_nungu_ice_apple","Nungu / Ice Apple (Palmyra Fruit)","fruits","CURATED_KEYWORD_MATCH","NO - Curated","99%","https://images.unsplash.com/photo-1560806887-1e4cd0b6cbd6?auto=format&fit=crop&w=800&q=80","Unsplash / Fresh Crisp Apple","https://www.google.com/search?q=Nungu%20%2F%20Ice%20Apple%20(Palmyra%20Fruit)%20food&tbm=isch","=HYPERLINK(""https://www.google.com/search?q=Nungu%20%2F%20Ice%20Apple%20(Palmyra%20Fruit)%20food&tbm=isch"", ""View Image"")"
"palmyra_sprout_panai_kizhangu","Palmyra Sprout (Panai Kizhangu)","vegetables","CURATED_KEYWORD_MATCH","NO - Curated","99%","https://images.unsplash.com/photo-1590779033100-9f60a05a013d?auto=format&fit=crop&w=800&q=80","Unsplash / Traditional Palmyra Palm Sprouts (Panai Kizhangu)","https://www.google.com/search?q=Palmyra%20Sprout%20(Panai%20Kizhangu)%20food&tbm=isch","=HYPERLINK(""https://www.google.com/search?q=Palmyra%20Sprout%20(Panai%20Kizhangu)%20food&tbm=isch"", ""View Image"")"
"palmyra_jaggery_karupatti","Palmyra Jaggery (Karupatti)","sweeteners","CURATED_KEYWORD_MATCH","NO - Curated","99%","https://images.unsplash.com/photo-1608039829572-78524f79c4c7?auto=format&fit=crop&w=800&q=80","Wikimedia / Traditional Unrefined Jaggery (Gur)","https://www.google.com/search?q=Palmyra%20Jaggery%20(Karupatti)%20food&tbm=isch","=HYPERLINK(""https://www.google.com/search?q=Palmyra%20Jaggery%20(Karupatti)%20food&tbm=isch"", ""View Image"")"
"dragon_fruit_red_fleshed","Red Dragon Fruit (Pitaya Roja)","fruits","CURATED_KEYWORD_MATCH","NO - Curated","99%","https://images.unsplash.com/photo-1527325678964-54921661f888?auto=format&fit=crop&w=800&q=80","Unsplash / Vibrant Pink Dragon Fruit","https://www.google.com/search?q=Red%20Dragon%20Fruit%20(Pitaya%20Roja)%20food&tbm=isch","=HYPERLINK(""https://www.google.com/search?q=Red%20Dragon%20Fruit%20(Pitaya%20Roja)%20food&tbm=isch"", ""View Image"")"
"dragon_fruit_yellow","Yellow Dragon Fruit (Pitahaya Amarilla)","fruits","CURATED_KEYWORD_MATCH","NO - Curated","99%","https://images.unsplash.com/photo-1527325678964-54921661f888?auto=format&fit=crop&w=800&q=80","Unsplash / Vibrant Pink Dragon Fruit","https://www.google.com/search?q=Yellow%20Dragon%20Fruit%20(Pitahaya%20Amarilla)%20food&tbm=isch","=HYPERLINK(""https://www.google.com/search?q=Yellow%20Dragon%20Fruit%20(Pitahaya%20Amarilla)%20food&tbm=isch"", ""View Image"")"
"manathakkali_keerai","Black Nightshade Leaves (Manathakkali Keerai)","vegetables","CURATED_KEYWORD_MATCH","NO - Curated","99%","https://images.unsplash.com/photo-1576045057995-568f588f82fb?auto=format&fit=crop&w=800&q=80","Unsplash / Fresh Organic Spinach","https://www.google.com/search?q=Black%20Nightshade%20Leaves%20(Manathakkali%20Keerai)%20food&tbm=isch","=HYPERLINK(""https://www.google.com/search?q=Black%20Nightshade%20Leaves%20(Manathakkali%20Keerai)%20food&tbm=isch"", ""View Image"")"
"vallarai_keerai_gotu_kola","Gotu Kola / Vallarai Keerai","vegetables","CURATED_KEYWORD_MATCH","NO - Curated","99%","https://images.unsplash.com/photo-1576045057995-568f588f82fb?auto=format&fit=crop&w=800&q=80","Unsplash / Fresh Organic Spinach","https://www.google.com/search?q=Gotu%20Kola%20%2F%20Vallarai%20Keerai%20food&tbm=isch","=HYPERLINK(""https://www.google.com/search?q=Gotu%20Kola%20%2F%20Vallarai%20Keerai%20food&tbm=isch"", ""View Image"")"
"karuppu_kavuni_black_rice","Karuppu Kavuni Rice (Black Forbidden Rice)","grains","CURATED_KEYWORD_MATCH","NO - Curated","99%","https://images.unsplash.com/photo-1586201375761-83865001e8ac?auto=format&fit=crop&w=800&q=80","Unsplash / Antioxidant-Rich Black Forbidden Rice","https://www.google.com/search?q=Karuppu%20Kavuni%20Rice%20(Black%20Forbidden%20Rice)%20food&tbm=isch","=HYPERLINK(""https://www.google.com/search?q=Karuppu%20Kavuni%20Rice%20(Black%20Forbidden%20Rice)%20food&tbm=isch"", ""View Image"")"
"kodo_millet_varagu","Kodo Millet (Varagu)","millets","CURATED_KEYWORD_MATCH","NO - Curated","99%","https://images.unsplash.com/photo-1622542086073-346a41ce35fe?auto=format&fit=crop&w=800&q=80","Wikimedia / Ancient Organic Pearl Millets & Grains","https://www.google.com/search?q=Kodo%20Millet%20(Varagu)%20food&tbm=isch","=HYPERLINK(""https://www.google.com/search?q=Kodo%20Millet%20(Varagu)%20food&tbm=isch"", ""View Image"")"